date,XLK,XLF,XLE,XLY,XLP,XLV,XLI,XLB,XLU,SPY,COST
2000-12-31,-0.021727510728,-0.0110346999162,0.0609422388429,0.0156738297429,-0.0291037068855,0.000260170184167,0.0150945940315,-0.0265447979854,-0.030059065332,0,-0.00262283977289
2001-12-31,0.018017914759,-0.0233499853151,0.0208550099147,0.0125576209568,-0.0116165071061,-0.00144242390952,0.0106897416335,-0.0204787626818,-0.0158466702947,0,-0.00110746355936
2002-12-31,0.0474045384675,0.0162859050883,0.0140728777894,-0.0449392145517,-0.0341877105757,0.00039690317392,0.0284422746964,-0.000423571714482,0.0325357398755,0,-0.00193377836145
2003-12-31,0.017268791748,-0.0068418600822,0.00633237526156,0.0240334556962,-0.0142084133936,0.00882373815474,-0.0353878398159,0.00481183181015,0.0114291541004,0,-0.00471502898455
2004-12-31,-0.014877327641,-0.0285768411247,0.0300884074142,-0.00745477451166,-0.00916304115878,-0.00234118693608,0.00186521668147,0.0165567100787,0.00183988351376,0,-0.00334720497261
2005-12-31,-0.00868644708841,-0.00739033519376,0.0858295143628,0.00713334818473,-0.00315547769135,0.00870236927457,-0.00410049312491,-0.016651550036,0.0372959140093,0,-0.00254966552675
2006-12-31,-0.0289200973686,0.00416850453446,-0.00894297166379,-0.020934670778,-0.0106992143309,-0.002090982707,-0.0219359464685,-0.00108287149597,-0.0210794779616,0,-0.00407827405826
2007-12-31,-0.000254015936546,0.00784269139021,0.00116460920973,0.0137733097186,-0.00655059169224,-0.0185621438354,-0.019908938894,0.0426508208282,-0.01566131325,0,-0.00339941722844
2008-12-31,0.0418778841812,0.0633519739577,-0.0868075359196,0.0344047767102,-0.0363366072994,0.0254128194239,0.0581677318215,-0.0175007263709,-0.0292559799582,0,-0.00205400358377
2009-12-31,0.0182676898022,-0.0282497971359,-0.00997055932723,0.0222721595161,0.00741801496136,0.00249914741995,-0.0294037876213,-0.00446439728466,-0.0485416063835,0,-0.00194977018396
2010-12-31,-0.0310168624915,-0.00706834592124,-0.0253120877388,0.036280747081,-0.000360538752114,-0.00356721823267,0.0390249466162,-0.0198658674175,-0.00718160547149,0,-0.00290648712694
2011-12-31,0.00136754979554,0.0203119485568,-0.0226088038835,-0.00901445827213,0.010567300593,0.00492387151674,0.0334402754822,-0.0891438631125,0.00030155351249,0,-0.003301730615
2012-12-31,-0.0453171997965,-0.00364846147393,0.00200965242194,-0.0208964470263,0.0102641165324,0.0138626061397,-0.0167501706666,-0.0167534426519,0.0111492579494,0,-0.00375928963266
2013-12-31,-0.0304949528334,0.0454269366186,-0.0297008567492,0.080812919855,-0.02219445738,0.0914602100437,-0.0127284577412,-0.0307344699822,-0.0155410191385,0,-0.00154394676863
2014-12-31,0.00659571442286,-0.0171775699218,0.0163417428821,-0.0239228180103,-0.0178327120255,0.035149038118,-0.0121391876711,0.00431330957874,-0.0178357734866,0,-0.00169878710997
2015-12-31,-0.0153672831385,0.0014314150197,0.0253217064344,0.00683785236429,-0.00575523501134,0.0158578144087,0.00488055503291,0.00903882310009,-0.0111497519242,0,-0.00166254821096
2016-12-31,-0.00342415794265,-0.0268958056455,-0.0308804929485,-0.00515362650785,0.024550894254,-0.0229227427394,0.00784131562223,-0.0279693968745,0.0109117272426,0,-0.0036236175886
2017-12-31,0.0374280909794,0.0377791461291,-0.0280572871675,-0.0251602455556,-0.0139528856714,-0.0234707879802,0.0249972362116,-0.0138752265818,-0.0367640848682,0,-0.00274885644471
2018-12-31,-0.00175226861959,-0.00605751268066,0.0281266505181,-0.0456345514309,0.00829204419929,-0.0208373415857,-0.00266835476618,0.026618444654,-0.00782476489721,0,-0.00264394734308
2019-12-31,-0.0330909439893,-0.035438688097,-0.0139099442644,0.0832840039257,0.00110948498964,-0.0208276782996,-0.0318234721463,-0.0273152997934,0.0630933032972,0,-0.00254559384238
2020-12-31,0.0876628408286,-0.0135512842736,0.0279635001408,0.0559738806783,-0.0409390114116,0.0316347451579,-0.0217679507247,-0.0148784594992,-0.0439184116693,0,-0.00255240730411
2021-12-31,0.00673070549669,-0.00539439086215,0.00796928084523,0.00439734284748,-0.0223008141665,-0.0307392561492,0.00258122603995,0.000224544345892,-0.0230740838803,0,-0.00254345287635
2022-12-31,-0.0383456190055,-0.040720114048,0.126783331305,0.045696121366,0.0255863924904,0.00280345962022,0.00618945404019,0.012987012151,0.00752657887879,0,-0.00142468682645
2023-12-31,0.0316744589385,-0.0149075324888,-0.0483291605132,0.010632368761,0.0221776388011,-0.00942165226808,0.0262964133845,-0.0455121453573,-0.00485450955384,0,-0.00286169039864
2024-12-31,0.00345382993999,0.0240642510313,-0.00378842342287,-0.0387215307442,-0.0134632623817,-0.00165639082491,0.0376273242622,0.000146114557521,-0.0506459293383,0,-0.00245362666182
2025-12-31,0.0144921211437,0.0192899752473,-0.0109047900247,0.0113356989145,-0.00187807037488,-0.0178654385074,0.0190289675552,-0.0118068847575,0.0199446250291,0,-0.00255839785448
