execution_date,XLK,XLF,XLE,XLY,XLP,XLV,XLI,XLB,XLU
2000-01-03,-0.0152824963221,-0.00151800683313,0.00575172025596,0.00714615455619,-0.00122093053657,-0.000744925197744,-0.0142050607653,0.00949326931108,6.32206529685e-05
2000-02-01,0.0207155872098,0.0110812061066,-0.00356781440554,0.011024913023,0.012907570806,0.00774131288103,0.00597985169197,-0.0279239270872,0.0084789055027
2000-03-01,0.00615236847977,-0.0247815527893,0.0256918124435,-0.0210436545662,-0.0105524762882,-0.00893284020478,0.0334178379816,-0.0165214321892,-0.00772952696524
2000-04-03,-0.00850097576,0.00648377608142,-0.00349396573103,0.00224641550216,-0.00219085301166,0.000906075110419,0.00745878687644,0.00722256158634,-0.0065170310946
2000-05-01,-0.0170556643372,-0.00891504617509,0.0198792098872,0.00834804878794,-0.0067526612404,-0.00799356165397,0.00211914824469,0.00304306805467,-0.000548532297225
2000-06-01,0.0132147724801,0.00688749377086,0.00448302578827,0.00539179846859,-0.00620203048792,0.00142148696111,-0.00761465122365,0.00697367099975,0.0013580460542
2000-07-03,-0.015654937173,-0.00839792588275,-0.00579994113063,-0.00187418603924,0.000686703334341,-0.000941620313542,-0.00109045050938,0.00197798233472,-0.000866041725099
2000-08-01,0.0256041026001,-0.00847509315883,0.0221870871114,0.00401527834778,0.00552794162173,0.00567361232808,-0.0111591923093,-0.00131335047474,-0.00319214475561
2000-09-01,-0.0413750381427,0.0118660997589,-0.00298622435439,0.00376348126647,-0.00538620164042,-0.00507148972703,0.00527313887246,0.0122280645256,-0.0139182926003
2000-10-02,-0.015237157544,-0.00590382841231,-0.00353066208216,-0.00127548667739,-0.0077973109392,-0.0010026422292,-0.00378788538291,-0.0116393224095,-0.00507967869521
2000-11-01,0.0198817660625,-0.011644845701,-0.0137173746095,0.00350279054759,-0.00227682516702,0.0101116512171,0.00294152669988,-0.0016821139768,-0.00306791125944
2000-12-01,0.0180006508486,0.0135414742197,0.0179222869155,-0.00745758445653,-0.00422509265298,0.00351707597287,0.00171278049949,-0.00915859506595,-0.002103593562
2001-01-02,-0.0293030947843,0.0061860279753,0.0051625922519,-0.0129744843796,-0.0116481320941,-0.0147466747816,-0.00409558562911,0.000211620983495,-0.00671349467835
2001-02-01,0.025274194897,-0.0150059130339,-0.00133105706176,0.00946373868593,-0.00266238092704,0.00394015461613,0.00602933257854,-0.000954199717462,-0.000560746892112
2001-03-01,0.0177469254886,-0.00591768648859,0.00650266529145,-0.000226280155663,-0.0162405027674,0.00803446657894,0.010643507386,0.00508348371504,-5.34961257581e-05
2001-04-02,-0.0243343618198,0.00891880402308,-0.0129808655673,-0.0063857007996,0.00993122862026,-0.0115767514403,-0.0147307017357,-0.0125608919295,0.0121765904774
2001-05-01,0.00527316047944,0.00745289222805,0.000825509350131,-0.00100637324734,0.00375019691623,-0.00212724435937,-0.0032700755803,-0.00392736736477,-0.00241613022814
2001-06-01,-0.000197747185633,0.00151847295255,0.00993949111719,-0.000600493032838,0.00412071523756,0.00014044362982,0.00504110463039,-0.00721253711845,-0.00873044474829
2001-07-02,0.00485495484943,-0.00386483092334,0.00139489289613,-0.00369835818805,-0.000804219665986,0.00309881699185,0.00121264622943,-0.00388817175487,-7.1119382092e-05
2001-08-01,0.0181607853687,-0.0164404781981,0.00368018361302,0.00908284840702,-0.000665282989132,0.00599148627089,0.00540238092914,0.000101476431948,-0.00818307094889
2001-09-04,0.0173672983499,0.00611836263173,0.0126750907055,-0.0292636778344,-0.000662868249573,0.0174583194845,0.0162354476291,-0.0257087420898,-0.00253112944899
2001-10-01,-0.0180701536447,-0.000541767121446,-0.00789902678592,0.0162672717128,0.00184673601898,-0.00428829571368,-0.00535186081098,0.0102687346264,0.0058736558434
2001-11-01,-0.0105628708661,-0.00368425514039,0.00639692319828,0.0213831071012,0.00444790669882,-0.0112734136951,-0.00759119001792,0.0168735097141,0.00210697857025
2001-12-03,-0.00188321216863,-0.00362924361703,-0.00393079132561,0.014280294091,-0.00505043476341,-0.00357245156222,-0.00604832877842,0.00036410535407,-0.00498515254607
2002-01-02,0.00587172354418,0.00249553563389,0.00255761117861,0.00425993570362,0.000263379199102,-0.00392445148577,0.00782190158421,0.00247147092629,0.00527612731147
2002-02-01,0.00767765423004,-0.000951937530612,-0.00480663832947,0.00562396103414,0.00880088193546,-0.00753225530356,-0.00634301343827,0.016294928528,-0.00192845062061
2002-03-01,-0.00112705182745,0.01107028179,-0.00896004812183,-0.00343084588386,0.000528012513158,-0.00320782911264,-0.000365837785602,0.00227055237266,-0.00228162635287
2002-04-01,0.015315188685,0.00188604759748,0.00408692781807,-0.000904466223976,-0.00477710237003,-0.00234954712142,0.00730408865383,-0.00904706035599,0.00466118704991
2002-05-01,0.0068819532568,0.00325325953701,0.00602754648023,-0.00817438519308,-0.0105487738532,0.00233797981719,0.00406183998283,0.00707335181935,0.00444940171481
2002-06-03,0.0161148987581,0.00485796994089,0.00165024143525,-0.0125065593651,-0.015939178369,0.0105513305026,0.00513795939274,-0.00166162854094,0.00723581927515
2002-07-01,0.0107076838405,0.00965792333373,0.0201670210899,-0.0266099457525,-0.0135489833707,0.00163398027887,0.00628928458333,-0.0252590855469,0.0157660607621
2002-08-01,0.00154221069328,0.000741387943762,-0.00397570818456,0.00549631973238,0.000526619682006,-0.00102051368238,0.0031313031905,-0.00630874666928,-0.00288961040253
2002-09-03,0.00847731450221,0.00330375596067,0.000258113355197,-0.00648120396011,0.00258260398133,0.00206182340164,0.00484805967921,-0.0106094406796,0.0090804258299
2002-10-01,-0.0243250987142,-0.00685749069173,-0.0014761342254,0.0120172601917,-0.00239882759841,0.00815173944696,-0.0020727509534,0.00366623251504,0.0037486162726
2002-11-01,-0.0142543693462,-0.00252518151116,-0.00195902256908,0.00850517173569,0.00528337309781,0.00253922827784,-0.00503345139671,0.0169867278103,-0.000969918312048
2002-12-02,0.00976928781672,-0.00439885494154,-0.00201205311862,-0.0127684480544,-0.00335317563335,-0.000549977708099,0.0023234127086,0.000246583846426,-0.00807358549296
2003-01-02,0.00726495329906,-0.010039033504,0.0041910538245,0.00722827585703,0.00541339049777,-0.0074971004081,0.00773357086607,-0.015935407337,0.00476195685551
2003-02-03,0.00236242613977,0.00484866269404,0.00557087120487,0.00257702554543,0.00465595671503,-0.00514446484228,0.00311005607268,-0.00728980602322,0.00556739927704
2003-03-03,-0.00155726502771,0.00625276852612,-0.00182574699182,-0.00574940880026,-0.000551325457068,0.0122869098614,-0.00322770093011,0.00467066979937,-0.00566178960762
2003-04-01,-0.00990551387477,-0.0106887623649,-0.00488601363796,-0.0104347965068,-0.00354160591627,0.00483977181721,-0.0085120877524,0.0157875994568,-0.00713555972919
2003-05-01,-0.0077552293651,-0.00675416022978,0.0236811988634,-0.00808158497941,-0.00535188976208,0.00216764018289,-0.00590351552716,0.010720370336,-0.0139734105068
2003-06-02,-0.00296561838609,0.00157280967026,0.00209706448427,0.00063864483718,-0.00223221956897,0.0129165465084,-0.00144736641673,0.000340240051929,0.000213231830364
2003-07-01,0.00256760261029,0.00250489444302,0.00411521176448,-0.00217862670808,0.00218617244403,-0.0078368906925,-0.00252524905487,-0.00779064926686,0.00718146271803
2003-08-01,0.0168792326124,-0.002875088856,-0.00816286372853,0.0148363417133,-0.00429286738806,0.000820149884317,-0.0069232415617,-0.00562327903943,0.00962412546867
2003-09-02,-0.00188733287781,-0.00180174376372,0.00141855447681,-0.00773200539079,-0.00032609117768,-0.000605436016182,0.00248690545754,-0.00891885410606,-0.00356002418514
2003-10-01,0.0166547691293,-0.00601411230377,0.00122949981172,0.0155258407674,-0.00397401777593,0.00153067146151,-0.00514615508869,0.0176174976052,-0.00116527078754
2003-11-03,0.000221353467992,0.00032366170865,-0.00271674017326,-0.00120930571795,-0.000103742639827,-0.00453678028334,-0.00330883330042,0.0113151381532,0
2003-12-01,-0.00290041148381,0.00712219092674,-0.0132311812839,0.00475071734563,-0.000834800348633,-0.00483772939396,-0.00556372191439,-0.0067781761197,0.0133116479666
2004-01-02,0.0083550626874,-0.00446981601444,-0.00318729550524,0,-0.00180712299679,-0.00426504697249,-0.000997224830973,-0.00978923273581,-0.00190989290529
2004-02-02,-0.00303271682012,-0.0033082096057,-0.00741261246395,0.00690429963858,-0.00716359076602,-7.08337978779e-05,4.11744339844e-05,0.0165421452341,-0.00333295382322
2004-03-01,-0.00625527539463,0.000907008246685,0.00403262509252,0.00088787649793,0.00194439224892,0.00419241902853,-0.0026175434949,-0.00707237428168,-0.000953440999157
2004-04-01,-0.00949108715429,-0.0104714905941,-0.00586207353333,0.00118462718243,-0.00258403423793,-0.00412887024834,-0.000585690253994,-0.011145027911,0.00432783505585
2004-05-03,0.00581201682161,-0.000706383849053,-0.00269308589388,-3.52039612192e-05,0.00128650025175,0.00120850505106,-0.00145647539693,0.00497783816106,-0.000426608805709
2004-06-01,-0.00172128830921,-0.000138351642245,0.0109454686487,0.000276727835405,0.000503241594398,0.00253725467043,0.0101767370961,0.00750505007914,-0.000734618047119
2004-07-01,0.00453847379874,0.000939665628628,0.00627469251245,0.00293329100713,0.0033536854973,0.00457286527306,-0.00188923728306,0.00025349984551,-0.00388038624825
2004-08-02,0.00438971649858,-0.00248763961072,0.000685718227521,0.00050812165207,-0.000851992002303,-0.00238459821252,-0.00079384180736,0.00329161248428,-0.00329220565466
2004-09-01,-0.0052231871207,-0.00126208587056,0.0209251358153,-0.00425309777852,0.00182759783111,0.00136713675595,0.00789386449546,-0.00461635097349,0.00391672489035
2004-10-01,-0.00294784581971,0.00092145316063,-0.00313609017638,-0.00351732048122,0.000660156513612,0.00447347484326,-0.000154277253852,-0.00304857138544,-0.00541257297337
2004-11-01,-0.00712392356786,-0.00534265045718,0.0106881148979,-0.00600044299996,-0.00454665524756,-0.00513918869591,-0.00857672101933,0.0200096979965,0.00604224599928
2004-12-01,0.000335377619632,-0.00195386063603,-0.00912270425337,-0.00264980430209,-0.00262712937846,-0.00286182161982,-0.000177624945796,0.000660969755999,0.00484310558124
2005-01-03,0.00472473281928,0.000840074741591,0.0203926606975,0.00396150931295,-0.00134796725641,0.00115428775468,-0.00367973623184,0.00139691461996,0.00887913586197
2005-02-01,-0.000831646593998,0.000846467998407,0.0279887957136,-0.000558726459137,-0.000713458303886,-0.00316060653312,-0.00132059239293,0.0158292264362,0.00388089080222
2005-03-01,0.00440262246576,0.00671609933898,0.00556219289641,0.00337789110041,0.00290782116686,0.00244771901163,-0.00293216687919,0.00341442002223,0.00260915721574
2005-04-01,0.00309433510395,-0.00202375581652,-0.0134053265765,0.00570748507519,-0.000730971906651,-0.00536786406482,0.00243307531694,-0.0135240429207,0.00668564644842
2005-05-02,-0.00901863592947,-0.00389728640335,0.00640614980683,-0.00676420677767,-0.0025175064952,-0.00121749474157,-0.00331677582465,7.87544335052e-05,0.00213876535509
2005-06-01,0.00223540110026,-0.000621790692121,0.0162835563318,0.000677946002673,0.0025088959248,0.00101148056264,0.00295195615637,-0.00784418899207,0.0123471425029
2005-07-01,-0.00606466083378,-0.00161964679918,0.0130085710085,-0.0060526602573,-0.00257947233415,-0.00322686066448,0.0075381223029,-0.00565391295455,0
2005-08-01,0.0013717057935,0.00155919773857,0.0178332508996,0.00474591037439,0.00152205949903,-0.00181182091713,0.0029891895945,0.00382064369554,0.00795398152089
2005-09-01,0.000747917523808,-0.000419971070816,0.00736897067076,0.00238592393452,-0.00157293661549,0.000544950134048,-0.00164189168532,-8.33237859438e-05,0.0083945992679
2005-10-03,-0.00521743624509,-0.00324466305296,-0.0183074037704,0.00188609606197,0.0010035382368,0.00382406745829,0.00126007136098,-0.00105471308364,-0.0206004555342
2005-11-01,-0.0090501668218,-0.00634188468289,0.00904809384208,-0.0056863606645,-0.00241128889282,0.00564719271233,-0.00813467278611,-0.010448075726,0.0049736041752
2005-12-01,0.00294406026406,-0.00128289467717,0.00746806766359,0.00103378182556,-8.53206447984e-05,0.00819362337481,-3.51771125907e-05,-0.00335700424146,0.00539492318701
2006-01-03,-0.00218984043339,-0.0018632642355,0.0151379421561,-0.00114479509767,0.000237032510084,-0.000761317698807,-0.000526874135222,-0.00327003093351,0.00166670908104
2006-02-01,-0.00178966633257,-0.00302739761066,-0.0120802350463,-0.00126641851076,-0.00109263360147,0.00137459859426,-0.00339134521397,0.00101227227178,0.00165419424637
2006-03-01,-0.000956080354841,-0.000170380802891,0.00681349386118,0.000570368279532,-0.000867667007243,0.00158906590918,-0.00440190142765,-0.0048282026799,-0.00942937610335
2006-04-03,0.00299359497492,0.00565775640211,0.0137314629782,-0.00119264325977,-0.000656905211922,0.00431092073144,-0.00229297218069,-0.00329089646186,0.00115178485584
2006-05-01,-0.00912665166382,0.00122971698661,-0.00910617006296,-0.000458842930096,-0.000886253137721,-0.000180805597711,0.00105913848218,-0.00804006532468,-0.00401043991088
2006-06-01,0.00160414240911,-0.0010011278171,0.00746947563514,0.00172525673894,-0.00208362046162,0.00129697487231,0.000885586717829,0.00135723203123,-0.00267273074485
2006-07-03,0.0052083104378,-0.000882871750216,0.00526871435413,0.0048511443681,-0.000548068785726,-0.0058305626145,-0.0146707226413,-0.0125205158592,-0.0054789829716
2006-08-01,-0.0100182404282,-0.00181931759465,-0.00840131468183,-0.00420400346361,-0.00549873401519,-0.00376292113223,0.00553977880766,0.0111654052192,-0.00175128560284
2006-09-01,-0.00315572425485,0.00806693931338,-0.0136833845552,-0.00638540477027,0.00140170291267,-0.000480912972508,-0.00376888923016,-0.00209891422849,0.000905775639499
2006-10-02,-0.00473139369441,0.0043106242172,-0.00487844432381,-0.0059948290928,0.00370209750237,-0.000202035037902,-0.00222620945749,0.0110759619944,-0.00574373665257
2006-11-01,-0.00268381907182,0.0016409883616,-0.0111997994354,-0.00213676719942,0.0004334373327,-0.000571348383996,0.00527701927959,0.00961548235498,-0.00219074559366
2006-12-01,-0.000684765499893,-0.00543234033153,-0.014532852378,-0.00303440978649,-0.00388809140769,-0.00129632302204,-0.00189263391688,0.00171889245645,0.00263009933894
2007-01-03,-0.00142873232343,-0.00120378469559,0.00675553374314,-0.00311531597788,-0.00194417154392,-0.00431176821789,-0.00258617569201,0.0133551982492,0.000482712230684
2007-02-01,0.00263316673964,-0.0083958948815,0.00301121108317,-0.00864196417271,0.00186918843292,0.0039591484338,0.00237328503805,-0.00112052496955,0.0105390695992
2007-03-01,-0.00178206910553,-0.00285510482324,-0.00852078170768,0.000988462139712,-0.00233446230886,-0.00131272597416,-0.00128203357233,0.00616906830638,-0.00638044640204
2007-04-02,-0.00521425097987,-0.00560275557864,-0.00507458138268,0.00512447428285,-0.00237021478562,-0.00775111020079,-0.00567879615658,0.00245359886873,0.00732542342505
2007-05-01,-0.00502573305262,-0.00281672353407,-0.00919957799758,-0.00367154365104,0.00496735847188,-0.00178074984175,-0.00549169133155,0.0173917290961,-0.00201124571331
2007-06-01,-0.00081494741041,0.00388831912951,-0.00240839164325,0.00198412998776,0.0018398629033,-0.00645775915093,-0.000399679692446,-0.000721229363902,-0.00631403771422
2007-07-02,-0.000172090526341,0.00980481875165,0.0021997674409,0.00699707536088,0.00244472570989,0.00516286707621,-0.00107381838371,-0.00810032442965,-0.0071398531144
2007-08-01,0.00551245566803,-0.0024713566027,-0.00368112012881,-0.000689699919964,-0.00216644339231,-0.00275639856112,-0.000559787150128,0.000280070323546,-0.00140099488041
2007-09-04,-0.0036748994674,-0.00398157965607,0.0162532626875,-0.000308293743261,-0.00353649218509,-0.00421118756608,0.0124598703012,0.0190129233166,-0.00359905840122
2007-10-01,-0.00338310796188,0.00943661965912,-0.00481830271273,0.00473511288978,0.000199140346744,0.00117647822204,-0.00934603620632,-0.00290077383754,-0.00341540426865
2007-11-01,0.00787150993294,0.00434031043933,-0.00208931987122,0.00388827794687,-0.00490722537222,-0.00228424145589,-0.00479470748373,-0.00472383299943,-0.00419540341141
2007-12-03,0.00119565884124,0.00770233741898,0.0179425233389,0.00657521257019,0.00207990005807,0.00359515849249,0.000870881697452,0.00135560331054,0.00190359016626
2008-01-02,0.0105071310905,-0.00517159244334,-0.0227813154584,-0.00231193752879,0.00360059835092,0.00343445712637,0.00190427401717,-0.00204456078794,-0.00976745614576
2008-02-01,0.007094130005,0.015723238628,0.0175971733397,0.00547609937842,0.000283189297772,0.00351118564764,0.00314108607477,0.00342116489012,-0.0113763010652
2008-03-03,-0.00459820321512,-0.00590730239969,-0.00384635885951,-0.00317262001791,-0.00385563742558,0.00331483097746,0.00990818467298,0.00015756113008,-0.00297080440156
2008-04-01,-0.00843577556479,-0.00375660886923,0.0132832820096,-0.00401521075527,-0.000394105696588,-0.00129814439711,-0.00145239489067,0.00300218237623,-0.00408247433859
2008-05-01,-0.000851314883979,0.0126372877375,0.0182036156157,0.00424268574127,0.000710561308843,0.00117908099223,0.000688127451301,0.0114257929995,-0.00181740268034
2008-06-02,0.00967092635431,0.0177209684142,0.00661368404841,0.0130875150244,-0.0110476311237,0.00342550656585,0.012582013387,-0.0152057088056,-0.000550738222537
2008-07-01,0.00317461743544,-0.00716316655273,-0.0361658637688,-0.00051365494071,0.00523972288835,-0.00410582219161,-0.000849910534475,-0.00710717812258,0.0106466627697
2008-08-01,-0.00261442298188,-0.000462326584134,-0.0114711817092,-0.0112094362147,-0.00446880254388,-0.00294331373764,-0.00317919812607,-0.00504415473853,0.00126157635102
2008-09-02,0.0141592371287,0.00435778279237,-0.0254798589998,0.0110813716386,-0.00359892439738,0.00738130966719,0.0157557123975,-0.0327201306113,0.011401573205
2008-10-01,0.0170592555248,0.0271461362619,-0.0444372770387,0.0222222088667,-0.0264587546185,0.0126721832496,0.0196577758346,0.023845754792,-0.0260570228229
2008-11-03,0.0166833815068,0.0360649161843,-0.0217716078238,0.0180207376346,-0.0158794827352,-0.0262023353581,0.0158922721319,0.0198535696756,0.00414617969695
2008-12-01,-0.0151202143345,-0.0242129269106,0.0271046126436,-0.0244926754313,0.0163856320517,0.0339825218532,-0.0173184478004,-0.0139835822093,-0.00776596422647
2009-01-02,0.00750468876488,0.0300157232304,0.00881796654854,0.0174147152098,-0.0206525890415,-0.00566017978502,0.0189456318927,0.0132465925794,-0.00426346626023
2009-02-02,0.00842090455741,0.0254930292288,0.0193728132961,0.0129726801541,-0.0201376256092,-0.0371211086003,0.022950466459,0.0143438326959,-0.0350033804565
2009-03-02,-0.0190369830862,-0.0316927581892,-0.0159229364029,-0.0213912097723,0.0179948715416,0.0238498318402,-0.0211493817381,-0.0289938192725,0.01252181615
2009-04-01,-0.00982424503725,-0.019499609616,-0.00999384510982,-0.0176023122921,0.00652370949568,-0.00055105272461,-0.018636485743,-0.0150534635734,0.00762402249486
2009-05-01,0.0085178137832,-0.0178403246282,-0.0148587110387,-0.00503306019177,0.0149892814565,0.0171223057736,-0.00772732701509,-0.00980268113185,-0.00460693061866
2009-06-01,-0.00136374505748,0.00376419606812,0.0108752675275,-0.00826126223101,-0.000198282679813,0.00438090618828,0.00629309200388,0.00794618353639,-0.00378851814369
2009-07-01,-0.0102058988972,-0.0136550471635,-0.00884911372606,0.0244894600804,0.0111206348113,0.0139837232396,-0.0118417807371,-0.0184325723447,-0.00385452305321
2009-08-03,-0.00400593014844,-0.00474763245503,0.0035096662671,0.000430860952881,0.000361967664199,0.000951125775399,-0.000910768667736,0.00449606311074,0.000874354338088
2009-09-01,0.00810343778012,-0.0033090945375,-0.00484416768732,-0.00548119032557,0.00741168894341,0.00176967536728,-0.0054928583887,-0.00354675219093,-0.000488990035308
2009-10-01,0.00526747194951,0.000855905317909,-0.00714648615035,0.00173678044267,-0.00374337351629,-0.000550535565776,0.000432653443055,0.000485870990484,0.00188848233868
2009-11-02,0.0146862054745,-0.0039206430467,-0.00393687735078,0.0163301518893,-0.0045586043556,-0.0119427844367,-0.0103378810594,0.0265015187766,-0.00776295067815
2009-12-01,0.0126049836888,-0.000564501512038,-0.00301094556421,0.00836268828403,0.000930649016192,-0.00200940928441,-0.00216182840767,0.00723142196484,-0.0041372855854
2010-01-04,-0.0197680061179,0.00204221226755,0.00474214041814,-0.00533343444601,0.00112488692919,0.000527295727762,0.0020794374171,-0.0175060466616,0.00486205141345
2010-02-01,0.00807128073751,0.00462314558219,-0.000710472966158,-0.00652707130248,-0.00345117667868,-0.000847626222732,-0.00571747796368,0.0045381096532,0.000598181553866
2010-03-01,-0.00588393642689,0.0210847760412,-0.00408869681975,0.0152909392618,-0.00411909919502,-0.00251723957319,0.0177028301728,-0.00905027547304,-0.002923206273
2010-04-01,-0.00313190744039,0.00538979421438,-0.00389094804174,0.0164633933613,0.00126487679559,0.00440179672349,0.0125812423409,0.00173859119936,-0.00280828077413
2010-05-03,0.0106846951952,-0.0283344632279,0.0184482354029,-0.0227727680128,0.00599735156102,0.00888028738866,-0.0286306751376,0.0137703347974,0.00987497461178
2010-06-01,-0.0107649108448,0.00511284095501,0.00176859413704,-0.0168363019725,0.00235263751926,0.00174312352305,-0.0111760573624,0.00532156818952,-0.00133190342126
2010-07-01,-0.0112642379447,0.0227419638854,-0.0139618075704,0.0207317639613,-0.00756680312341,-0.00457004988025,0.0287628569287,-0.0183544296988,-0.0113362864913
2010-08-02,0.00575912788768,-0.0147360510647,0.00520456797458,-0.00609024187276,0.00138431614955,0.00137413429635,-0.0113664267543,0.00304229121049,-0.00172040846384
2010-09-01,-0.0099133525352,-0.00357147169118,-0.00828713392961,0.0165619598165,0.00972327376183,-0.00733064801402,0.0163733209505,-0.00665864467886,-0.00138940515267
2010-10-01,-0.00646502094652,-0.000459698652563,-0.00488960491578,0.0115594803676,-0.00286428118696,-0.00247799657622,0.00617477084783,-0.00525276786406,-0.000986037479437
2010-11-01,-0.000410321311619,-0.00144997166006,-0.0098540888886,0.0109248536759,-0.000504153072734,0.00114064209556,0.00877014564364,0.00875348536253,0.00102590017003
2010-12-01,0.0100079403589,-0.0121213447804,-0.00773640445055,0.00694138053295,-0.00319021828451,-0.00397948771816,0.0122865410092,-0.00886679309316,-0.00266704739211
2011-01-03,-0.00418796254155,-0.0029992588556,0.0180337161877,-0.00135033511232,0.000984314264916,-0.00160773803634,0.0103138555839,-0.00215219553016,-0.00194069106349
2011-02-01,0.00159753891845,0.00165934896355,-0.00408034987159,0.00614325728543,-0.00152783567349,-0.000551239635708,-0.00320480087341,-0.00551756205642,0.000866923818664
2011-03-01,-0.000204281468617,-0.000561049409881,0.00919593572863,-0.00221784993598,-0.00283011195547,-0.00350246376166,0.0118217103332,0.0104654652285,-0.00226038081121
2011-04-01,-0.00269131590099,0.00147881917214,-0.00161116339026,0.00785989543795,-0.00550564419395,-0.00774575409952,0.00386167239691,-0.00113408116769,-0.00363219437569
2011-05-02,0.0030447485722,0.00681243850723,-0.0115856082725,0.00319492039385,-0.00147862486696,-3.11611550606e-05,-0.0128823812867,-0.0113356428585,-0.00117244167718
2011-06-01,-0.00134918202853,-0.00272971183289,0.00316044955762,-0.00462450375172,0.00100510037393,-0.00164204613472,0.0103660501441,0.00832252645561,-0.00233811819831
2011-07-01,0.00140381277018,0.00625573471401,0.000818057819687,-0.00855948225559,0.00264801285768,0.00747753382558,0.0101116408271,-0.0103475817952,0.00200050609472
2011-08-01,0.00697943816623,0.0125800267586,-0.0239280805979,-0.0131283216106,-0.000217002932916,0.00119261781831,0.00835108258796,-0.0177167679386,-0.00133582347474
2011-09-01,0.00465331629132,0.0149182655389,-0.0371176973842,-0.0188869998988,0.00484110610665,0.00768347703391,0.0115435530928,-0.0393846355556,0.00169930609438
2011-10-03,-0.0106921539863,-0.0155634411357,0.0430133305394,0.0285000869343,0.00965525826606,-0.00795716968138,-0.0156885188777,-0.0194726768683,-0.00440121592338
2011-11-01,-0.00206491064965,0.00103679046362,-0.00497411358301,-0.00171705092892,0.00983599595336,0.00681796000785,-0.00469680345925,-0.00255162270016,0.0064476759299
2011-12-01,-0.000702782762735,-0.00597802498695,0.00274548183419,-0.00231678994759,-0.00315178988197,0.00921544639004,-0.00309556408834,-0.00119742348379,0.00396110140835
2012-01-03,-0.00641443238215,-0.00782941616868,0.000125150656905,-0.00595797317141,-0.00136929140983,0.00638722741322,-0.00682969536336,-0.0100688256011,-0.00339570478757
2012-02-01,-0.0074073986592,-0.00497979365738,-0.00724876501345,-0.00560111903189,0.0063374851804,0.00135233272263,-0.00227620786797,0.000503088426807,0.00114944633209
2012-03-01,-0.0055627268444,-0.00782562149089,0.00421835246366,-0.00459038403525,0.00905389171098,0.00953465173106,-0.00141443747628,-0.000751300324099,0.00359454633554
2012-04-02,-0.00408278208336,0.00230314217442,0.000291368091771,-0.00172036558917,-0.000517524565571,0.00026499730005,0.00159314345636,0.00177827433311,0.00391188007372
2012-05-01,-0.0202020868515,0.014966875709,0.0157148518379,-0.0201844130113,-0.00719767033344,0.00631546818086,0.0102071824542,0.0114152759169,0.000403014784687
2012-06-01,0.0147237136795,-0.0107966758166,-0.00838297164594,0.0123794716832,-0.00687170399589,-0.00884105951094,-0.00599010553854,-0.00738595191306,0.0115522846883
2012-07-02,0.00207683875988,0.00105606548928,-0.00600732774526,0.00139177939246,0.00305024189472,-0.000815887698833,-0.000659895134172,0.000822817086145,0.00244790052834
2012-08-01,-0.00506785044044,-0.00434094010132,-0.00157166406414,-0.0053300855488,0.00137906874504,0.00295066083283,-0.00128070691479,-0.00108402912872,-0.00673223257421
2012-09-04,0.00289392311312,-0.00414153521379,-0.00493166300577,0.00725351209147,0.00401543126071,-0.00468361023973,-0.00295698448049,-0.00607298521336,-0.000344772572567
2012-10-01,-0.010258615859,0.00624377163423,0.00233365675397,-0.000760389206939,0.00200280062512,-0,-0.00133217446725,0.000571813369592,-0.000889633651857
2012-11-01,-0.00189353121407,0.00276051968579,0.00242981060318,0.00324269656166,-0.00153753528602,-0.00115619301842,0.00122658681222,0.00214781030294,0.00429105688646
2012-12-03,-0.00340514236333,0.0180568344511,-0.0042481613191,0.00686534335868,-0.000933677756951,0.00409371715043,-0.00715335726431,-0.00863766260889,-0.00272670224964
2013-01-02,0.00029819925309,0.00974771671397,-0.0077169245734,0.00913102640215,-0.00425205153388,0.014097181632,-0.00475250861288,-0.00294529648115,-0.0034995285639
2013-02-01,0.000186849624945,0.000378592590182,0.000398512716734,0.00277679528666,-0.00313868259352,0.0027231784894,-0.00118059089363,0.00278480236519,-0.00248393575372
2013-03-01,-0.00192031660074,0.00681658479441,-0.00244921724689,0.00743241567996,-0.00501890007158,0.0126358940595,-0.00143709754975,-0.00141370367044,-0.0054779277738
2013-04-01,-0.0016997576453,-0.00226878410879,0.00294799690056,0.00726652487715,0.00642912527601,0.00366591682213,0.000915804940708,-2.8599772208e-05,-0.00572504045737
2013-05-01,-0.00469483833938,0.0164653686859,-0.00609993652136,-0.00419329793536,-0.00222769031738,0.00730777088828,-0.00768627056038,-0.00471901614304,0.00883042002862
2013-06-03,0.00319414959868,-0.00303628021087,0.00279151816746,0.00237295780999,0.000738695600529,-0.00190138893776,0.00114296332895,0.00448474883083,0.000640759637295
2013-07-01,-0.0047696753883,0.0149210780427,-0.00690393743048,0.0136957178513,-0.00492159889798,0.0167574492721,-0.00737816727654,-0.00636642726536,-0.00726588136048
2013-08-01,0.0022173550906,-0.0130216668473,0.00210923673205,-0.00810898095184,0.00599092532963,-0.00779126308951,0.00389482252388,0.000299637431799,0.00763380675472
2013-09-03,-0.0036993759926,0.00599856573969,-0.00224069499699,0.0122773797907,-0.00228873907588,0.00852878505555,-0.0065060254667,-0.00472995543176,-0.00292017284834
2013-10-01,-0.00460666971897,0.00631754265817,-0.00351551171841,0.00887154968817,-0.00685424549708,0.00819832235361,-0.00540093412611,-0.00389767981718,-0.00468403241738
2013-11-01,-0.00303694992349,-0.00458019770541,-0.000542091800919,0.00604844832125,-0.000705747835884,0.00903616260191,0.0055363064866,-0.00142486919294,0.00338510301665
2013-12-02,-0.00316322813658,-0.0019263667131,-0.00148545679941,0.00509367950076,1.89722158824e-05,0.000309743431591,0.00709500340244,-0.00479483107025,0.000233975347325
2014-01-02,0.00408152798254,0.0061841790304,0.00682584370763,-0.017872655829,0.00672691108047,-0.0010884107404,-0.0124629808051,0.00688233741567,-0.00416037347141
2014-02-03,-0.00609495803439,-0.00541211250069,-0.0070555364193,0.0183095422042,-0.00624097858349,0.0167700550018,0.0140257911352,-0.01023014515,-0.00360916193153
2014-03-03,-0.00302259044694,-0.0048146503905,-0.00375163168471,-0.00128720245194,-0.00287109410079,0.000239630155296,0.00524121717192,-0.00179759688468,-0.00405892517984
2014-04-01,0.000876051241271,0.00188658597938,-0.00488648720049,-0.00518125678129,-0.00312733979595,-0.00230303972989,0.00084340772401,0.000397348199741,-0.00599144863007
2014-05-01,-0.00386708393951,-0.00176767210005,-0.00197203532223,-0.00313794771317,-0.00183511590838,0.00618024833894,0.00579702600165,0.00896015462886,0.0016901303199
2014-06-02,-0.00340931384162,-0.00308504956091,-0.00634412276216,-0.00297686107581,-0.000238898299596,0.00728005511275,0.0014663372532,0.00321510681556,-0.00380869836097
2014-07-01,-0.00014337105019,0.00320514175391,0.00478129467994,0.00296515836893,0.0031057353884,-0.0023087291714,-0.0106636298034,-0.00477851988881,0.00611083504886
2014-08-01,0.00859334753892,-0.006150599317,0.00380229794233,-0.00558521262173,-0.004294121301,-0.0052310802162,-0.00519290805128,0.00762194391223,-0.00397113541849
2014-09-02,-0.00463830202555,0.00220517510803,0.00941775188251,0.00472148972828,8.86944320023e-05,-0.00126925222215,0.0036982517824,-0.00756969352145,0.000462339160404
2014-10-01,0.00809011022111,-0.00504830720214,0.00341709412165,-0.00388378231018,-0.00510570863339,0.0144422226168,-0.00637057100077,-0.00165222307363,-0.0090295820603
2014-11-03,0.00709627299453,-0.00139295877408,0.00767082726679,-0.00476426036114,-0.00495248360005,0.00689599985586,-0.00209562861172,0.00272810089956,-0.000776811369624
2014-12-01,-0.00277877041949,-0.00287218872504,0.000105371046646,-0.00141888257979,0.000640439343509,-0.0017792311794,-0.00128021815634,-0.000700450567911,0.0085478260708
2015-01-02,-0.0051691884932,0.0060655126112,0.0023331387216,0.00156662932948,-0.000551560642797,0.00333522511676,0.00222180440023,0.00121043250655,0.0051059107053
2015-02-02,-0.0085999723804,-0.00546529721135,-0.000870494167632,-0.00984923624674,0.00690582227395,0.0103040128757,-0.00529674475436,-0.00856649313609,-0.0190948175445
2015-03-02,0.00481139251592,0.00158570718095,0.000542341413989,0.00232398739367,-0.00444060797518,-0.00280261632248,0.00452989882282,0.00584171860811,0.00230515642079
2015-04-01,0.00923693918809,-0.00115305855851,-0.0076070387418,0.00393968610182,-2.27299578155e-05,0.0028176014621,-0.00186522211812,-0.00529210443378,-0
2015-05-01,0.00201086244345,-0.00127820603229,0.00627489205889,0.000494792121705,4.54859971234e-05,0.00782746587945,0.000532588223544,0.00134417654209,-0.000224890344351
2015-06-01,-0.00829046407351,-0.00107502150647,0.00496949973265,0.00312425304193,0.000640438966145,0.000617224149557,0.00289417981092,0.00383528794598,0.0061605392118
2015-07-01,0.00357224719933,-0.00193046080506,0.00940401210425,0.00746967657989,-0.00500127812234,0.00396031892538,0.000756746471923,0.00701011187719,-0.0066863045727
2015-08-03,0.00894662943425,0.0110758172853,0.00626551857607,-0.0190952249531,-0.0178200782215,-0.0229103429844,0.00829830257168,0.00865201401436,0.00731186874505
2015-09-01,-0.00216338126358,-0.000543317033751,0.00401813927571,0.00611784090642,0.0055359730164,-0.00484829286631,-0.000264676601243,0.00382024543323,-0.00504031560453
2015-10-01,-0.0127081072655,-0.00852815153508,-0.0150395057913,0.0193973062625,0.0140803263705,0.0197973976455,-0.0114280785754,-0.0142845849919,-0.00264917339538
2015-11-02,-0.000782110862743,-0.00191179912169,0.00169172492004,0.000737740309126,-0.00150575019186,-0.00167755450087,-0.000202381045205,-0.0011949581989,0.00162350860949
2015-12-01,-0.00935837435944,0.00587805613337,0.0125013067166,-0.0121777625183,-0.000840900416363,-0.00393479488791,0.00481304802071,0.00721391383424,-0.00122671319326
2016-01-04,-0.00462633562985,0.00827274730702,0.00563848422012,-0.00653771595937,-0.002407246753,-0.0130700061637,0.00516250940841,0.00990485304657,-0.00684314962347
2016-02-01,0.00429521235174,-0.000873307461212,-0.00159174225555,0.00551382065092,0.00209439188301,-0.00180260498229,-0.00728560068434,-0.0112452462612,-0.000533123931007
2016-03-01,-0.00720535471971,-0.00510068257452,-0.00657544535076,0.00973388565963,0.0107441924001,-0.00188211103553,-0.00601332392561,-0.00654963413942,0.0198467724183
2016-04-01,-0.0112353663712,-0.00401371138963,-0.01159152089,-0.00123100865533,-0.00298391227863,-0.0026582421575,-0.00143548554251,-0.00498574099236,-0.00446147559888
2016-05-02,-0.0042937239484,-0.00132276326598,0.000889798818124,-0.00309916879567,0.00126022026794,-0.00224787033402,0.000944775351843,0.000634637334421,0.00213986043166
2016-06-01,0.0010041691347,0.00438099411408,-0.00359086559425,-0.000112556401246,0.0084387758231,-0.00130409373948,-0.00105175202528,0.000964951165933,0.0163657629829
2016-07-01,0.01569405028,-0.00415322377639,0.00557178733227,-0.00405729899018,-0.000526352622343,-0.00542007868299,-0.00351980283132,-0.00493718474813,-0.00139728405884
2016-08-01,-0.00143247242169,-0.00409776565481,-0.00537138243615,0.00139990023742,-0.00146091298104,0.00456603614471,0.00256837903401,-0.000780233922209,-0.0135080754134
2016-09-01,0.00328596250884,0.003177179137,-0.00435348811272,0.000585033557915,-0.00491247369444,0.000368981566101,-0.000207147185642,0.00187809148363,-0.00121652772413
2016-10-03,-0.00293874569133,-0.00260279747328,0.00303915972324,0.00338930948842,0.00063048685203,0.00778784553569,-0.00650349108443,-0.00563830259972,-0.000529113587821
2016-11-01,-0.00231616984688,-0.0183112375979,-0.00968151626835,-0.00621817727912,0.0049035110614,-0.002072922252,0.0238991307843,-0.00831900433472,-0.00984504360752
2016-12-01,0.0118720813389,-0.00347772853862,-0.00292292558999,-0.000644242544549,0.00900870446626,-0.00308732725885,-0.000271095043603,-0.000800925602379,0.0121653717675
2017-01-03,-0.00380316347582,-0.0016068644795,-0.011115527679,-0.00378606140398,-0.000599428283978,-0.00205231004814,0.00241433710067,-0.00495655042848,0.000275192526107
2017-02-01,-0.00579115790173,0.0180900456732,0.0013820188491,-0.00350377756083,-0.00677147065101,-0.0072012077409,-0.00649770799351,0.0044683011791,-0.00685108427355
2017-03-01,-0.000785131141023,-0.01299170367,-0.00797029723924,-0.000664138208472,0.00117085094915,0.0015406037373,0.00291146112275,-0.00373657594874,-0.000822586588744
2017-04-03,0.00638375770203,0,0.00339162549071,-0.00327245273056,-0.00097874586732,-0.00186626759626,0.00417603048482,-0.00189408795915,-0.000194896466442
2017-05-01,0.00762501564163,-0.00131385744682,0.00295638697372,-0.00213152617912,-0.00430536183987,-0.00183550450617,0.00604779772642,-0.00129732669088,-0.00611879392486
2017-06-01,-0.0082781473413,0.0149695718864,-0.00130860032296,0.00253502005204,0.0034768257219,-0.00400876521013,0.00299070707613,-0.00168426251266,0.0042632422973
2017-07-03,0.0127183051813,0.00213072771085,-0.000738833976982,-0.002456994869,-0.000748977620205,-0.000461914282361,-0.00136185872449,-0.000818782466049,-0.00386695412081
2017-08-01,0.00514453293787,-0.0043969374643,0.00505431216867,0.00176038040926,0.000583096611666,-0.00211878669253,0.00133766488045,-0.00152401360888,-0.00265735933655
2017-09-01,0.00234954791368,0.0127284459631,-0.0101037140985,-0.000615934895625,0.00151964823505,-0.00223499228318,0.0106923976986,-0.00460897849365,0.0025439901111
2017-10-02,0.0141539764582,0.00477159033335,-0.000357071195464,-0.00217915850917,0.00127856331698,0.00168226178888,0,-0.00361855946555,-0.003491836656
2017-11-01,0.0019412900243,0.007841172078,-0.00161781170001,-0.0055422587128,-0.00611255907835,-0.00271932767285,0.00652778493711,0.000412285444199,-0.00324352733749
2017-12-01,0.00514838506274,-0.00189212237865,-0.00679149527134,-0.00450954245301,-0.00152306870883,-0.000859312360375,-0.00444432460392,0.00986044478305,-0.014707818279
2018-01-02,0.0129406797677,-0.00835723042939,-0.00328266107159,-0.00711979444817,-0.00202412641508,0.0120134528501,-0.00506510129965,0.00253390428714,0.00415147735231
2018-02-01,-0.00476814058624,-0.0122140963066,0.013194660725,0.0038145248399,0.00826049946715,0.00671986842182,-0.0123968413059,0.00549384383167,0.00258760854846
2018-03-01,-0.00987874311912,0.00513791831592,0.000182809661509,-0.00913102417627,0.00346449151934,0.0039861943299,-0.00620030473749,0.00584961879526,-0.00330487451512
2018-04-02,0.00842115363679,0.00412130358731,-0.0122784313304,-0.00610695596743,0.00287844195207,-0.00372930859542,-0.00265707193556,-0.0025134440582,-0.00279223833929
2018-05-01,0.0161269260827,0.000161858452231,-0.00457404632025,-0.0028890500032,0.000777612038134,-0.00154059337784,0.0104171604339,-0.00411597623621,0.00257245197459
2018-06-01,-0.00234991618537,-0.00520989417467,-0.00306829374769,-0.003334706667,-0.00440027861465,-0.00089328869251,0.00469790994039,0.00195835139561,-0.00572724432313
2018-07-02,0.00466064844366,-0.00511480546252,0.00365321814966,0.00257860152092,-0.00409915608325,-0.0069410861504,-0.00633017453628,-0.00261618356107,-0.000254830858255
2018-08-01,0.0116453262195,-0.00206719194726,-0.00517203189249,0.0129455188481,-0.00123411771701,-0.00385986556163,-0.00169857836209,0.000488644483697,-0.00266919926455
2018-09-04,0.00187856340908,0.00256473071579,0.00908881942735,7.44590922373e-05,-0.00115981842301,-0.00477181312003,-0.00350764605906,0.000134794397481,0.00158938019404
2018-10-01,-0.0163826167278,0.00517635277682,0.0131093502134,-0.0177420368749,-0.00311333649483,-0.013479347692,0.0112108144438,0.00839358653809,-0.0020752457708
2018-11-01,-0.00212364334758,-0.00311446303876,0.000246092003789,0.00512518852127,-0.00182509439375,0.0138301413103,-0.00354691583779,-0.00304020637365,-0.00561274715853
2018-12-03,-0.0228841078352,0.0121601155224,0.014062305448,-0.0199154088474,0.0105922387481,-0.0228796863468,0.0124769387587,0.0089170622405,0.00731822189868
2019-01-02,-0.00833063538067,-0.00939032888076,-0.0121788733059,0.0165508808042,-0.00603091955919,0.0144757126432,-0.0122541327458,-0.00597346030649,0.0108526557952
2019-02-01,-0.0077829218315,-0.00272979247247,-0.00267119760264,0.00810602109494,-0.00212955858175,0.005387229809,-0.00700240475337,-0.00305239274618,0.0105102480697
2019-03-01,-0.00609349004274,0.000897253245311,-0.0017814846686,0.00878646173339,-0.00406907593638,-0.00171611150224,-0.000889111037799,-0.00321998165585,0.00415598655632
2019-04-01,-0.00518451887044,-0.00611657379294,0.00364899351293,0.00677667592628,-0.00214593287737,-0.00674719235324,-0.00133482061045,-0.000157795980337,0.00130787041951
2019-05-01,-0.0223043377795,0.00643718487179,0.00903774814489,0.00805627215423,-0.00269004672179,0.00200771633755,0.00711110470323,0.00393940112519,0.00275341167709
2019-06-03,-0.0140483453437,-0.00803120727892,-0.00902047057448,0.0215225052022,0.010084056695,-0.0076290909522,-0.00809819913148,-0.00999112403754,0.00424883928604
2019-07-01,-0.00151361111199,0.00127303005681,0.00433850350922,0.00108108358403,0.00304310746483,-0.00439195385197,0.00169194677951,0.00177176856305,0.00254050911072
2019-08-01,-0.00497760090809,0.00390360899786,0.00739773071272,-9.32153949079e-06,0.00694207193026,0.00144885218619,0.00230057755743,0.00339018504573,0.013039314702
2019-09-03,0.00415410507969,-0.00379439122205,-0.00225116730543,-0.000930246517035,0.00201016529506,0.00055426592323,-0.00214335260781,-0.00173012215722,0.00488309095916
2019-10-01,0.0136207491595,-0.0069317876383,-0.00278592963814,-0.00181953631267,-0.000398982512895,-0.00699657200719,-0.00652563049728,-0.00426222958087,-0.00172024605436
2019-11-01,0.00585285242944,-0.00320512438253,0.000730990745223,-0.000383655067699,-0.0017988343755,-0.0048956190264,-0.000650979533774,-0.000809651985162,-0.00502766419413
2019-12-02,0.0173754262222,-0.00474048429731,-0.00775536498639,0.0107751639753,-0.00152310654596,-0.00467823022455,-0.0037628911225,-0.00298083654823,0.00591865554224
2020-01-02,0.00761441708215,-0.00650652963378,0.0143795301503,0.000612868999434,-0.00124482907875,0.00227379853312,-0.00516666345226,0.00340471610571,-0.00938552152609
2020-02-03,-0.00715504869896,0.00817588565772,0.0118821668907,0.00563432528846,-0.00735109079942,0.00343195653228,0.00744127394328,0.00728908833282,-0.0107899972133
2020-03-02,-0.0393200075774,0.0327339460896,0.0444962307559,0.0237926441697,-0.0263120660525,0.0129808362817,0.0277042987519,0.0236098371443,-0.0446827530102
2020-04-01,0.0358854146019,-0.0142654354674,-0.0331080503712,-0.0219850771636,0.0168896950412,-0.0164560756171,-0.0116730548869,-0.0200986938099,0.0162143675625
2020-05-01,0.0225972159624,-0.00815956048139,-0.011126587593,-0.0129979182557,-0.00389525715314,0.00944946665068,-0.0099031597986,-0.0110257922549,0.0179750477485
2020-06-01,0.0159019025406,0.00278560029614,0.0057370236302,-0.00348345742986,-0.00183571354376,-0.00157495463915,-0.00143125657465,-0.0018912034919,0.00398796999306
2020-07-01,0.0180265686551,-0.00561849992132,0.00231673759514,0.0132816566366,-0.0072698581131,0.012737506628,-0.00591379388837,-0.00698502199757,-0.00465608717483
2020-08-03,0.0250601861571,-0.00474875322517,0.00230458110098,0.0243012216113,-0.00554400099118,0.00139638510904,-0.0101346865577,-0.00877485473807,0.00295458970469
2020-09-01,-0.0136231486727,0.00392357449775,0.018520799461,-0.0035792207907,0.00136442449596,-0.00362873582416,0.00219355580698,0.00295891387286,-0.00365347424824
2020-10-01,-0.0127947681847,-0.000921697116436,-0.00256439638119,-0.00732775120095,0.00208570011024,-0.00344579765912,-0.00169380715186,-0.00449826336764,-0.00698380408167
2020-11-02,0.027832745828,-0.018282353466,-0.0270483108078,0.0222855109776,-0.00746598503683,0.0153960041758,-0.0141028099293,-0.0110464104878,0.00081919004573
2020-12-01,0.00557576654293,-0.00363430936282,-0.00462639586946,0.0018030137711,0.000364477755508,-0.00276691680311,0.00131917708075,0.0008924893369,0.00288569054446
2021-01-04,0.00740161539578,-0.000955237785314,-0.00480039929035,0.00947886348377,0.00427991071068,-0.00247899821185,0.000977255154586,-0.000712804626232,-0.00241781159904
2021-02-01,0.00460717445911,-0.0151153388112,-0.0274971787135,-0.00172465234812,0.000363722766374,0.00133752464426,-0.00944412836292,0.0122507257752,0.00498175214153
2021-03-01,0.00142652138093,-0.00434434072842,-0.00324739555752,0.00641236245228,-0.00765921081526,-0.00264331824371,-0.0073579924967,0.0130123145323,-0.00895543675592
2021-04-01,-0.00314115860101,-0.0063500816354,0.00194352183591,0.0113459141085,-0.00354682826383,-0.00603336855532,-0.00472431519814,0.0133909342169,-0.00474108176536
2021-05-03,0.00126816763502,0.0108550760683,-0.00759714853601,0.00346933131195,-0.000665225147592,0.00103224634021,0.00550269112003,0.0110741642869,0.00324790208465
2021-06-01,-0.00843994574163,-0.00635804839773,-0.0023569793431,-0.00471238012431,0.000561885253557,-0.00548002936571,-0.00436713243086,-0.0134637305696,0.000589473714778
2021-07-01,-0.0037109721531,-0.0027041373379,0.0117375248242,-0.000860116485254,-0.00230949377314,-0.00459938972446,-0.00103429933713,0.000644432869194,-0.00445004071223
2021-08-02,-0.00439792324576,0.0100373696944,-0.00602932384112,-0.00165178296796,-0.00223125617507,-0.00245179790657,0.00316071822929,-0.00319947927404,-0.0049471678806
2021-09-01,0.00493910932798,0.000786754722545,0.0317052321232,0.00155468711825,0.00487919869585,0.00613789614964,0.00491967153575,-0.0121499274647,0.00812260726661
2021-10-01,-0.00712538514125,0.0124071270574,0.0190688400991,-0.0147738497899,-0.00376705568375,-0.00552371742495,0.0125473076884,-0.00684341034733,-0.00568777119477
2021-11-01,0.00705432884451,-0.0151163355088,-0.0169156120697,0.00221855170804,0.0021954571362,0.00345819977872,0.00573688213166,0.00199252429219,0.00208490443322
2021-12-01,0.0126087946443,0.0129010115143,0.0162558419409,-0.00546558055185,-0.0121968643038,-0.0089882766533,-0.00667080428242,-0.00807997903383,-0.00933720598896
2022-01-03,-0.0166236013062,0.000393525282319,0.0429142751014,0.012806465203,0.00172933398764,0.00626311317417,0.00297526836418,0.00457216398017,0.00398225533691
2022-02-01,-0.0156003406627,-0.0140292019767,0.00983032363065,0.00676569156879,0.00210804531924,0.00197600783887,0.00405798840646,0.00555880513406,0.00160982321749
2022-03-01,0.0114250661582,-0.00380221536761,0.0202836683321,-0.00685118477357,0.00757352393924,-0.00796167178572,-0.00465212462128,-0.0108512283057,-0.0142963532494
2022-04-01,-0.020881517635,-0.0215128723429,-0.0020474786197,0.0119790999232,4.35136175154e-05,0.00691276689843,0.00743785677862,0.00537594335199,0.00731418566666
2022-05-02,-0.00547935833928,-0.00122311224736,0.0357126996248,0.0082899742259,0.00452446694353,-0.000729424957802,0.00142181129382,-0.000524276680286,0.0115947322608
2022-06-01,0.00975100818538,0.00907375957443,-0.0381806657821,0.00915179798579,0.000815771364493,8.743488163e-05,0.00665013673137,0.0137463233852,-0.00534525691811
2022-07-01,-0.0143892654029,-0.00540220588853,0.0129206333144,-0.0187526528194,0.00667695167021,-0.00149085223748,-0.00963550261665,-0.00506684268151,0.00674247155999
2022-08-01,0.00718815003925,0.000930622886683,0.00497683223361,0.00455608353034,-0.00559821841559,0.00389759370719,0.00311026155251,0.00441575414819,0.00414250721344
2022-09-01,0.00977189041003,0.00605322247503,-0.00452931628906,0.00994175696824,-0.0157129174915,0.00238091355631,0.00872974349401,0.0056777318041,-0.0221700392703
2022-10-03,-0.00393780214229,-0.010298640897,0.0431652842636,1.55805698774e-05,0.0151574926249,-0.00829739267198,-0.0116136696331,-0.0064084032107,-0.00128533341983
2022-11-01,-0.00819315376927,-0.00662033708648,-4.89181227335e-05,-0.00279001473309,0.0132702012587,-0.00551245750838,-0.00882903283671,-0.0128360680778,0.0143530354896
2022-12-01,0.0102306372366,0.00481627499566,-0.0136506930749,0.0132345591387,-0.00589222752067,0.00271122368964,0.00312339224301,0.00636667103363,-0.000912849949973
2023-01-03,-0.0143328501969,-0.00725204618064,0.00989998776991,-0.020017109554,0.000179562831104,0.00120576136028,-0.00470769353762,-0.0108963546526,-0.00406619207769
2023-02-01,0.00290630251331,0.00291758959324,-0.0071083157519,0.00572713586035,0.00423038467599,-0.011659305727,0.00132131499479,0.00357286574935,-0.0169532504933
2023-03-01,-0.0127761390299,0.0100815638444,0.00558181340817,-0.00379788880667,-0.00615545104134,0.00780759132858,-0.000444882831089,0.00127583450886,0.0131933479838
2023-04-03,-0.000110576365236,-0.00300114028879,-0.00618560192225,0.00132731867991,0.00710164790811,-0.00280937321436,-0.00179784098907,0.000903473760108,-0.00309056770242
2023-05-01,0.0221308784747,0.0032917031866,-0.0175042744182,-0.00531270992706,0.00701078110326,0.00459443987163,-0.00541516191094,0.00619660343597,0.0074770985168
2023-06-01,0.0105833737077,-0.0067570616875,-0.00650075086125,-0.0136213938945,0.00817246184101,-0.00303266675849,0.0219282099627,-0.0110613947664,-0.00346576077416
2023-07-03,0.00660941035217,-0.00468697308984,-0.00779798127069,-0.000116392151704,-0.000876982055238,-0.00152769297147,0.0070596215874,-0.0028852873447,-0.000539286626774
2023-08-01,-0.00304754344349,0.00201276699941,-0.00468332224548,0.00135840040008,0.00471934421443,-9.99481330475e-05,-0.00391268988093,-0.00395799754945,0.00605450987244
2023-09-01,-0.0128087886855,0.0052944476536,0.00183215127272,0.00541800447342,0.00513946025799,0.00372896349201,-0.0163420350607,-0.0157383570071,0.0106333829383
2023-10-02,0.00199837108513,0.00108103233333,-0.00903036151615,0.00491728755121,0.000894233123063,0.00324966707242,-0.00378521121413,0.00202124915552,-0.00826560215207
2023-11-01,0.0244579645476,-0.0122812245495,-3.91984486317e-05,0.0246930136022,-0.00517940594219,-0.00625888711543,0.0226545853367,-0.0105854735686,-0.00581598155581
2023-12-01,0.00272247158072,-0.00545860397831,-0.000697815144236,0.00828267977442,-0.00382457075104,-0.00638143155535,0.00964046985963,-0.00351487838255,-0.00231782795589
2024-01-02,0.0150922282091,-0.00311913095459,0.00175705211986,-0.00368799199124,-0.00239489744381,-0.002738127421,0.00387963201296,0.00235522650358,0.00281885580612
2024-02-01,0.0117566641339,-0.00420746538511,-0.00498269344742,0.0137892426367,-7.46776107815e-05,-0.0032349068118,0.0129876341063,-0.00582277830156,0.00159692706211
2024-03-01,-0.00165021498337,-0.00484738635506,-0.0111425110277,-0.00252517516082,-0.00275718352974,-0.000500264664124,0.00705195362958,-0.00637017619792,-0.00732535873904
2024-04-01,-0.0155241810331,-0.00811645786067,0.00359817755823,-0.00974018013156,0.00107079174068,0.00446810289131,0.00335138367905,0.00429241156464,-0.00384843514646
2024-05-01,0.0187949790221,0.00561610902301,0.00153330705773,-0.000872214633844,-0.00339168284179,-0.00326425938871,0.00142990452959,-0.00236962377421,-0.00720883193781
2024-06-03,-0.00930797116508,-9.05690869324e-05,0.00287053237208,-0.00475280815743,0.00100018021149,-0.000604934357951,-0.00186854647131,0.00442756290181,0.00567905973252
2024-07-01,-0.0168660270294,0.0103559460575,-0.00112086163126,7.89389659075e-05,-0.00369690660808,-0.00477625664358,-0.00454361492672,-0.00615934810119,-0.0105577727812
2024-08-01,-0.000453631555994,0.0117501711706,0.00211837078185,-0.00100850742054,-0.00639201954365,-0.00421921889332,0.00541873622765,-0.000447973467561,-0.00311891595523
2024-09-03,0.0110425308061,-0.00076601371429,-0.00191188485745,-0.00928491258502,-9.30513566659e-05,0.00220845073483,0.0127921974985,-0.00534103477039,-0.00846212389058
2024-10-01,0.00368252296269,0.0076899864965,0.00219006714172,-0.000295096708035,0.00345206402186,0.00396695172669,0.00122991932363,0.00347872559927,-0.00900567776613
2024-11-01,-0.00597461563262,0.0199637908762,-0.00819165515491,-0.0134106215551,-0.0041172688143,0.000443741962855,0.0147916029457,-0.0018969948561,0.00858968723592
2024-12-02,0.00169523020317,-0.0105554874859,0.00838502184702,0.00119931458029,0.00555468506368,0.0067330640556,-0.0170546453957,0.0129927431048,-0.0116331161219
2025-01-02,0.00204529315977,0.0140588971416,-0.00196168957485,-0.00386429318779,-0.00130437355162,-0.00793707185208,0.0096132445758,-0.00757122439054,0.00591464393194
2025-02-03,0.00440637140322,0.00208089032139,0.000466184342797,-0.0166060320924,-0.005927578443,-0.00161273361208,0.00210086215014,0.00237523817113,0.00292324725269
2025-03-03,0.00524119451909,-0.00777090756329,-0.008746602416,-0.0124863071061,0.00172513512342,0.00422326030006,0.00179835730507,0.000343160686207,0.000787322253597
2025-04-01,-0.00270312769736,-0.00446675907276,0.0156028232753,-0.00130313297969,0.000910182524355,0.00519355914475,-0.000337196668443,0.00357925091831,0.00022487062392
2025-05-01,-0.0103783625403,0.0101652500623,-0.00247521409516,0.0178696649311,-0.00241067818738,0.00318760841597,-0.00876551288934,-0.00443007860743,0.0085653748314
2025-06-02,-0.008793474303,0.00810978846617,-0.00478237599044,0.00458761484922,0.000452627145496,-0.00388672417178,-0.00453393878681,-0.00471934319779,0.000889444280698
2025-07-01,-0.00270063921496,-0.00531709860003,-0.000169011456252,0.00110470777895,0.00246672752054,0.00453514661679,0.0025974296417,0.00414445886251,0.0104683848062
2025-08-01,-0.0011799453144,0.00946819569438,-0.00640001359408,0.0143150307117,-0.000679199608269,-0.00544835870873,0.00121688856047,-0.00623973982572,0.00227920175457
2025-09-02,0.0215429016363,5.02726547952e-05,0.000512603529637,0.0111640660485,0.00256671062514,-0.00530365585169,0.00572003483389,0.00301969490928,-0.00608529879541
2025-10-01,0.0134994930996,-0.00516116235929,0.00149242419496,0.000958405360469,0.00364925545643,-0.00075896995678,-0.000433450134966,0.00443542448252,-0.0013880996839
2025-11-03,-0.0114530047565,0.00315327919885,-0.0040087701628,-0.00512014906806,-0.005300088902,-0.00833813883659,0.00213009715563,-0.00527237616513,0.000797658015041
