period,n_months,mom_cagr,ew10_cagr,mom_total_return,ew10_total_return,mom_max_drawdown_monthly,ew10_max_drawdown_monthly,mom_volatility_ann,ew10_volatility_ann,mom_mean_fee_ann,ew10_mean_fee_ann,monthly_active_win_fraction,mean_monthly,annualized_arithmetic_active,tracking_error_ann,information_ratio,nobs,mean_hac12_se_ann,mean_hac12_asymptotic_normal_p,mean_hac12_holm3_p
1960-01 to 1999-12,480,0.14355871403268528,0.12608803019267634,212.96301272778138,114.5829263220106,-0.4205744130574637,-0.45571692110737616,0.15892557262527746,0.14469033543153031,0.002569534697196057,0.00013503079927537168,0.56875,0.0014814928783817825,0.01777791454058139,0.061809052776851794,0.28762638710489064,480,0.009135959183302015,0.05166344475486482,0.10332688950972964
2000-01 to 2025-12,312,0.10731595515797698,0.09108307068961952,13.159910190520787,8.645022596950106,-0.3944659303622118,-0.48074823992182225,0.16657532021020238,0.1501706715786196,0.002722897132485802,0.00015712586419788172,0.532051282051282,0.0014425061486250533,0.01731007378350064,0.08531506166098868,0.2028958714498108,312,0.014736914300759242,0.24015222355052196,0.24015222355052196
1960-01 to 2025-12,792,0.12914176831390933,0.11216609320351978,3028.6970443186456,1113.7999361974134,-0.4205744130574637,-0.48074823992182214,0.1619387652278928,0.14684462117105118,0.002629950202007168,0.00014373491575999688,0.5542929292929293,0.0014661344696897376,0.01759361363627685,0.07193917392663503,0.24456235283184044,792,0.007874221665325367,0.02546133487742723,0.07638400463228169
1960-01 to 1969-12,120,0.10621616426479652,0.09549431493399063,1.7441004297833755,1.4894378095423222,-0.23597229417894194,-0.23906495812099915,0.13598657466684408,0.1256813855930986,0.00222376955342698,0.0001531738821118189,0.5666666666666667,0.0009302203662496862,0.011162644394996235,0.04776176116387268,0.23371509180108993,120,0.013541168646132227,0.40974147032784336,
1970-01 to 1979-12,120,0.06358013484231972,0.06247620877029214,0.8522609523556928,0.8331252519661789,-0.4205744130574639,-0.45571692110737616,0.16132927094931138,0.1650528679330575,0.0024123986120321923,0.00011828033387191339,0.5666666666666667,3.941549245007521e-05,0.00047298590940090255,0.06091408443456553,0.00776480371972082,120,0.0158918838652679,0.9762562796934492,
1980-01 to 1989-12,120,0.19681546706603625,0.18475131848056936,5.029369944078996,4.448437920039833,-0.3235633185690159,-0.28860910184203414,0.18438274828401602,0.15712195621675773,0.0030753196123079283,0.0001282704375468684,0.575,0.0012662936680589959,0.01519552401670795,0.06333409420067153,0.23992644417652115,120,0.01885868597618331,0.4203827994457461,
1990-01 to 1999-12,120,0.21449703797180764,0.1660920265166108,5.9817549152874845,3.6486650755297925,-0.1523696968413799,-0.1607814190863447,0.14857782536984165,0.1259995320734882,0.0025666510110171257,0.00014039854357088605,0.5666666666666667,0.003690041986768373,0.044280503841220474,0.07270764637404187,0.6090212797347478,120,0.02347930583022706,0.0593033745249235,
2000-01 to 2009-12,120,0.026207501796900123,0.02909718964685859,0.29524478139143984,0.33218310610697777,-0.3944659303622118,-0.48074823992182225,0.1523963279988611,0.15412998213870635,0.002903356547127119,0.00016881585645108649,0.49166666666666664,-0.0002617744651456394,-0.0031412935817476725,0.09492559006383937,-0.033092168082759235,120,0.022712197264815725,0.8899964811684323,
2010-01 to 2019-12,120,0.14443770525475808,0.12767514310365424,2.8540875742987954,2.3253707742808394,-0.2208587923671299,-0.16641975604192916,0.13009821335824961,0.12415908805062767,0.0026079363101688072,0.00011736581909154603,0.5666666666666667,0.001307368314990598,0.015688419779887178,0.04908752958279757,0.31960092335518736,120,0.014265993666256204,0.2714595996626033,
2020-01 to 2025-12,72,0.18977410245500992,0.13845676465564183,1.8365279612709462,1.1772046439143025,-0.21793232459954837,-0.22928545393753508,0.22949681239958875,0.179829091068543,0.002613732811945265,0.00020390928561976672,0.5416666666666666,0.004508203560966966,0.054098442731603594,0.11210533670218698,0.48256795191935076,72,0.04346066087615444,0.21321701819414565,
