month,MOM12_1,EW10,active
1960-01,-0.06556721639180396,-0.058390804597701074,-0.007176411794102888
1960-02,0.011117740511354945,0.018754546722889787,-0.007636806211534841
1960-03,-0.0037471315902047886,-0.007143921835105038,0.0033967902449002496
1960-04,0.003398699783297099,-0.006688849008832931,0.01008754879213003
1960-05,0.053010624733594636,0.037691454530262236,0.0153191702033324
1960-06,0.025644498183805764,0.02363166353404167,0.0020128346497640948
1960-07,-0.017170422186512435,-0.018448068995652767,0.0012776468091403315
1960-08,0.0426244355609815,0.035111706062003645,0.007512729498977855
1960-09,-0.06040932375735475,-0.05914545490095091,-0.001263868856403838
1960-10,-0.004842831859564911,-0.005759785467550849,0.0009169536079859375
1960-11,0.05498149691615262,0.048782631834900725,0.006198865081251892
1960-12,0.07798932165759287,0.04797024451646692,0.03001907714112595
1961-01,0.06085105478091313,0.06257858619241219,-0.0017275314114990614
1961-02,0.036627460512587806,0.039331104003143214,-0.0027036434905554074
1961-03,0.04782340664424756,0.036772102708183096,0.01105130393606446
1961-04,0.004357836183025432,0.004332940741497593,2.489544152783907e-05
1961-05,0.008924316891837591,0.02443342433771445,-0.015509107445876857
1961-06,-0.031475472567769724,-0.025766818652922407,-0.005708653914847317
1961-07,0.038493758221830765,0.03205355556618761,0.006440202655643157
1961-08,0.018358234799629836,0.02992355262596691,-0.011565317826337074
1961-09,-0.030343784393544238,-0.00999748111844756,-0.020346303275096678
1961-10,0.019160110018336285,0.03422782429753246,-0.015067714279196176
1961-11,0.047850541756959464,0.0505188237969596,-0.002668282040000136
1961-12,-0.02612478746457747,-0.0020685732044778415,-0.02405621426009963
1962-01,-0.05015198561821865,-0.03823063312363251,-0.011921352494586146
1962-02,0.0013830932510487948,0.019287833429682433,-0.017904740178633638
1962-03,0.010590994854606794,-0.004017894431983082,0.014608889286589877
1962-04,-0.04425459369146012,-0.06486556301217872,0.020610969320718597
1962-05,-0.08030915300316521,-0.08541152125671003,0.00510236825354482
1962-06,-0.07147860776827075,-0.08688013368631098,0.015401525918040226
1962-07,0.06737736289381568,0.06720807060062572,0.00016929229318995986
1962-08,0.029460645014262266,0.017272259971140125,0.01218838504312214
1962-09,-0.022803502185389957,-0.04962992731292393,0.02682642512753397
1962-10,0.0035979798652483463,0.003600541215686537,-2.5613504381905017e-06
1962-11,0.08405910668048389,0.11588117726293112,-0.03182207058244724
1962-12,0.03902584795201647,0.015296902483712849,0.02372894546830362
1963-01,0.05176401275148135,0.05202262707906957,-0.00025861432758822467
1963-02,-0.019041096636464472,-0.021244344690350192,0.00220324805388572
1963-03,0.05286302878268612,0.03211414742531371,0.020748881357372406
1963-04,0.04688840856536114,0.05029222165509406,-0.003403813089732921
1963-05,0.03805380896816146,0.02245322380909931,0.015600585159062152
1963-06,-0.011346692324948116,-0.017819073058169654,0.006472380733221539
1963-07,0.0021254171461422278,-0.001835626632079479,0.003961043778221707
1963-08,0.053026025711609526,0.056545404508859365,-0.003519378797249839
1963-09,-0.026895290598454857,-0.012725746216349032,-0.014169544382105825
1963-10,0.045891382004538794,0.03188085463343748,0.014010527371101311
1963-11,-0.026618982743084052,-0.0071725010156048485,-0.019446481727479203
1963-12,0.02724858713534739,0.019892682566077236,0.007355904569270155
1964-01,0.024551177230160537,0.024524324350917004,2.6852879243532968e-05
1964-02,0.015290650945107842,0.01848477844041252,-0.003194127495304677
1964-03,0.019531715766011537,0.013805527097389803,0.0057261886686217345
1964-04,-0.011165824544401959,0.0036320556980484753,-0.014797880242450434
1964-05,0.019617982681628288,0.016921113869415638,0.0026968688122126494
1964-06,0.01888706882186275,0.01708556430221364,0.0018015045196491108
1964-07,0.008721466430830382,0.020424379724483854,-0.011702913293653472
1964-08,-0.013637698549757382,-0.013370149359631656,-0.00026754919012572653
1964-09,0.030551444566002228,0.026332853567866854,0.004218590998135374
1964-10,0.01782722120353375,0.00947327562461786,0.008353945578915889
1964-11,0.013428688114685894,0.004173723128937823,0.009254964985748071
1964-12,0.005797899649941707,0.00756203319544313,-0.0017641335455014229
1965-01,0.024029002789445864,0.04271263412035675,-0.018683631330910888
1965-02,-0.008406628770995295,0.010030371530612259,-0.018437000301607553
1965-03,-0.008575166654664068,-0.008456574079054424,-0.00011859257560964398
1965-04,0.05481488581430227,0.03610644684956643,0.01870843896473584
1965-05,-0.014541262802474808,-0.0040785692792753014,-0.010462693523199507
1965-06,-0.06113919878722407,-0.05232563072651575,-0.008813568060708321
1965-07,0.016130435663264997,0.01796362221271952,-0.001833186549454524
1965-08,0.04005638392822286,0.03435357963392449,0.005702804294298369
1965-09,0.022386853110961002,0.0268823953194246,-0.004495542208463599
1965-10,0.03642102017002813,0.02648017081351406,0.00994084935651407
1965-11,0.008728918293274601,0.006020468838712656,0.0027084494545619453
1965-12,0.012584220095086307,0.011878995080697674,0.0007052250143886329
1966-01,0.023082881491134355,0.00716276716925468,0.015920114321879675
1966-02,0.018023940344915168,-0.0062107050652641105,0.02423464541017928
1966-03,-0.016910931948664998,-0.02182938911663257,0.0049184571679675715
1966-04,0.035463576568811384,0.02272543097374724,0.012738145595064143
1966-05,-0.06371230552376406,-0.05056776555454501,-0.013144539969219049
1966-06,0.00499495430163277,-0.009198265098584346,0.014193219400217116
1966-07,-0.01776871943665581,-0.013625620194210097,-0.004143099242445714
1966-08,-0.0868670489198683,-0.07481311185696449,-0.012053937062903808
1966-09,-0.02523620171138663,-0.005327144098617342,-0.019909057612769288
1966-10,0.026924187364560703,0.04181022657392286,-0.014886039209362156
1966-11,0.08602470978706278,0.022744204365053422,0.06328050542200936
1966-12,0.008527312114647412,0.0016208830881143665,0.006906429026533045
1967-01,0.06743705329261629,0.08554099728440545,-0.018103943991789162
1967-02,0.021285469088485165,0.01293589912466464,0.008349569963820525
1967-03,0.0333532093135005,0.04230125877540858,-0.00894804946190808
1967-04,0.03205466984065186,0.04677310555909453,-0.014718435718442668
1967-05,-0.0512922106335415,-0.04221286776672839,-0.009079342866813112
1967-06,0.0482498129756288,0.02925343414220105,0.01899637883342775
1967-07,0.04609298226543368,0.04652246032056917,-0.0004294780551354904
1967-08,-0.003937902995200693,-0.004744344704266545,0.0008064417090658527
1967-09,0.041417319470247405,0.03152706171435904,0.009890257755888365
1967-10,-0.017279818735401853,-0.026397663476378508,0.009117844740976655
1967-11,0.008077378908684318,0.007467039540846265,0.0006103393678380531
1967-12,0.02085242459590053,0.028366100792670768,-0.007513676196770236
1968-01,-0.04250405061489726,-0.02606617362991681,-0.01643787698498045
1968-02,-0.027472738649157558,-0.029046337665164734,0.0015735990160071767
1968-03,0.025793438135209623,0.0047449000451194046,0.02104853809009022
1968-04,0.11875961276035563,0.09208226030510502,0.026677352455250603
1968-05,0.027990498416402776,0.02559370572422326,0.002396792692179517
1968-06,-0.0020661443573928295,0.017560440567267355,-0.019626584924660184
1968-07,-0.04790590365635261,-0.023140507230116847,-0.024765396426235764
1968-08,0.018462780717445337,0.015137325500238497,0.003325455217206841
1968-09,0.04727970087178757,0.043854961924287617,0.00342473894749995
1968-10,0.014224488893689102,0.009548964919050551,0.004675523974638551
1968-11,0.058043437288485045,0.059751922127015744,-0.0017084848385306994
1968-12,-0.02943904842915035,-0.03509850866908082,0.005659460239930469
1969-01,-0.004771596007013157,-0.005996938115834682,0.0012253421088215255
1969-02,-0.06424695392030932,-0.05079640280585718,-0.013450551114452147
1969-03,0.029015496923570083,0.028703762996544535,0.00031173392702554814
1969-04,0.008385558284892403,0.02682805675010469,-0.018442498465212287
1969-05,0.009059586102303063,0.0049204844355263955,0.004139101666776668
1969-06,-0.08191257148311615,-0.061215593337276,-0.02069697814584015
1969-07,-0.07561422212151636,-0.06214027694757018,-0.013473945173946178
1969-08,0.0632753211336794,0.05228880794513091,0.010986513188548486
1969-09,-0.008581313740324892,-0.01859298238753193,0.01001166864720704
1969-10,0.06395542045955205,0.05909659764085262,0.0048588228186994264
1969-11,-0.018860543423904086,-0.030070554811521655,0.011210011387617569
1969-12,0.0018590548771215687,-0.019169458172643705,0.021028513049765274
1970-01,-0.0628486600028555,-0.06920869560611309,0.006360035603257597
1970-02,0.046737434330054395,0.06082800007708711,-0.014090565747032713
1970-03,-0.0313054283137536,-0.0026471231126119488,-0.028658305201141654
1970-04,-0.11113566875899084,-0.10341976258644558,-0.0077159061725452505
1970-05,-0.06341235205867657,-0.0628086431727729,-0.0006037088859036643
1970-06,-0.046023003215975966,-0.04917261852793753,0.003149615311961562
1970-07,0.07041815559353282,0.077026039773602,-0.00660788418006919
1970-08,0.026208926691356105,0.04835585925719155,-0.022146932565835442
1970-09,0.021756580482356958,0.04772088057055246,-0.025964300088195502
1970-10,-0.022277747572419293,-0.017054452672730314,-0.005223294899688979
1970-11,0.0707762293715617,0.05400954515443135,0.016766684217130345
1970-12,0.05199248244626187,0.06149212327775766,-0.009499640831495793
1971-01,0.02375709564289452,0.0539928700171004,-0.03023577437420588
1971-02,0.014826569514154953,0.014340203936912044,0.00048636557724290874
1971-03,0.02868620060698235,0.042378694792976956,-0.013692494185994608
1971-04,0.058879936905086305,0.03235171730766773,0.02652821959741858
1971-05,-0.03614111730347658,-0.037880480134494854,0.0017393628310182763
1971-06,0.002227014683009454,0.005023675016214035,-0.0027966603332045814
1971-07,-0.04318846942323196,-0.038606119640366865,-0.004582349782865092
1971-08,0.07942854574692104,0.03837196266630061,0.041056583080620435
1971-09,0.003725330164488616,-0.003986018895779986,0.007711349060268602
1971-10,-0.04362046585425727,-0.03406343533994971,-0.009557030514307563
1971-11,0.00096321938225441,0.0006716849362595756,0.00029153444599483436
1971-12,0.08703647173355522,0.08835675889115402,-0.0013202871575987984
1972-01,0.0211955242699573,0.024453872216362305,-0.0032583479464050047
1972-02,0.04507914757276277,0.02767141825558328,0.017407729317179488
1972-03,0.022221260821685407,0.006698874874598193,0.015522385947087214
1972-04,0.007957473545811,0.0018712870047978836,0.006086186541013117
1972-05,0.02402862691789065,0.014403327582245717,0.009625299335644932
1972-06,-0.013203586286393176,-0.02026718089027113,0.007063594603877954
1972-07,0.00508839717994114,-0.004817103581453819,0.009905500761394959
1972-08,0.02025974329054847,0.03660191181920047,-0.016342168528652
1972-09,-0.009369967386621436,-0.004282203702773324,-0.005087763683848112
1972-10,-0.0023016670875861678,0.011044364721052302,-0.01334603180863847
1972-11,0.020556060634742357,0.05179030339115198,-0.031234242756409625
1972-12,0.022124596265494567,0.010760956173293756,0.01136364009220081
1973-01,0.0001290143268146693,-0.027294960891251052,0.02742397521806572
1973-02,-0.04275641383684903,-0.04273436302883071,-2.2050808018314605e-05
1973-03,0.014520856962335404,-0.008919449445244365,0.02344030640757977
1973-04,-0.018638480705969074,-0.044968051094451456,0.026329570388482382
1973-05,-0.011145516640939546,-0.02034321495036784,0.009197698309428293
1973-06,-0.004440123541512464,-0.013607603119361822,0.009167479577849358
1973-07,-0.008073606741800687,0.05140061908623972,-0.059474225828040406
1973-08,-0.03270518008014012,-0.03558654375557291,0.002881363675432791
1973-09,0.058409654171616365,0.05539446545686877,0.0030151887147475964
1973-10,-0.00013345557592947532,-0.008893253269566137,0.008759797693636662
1973-11,-0.08275039392521566,-0.11871324947475392,0.035962855549538264
1973-12,0.01777182885150097,0.005609517691478549,0.012162311160022421
1974-01,-0.026777857654071924,0.014592691810556557,-0.04137054946462848
1974-02,0.01027984763007872,0.0025456870308788737,0.007734160599199846
1974-03,-0.03859547926198248,-0.022535650384650108,-0.01605982887733237
1974-04,-0.07953573709671602,-0.047057254590714526,-0.032478482506001494
1974-05,-0.039087131188531465,-0.030681566592516307,-0.008405564596015158
1974-06,-0.0015460195556977752,-0.022743019067002046,0.02119699951130427
1974-07,-0.0924033910297184,-0.07848821783826354,-0.013915173191454855
1974-08,-0.06311245207534599,-0.08116797776011364,0.018055525684767648
1974-09,-0.0821870660919628,-0.10531239417985583,0.023125328087893027
1974-10,0.15894707720883083,0.15536496281209033,0.003582114396740499
1974-11,-0.025372417198876507,-0.03681052070223034,0.011438103503353836
1974-12,0.005258579780505368,-0.023697556648598184,0.02895613642910355
1975-01,0.09686271472162944,0.14986758035671266,-0.05300486563508322
1975-02,0.07790632357771954,0.0626038059002092,0.015302517677510341
1975-03,-0.015453210958278674,0.03146207404520052,-0.04691528500347919
1975-04,-0.006797899649941486,0.033371976687769145,-0.04016987633771063
1975-05,0.057343010458133836,0.05694659845853134,0.0003964119996024973
1975-06,0.07060224569685669,0.057009699415304205,0.013592546281552487
1975-07,-0.050951498927194416,-0.06164098147329289,0.010689482546098472
1975-08,-0.017794232372062124,-0.02480084268508187,0.0070066103130197455
1975-09,-0.015304622049800543,-0.03136665022395546,0.01606202817415492
1975-10,0.06350882688097381,0.07011933121830527,-0.006610504337331458
1975-11,0.03971991998666469,0.034547030900544895,0.005172889086119792
1975-12,-0.016602322154861127,-0.012905786395218777,-0.00369653575964235
1976-01,0.11856143353225801,0.11765197142954054,0.0009094621027174732
1976-02,0.02485511388753081,0.0037750514310270766,0.021080062456503734
1976-03,0.02565473314916522,0.029523715108039417,-0.003868981958874196
1976-04,-0.010593267788702065,-0.010698574430976882,0.00010530664227481612
1976-05,-0.03521018163639389,-0.015180566869726464,-0.020029614766667425
1976-06,0.039953175529255036,0.04322004569802851,-0.0032668701687734725
1976-07,-0.0070657671733169725,-0.002865438483385163,-0.004200328689931809
1976-08,0.008093494230367204,0.006333295370344549,0.0017601988600226548
1976-09,0.02998661764552968,0.02667959069774617,0.003307026947783509
1976-10,-0.014571417640749429,-0.01758735362933317,0.00301593598858374
1976-11,0.005454436820148345,0.006482922041211703,-0.0010284852210633577
1976-12,0.06447389641550982,0.05782655793307323,0.006647338482436593
1977-01,-0.012609848146298064,-0.03696753508671591,0.024357686940417844
1977-02,-0.018493998999833394,-0.015352612462430137,-0.003141386537403257
1977-03,-0.009776067077712947,-0.012615826108402728,0.0028397590306897813
1977-04,0.017062707293199253,-0.0006951160251269517,0.017757823318326205
1977-05,0.008896538548681221,-0.008871808046952201,0.017768346595633422
1977-06,0.045795438311975634,0.054183955024700525,-0.008388516712724892
1977-07,-0.005941699411813106,-0.009657135059381927,0.003715435647568821
1977-08,-0.03790472013410784,-0.005596246123880322,-0.03230847401022752
1977-09,0.02075941544369342,0.003638579994385438,0.01712083544930798
1977-10,-0.042352810859882184,-0.03675606499405837,-0.005596745865823816
1977-11,0.04312951070897686,0.04411582635450162,-0.0009863156455247601
1977-12,0.008126322390165974,0.006094276295828038,0.002032046094337936
1978-01,-0.04663754613947968,-0.052544464178054695,0.005906918038575015
1978-02,-0.012331442865649245,-0.006585961224028214,-0.005745481641621031
1978-03,0.04036027738541215,0.03318211783852787,0.007178159546884277
1978-04,0.04081447693046525,0.08045246536038886,-0.03963798842992361
1978-05,0.02968613349725313,0.020375403731625052,0.009310729765628079
1978-06,-0.004597267122146365,-0.010497702820932986,0.005900435698786621
1978-07,0.0630121520253375,0.05287335505896862,0.01013879696636888
1978-08,0.038690762243118515,0.0393393615661799,-0.0006485993230613829
1978-09,-0.028133058940931988,-0.008287462381298405,-0.019845596559633583
1978-10,-0.125704197435498,-0.10822805706126704,-0.017476140374230953
1978-11,0.034847965685082194,0.03332804532953593,0.001519920355546267
1978-12,0.015691408210043223,0.01458368008177846,0.0011077281282647622
1979-01,0.04618347140190182,0.046341251297799646,-0.00015777989589782493
1979-02,-0.037164252957458066,-0.028736056803889465,-0.008428196153568601
1979-03,0.07667426237706287,0.056772451604482965,0.01990181077257991
1979-04,0.013660736497524528,0.005219495581155975,0.008441240916368553
1979-05,-0.02244274751161912,-0.013037400332218785,-0.009405347179400336
1979-06,0.05554731202009755,0.04110391198714103,0.014443400032956522
1979-07,0.011317080074636277,0.012880635855741174,-0.0015635557811048972
1979-08,0.06539078653517616,0.06063440141721754,0.004756385117958617
1979-09,0.009894243247175583,-0.004539704668690581,0.014433947915866163
1979-10,-0.07214782509741835,-0.07036673678800842,-0.0017810883094099283
1979-11,0.0688822167545009,0.05625823681637243,0.012623979938128471
1979-12,0.02862362060343382,0.02209784135481474,0.006525779248619079
1980-01,0.060995795975326006,0.04571232189522978,0.015283474080096227
1980-02,0.01660794568587698,-0.022008938819664925,0.038616884505541904
1980-03,-0.14033413102089687,-0.09340482561211128,-0.04692930540878559
1980-04,0.05398403692758569,0.04970960424664406,0.004274432680941631
1980-05,0.06361195199199843,0.06283593133400989,0.0007760206579885409
1980-06,0.03715930019843494,0.02869172554400956,0.00846757465442538
1980-07,0.06173409189796231,0.07523252652279577,-0.013498434624833466
1980-08,0.021745886276274273,0.021780653769405856,-3.476749313158223e-05
1980-09,0.046560044099469566,0.019692416377857347,0.02686762772161222
1980-10,0.02792057366069356,0.006581174939099821,0.02133939872159374
1980-11,0.1389504184468564,0.0744087252625436,0.0645416931843128
1980-12,-0.042403475346268205,-0.011340133949852005,-0.0310633413964162
1981-01,-0.07229656976116539,-0.021961326892927624,-0.05033524286823776
1981-02,0.010185790923427307,0.020463916262768,-0.010278125339340694
1981-03,0.07244234039006514,0.0548018549086704,0.01764048548139474
1981-04,-0.015132660775776574,0.004115886831001836,-0.01924854760677841
1981-05,0.016821779703382722,0.023586671476800936,-0.0067648917734182135
1981-06,-0.028290731788631507,-0.014609243583769471,-0.013681488204862036
1981-07,-0.03344262677399823,-0.009282780026023563,-0.024159846747974667
1981-08,-0.0629353150502322,-0.0539433943081824,-0.008991920742049797
1981-09,-0.03403833947305579,-0.041429754374576744,0.007391414901520954
1981-10,0.06000613026819934,0.05453489168472858,0.005471238583470761
1981-11,0.02109263424052754,0.03923800536968969,-0.018145371129162147
1981-12,-0.017270109463631167,-0.019687330140182646,0.002417220676551479
1982-01,-0.0004009378940201813,-0.010446709983827795,0.010045772089807614
1982-02,-0.03013617988841366,-0.0392414764654897,0.009105296577076039
1982-03,0.029323862473091822,0.0013973473045443274,0.027926515168547494
1982-04,0.030218824098313668,0.044936158255110215,-0.014717334156796547
1982-05,-0.012114115057494157,-0.02481824902398977,0.012704133966495612
1982-06,-0.01000694922987233,-0.012070103393479359,0.0020631541636070283
1982-07,-0.0061422331474497716,-0.013151040811865133,0.007008807664415362
1982-08,0.11242175234455831,0.11920773437415089,-0.006785982029592574
1982-09,0.03721428093320833,0.018764293982426183,0.01844998695078215
1982-10,0.13831173046586454,0.11614071238507129,0.022171018080793248
1982-11,0.08187252875479234,0.055410099875151,0.026462428879641342
1982-12,0.006424052855843687,0.013154416379881129,-0.0067303635240374415
1983-01,0.0490075073672156,0.04283941785529688,0.006168089511918717
1983-02,0.05067077429483602,0.030986279091801183,0.019684495203034835
1983-03,0.026386381711111184,0.033941033523333,-0.007554651812221813
1983-04,0.08981268553806054,0.07214499007108666,0.017667695466973887
1983-05,0.003960843535304237,0.004421971380111245,-0.00046112784480700775
1983-06,0.07519115722337189,0.0419808056919011,0.03321035153147078
1983-07,-0.04126118352860619,-0.03353383415311084,-0.0077273493754953515
1983-08,-0.02769510498655725,0.0017727546951826767,-0.029467859681739927
1983-09,0.029126301743025884,0.02088876967198372,0.008237532071042164
1983-10,-0.0289379770556476,-0.021627639581202618,-0.007310337474444983
1983-11,0.03665222855006034,0.02253968440840981,0.01411254414165053
1983-12,-0.0027318446925512774,-0.012601478866943516,0.009869634174392239
1984-01,-0.04970051658056995,-0.008448520509579338,-0.041251996070990615
1984-02,-0.054286549059317846,-0.038747770058392916,-0.01553877900092493
1984-03,0.007227619830548315,0.005719117982040167,0.001508501848508148
1984-04,0.01565856857193526,0.007632480747119308,0.008026087824815953
1984-05,-0.0281973537656236,-0.0476563922147738,0.0194590384491502
1984-06,0.021084741440364096,0.03753184707931623,-0.01644710563895213
1984-07,-0.030536323573827184,-0.013174050654768288,-0.017362272919058896
1984-08,0.09768391303266544,0.10443801032172328,-0.006754097289057848
1984-09,0.02977698943214535,0.0023916690552865383,0.027385320376858813
1984-10,-0.012901544074369053,0.00349771641290908,-0.016399260487278133
1984-11,-0.002843747818933706,-0.009307695277604222,0.006463947458670516
1984-12,0.023656305006606093,0.026112304358938188,-0.0024559993523320944
1985-01,0.04932318672035607,0.08175395929832807,-0.032430772577972
1985-02,0.030081621826264948,0.0192376896782267,0.010843932148038249
1985-03,0.01596012835512628,0.00598221186666148,0.0099779164884648
1985-04,0.000899533255542373,-0.004717586116661399,0.0056171193722037716
1985-05,0.06662533026681094,0.06069920426775832,0.005926125999052623
1985-06,0.03492907559043612,0.01886083154888074,0.01606824404155538
1985-07,-0.03158963160526762,-0.006696020090148913,-0.024893611515118708
1985-08,0.006889723216249699,-0.0037931938553311673,0.010682917071580866
1985-09,-0.048137208597013426,-0.036376037197629385,-0.01176117139938404
1985-10,0.05164680833697166,0.04339355766031194,0.008253250676659718
1985-11,0.08326969557046549,0.07150163126959308,0.011768064300872405
1985-12,0.052845353854438004,0.04606036925630996,0.006784984598128041
1986-01,0.014323446092317837,0.004661639515185501,0.009661806577132337
1986-02,0.0806048427604702,0.07383688141447475,0.0067679613459954435
1986-03,0.058827095484085934,0.057369118389419826,0.0014579770946661075
1986-04,-0.012829712345914457,-0.0027931312161271205,-0.010036581129787336
1986-05,0.06322416263955999,0.05453909830474846,0.008685064334811532
1986-06,0.036089177760593616,0.02076893713075223,0.015320240629841386
1986-07,-0.06857729621603614,-0.054674799009776676,-0.013902497206259468
1986-08,0.027457242730685838,0.0669747033486301,-0.039517460617944256
1986-09,-0.10637029965980671,-0.08182041016035169,-0.024549889499455024
1986-10,0.07313363392718952,0.053158297114831665,0.019975336812357858
1986-11,0.008793295476275942,0.021440257541279983,-0.012646962065004042
1986-12,-0.025801577050137525,-0.0287067846938176,0.0029052076436800744
1987-01,0.12302810829117394,0.1287435619530528,-0.0057154536618788665
1987-02,0.05551465244207354,0.04510702671489719,0.01040762572717635
1987-03,0.04338536422737094,0.024572020427796826,0.01881334379957411
1987-04,-0.020089998994802127,-0.012661980872692102,-0.007428018122110025
1987-05,0.022992635590283417,0.007597342986104705,0.015395292604178712
1987-06,0.04428160682896931,0.04657257836576778,-0.0022909715367984695
1987-07,0.03658217766326399,0.043032173776341054,-0.006449996113077061
1987-08,0.034453450098979266,0.040218843019924844,-0.005765392920945578
1987-09,-0.024673514599776403,-0.022566048786813564,-0.0021074658129628387
1987-10,-0.24762100885555316,-0.21058694270333222,-0.037034066152220935
1987-11,-0.07819200126083681,-0.07803044835448802,-0.00016155290634878305
1987-12,0.05231382642012328,0.0696194218275652,-0.01730559540744192
1988-01,0.071304666604594,0.051637361086777744,0.019667305517816258
1988-02,0.04976987030518254,0.04996448312553392,-0.00019461282035138083
1988-03,-0.01573475170320726,-0.02069213447227569,0.00495738276906843
1988-04,0.01695251140061993,0.011022153914961308,0.005930357485658622
1988-05,0.0055571460290329,0.0036524107289597207,0.0019047353000731793
1988-06,0.013192297977629552,0.04749332528935479,-0.03430102731172524
1988-07,0.011721907309487412,-0.0033028834877325552,0.015024790797219967
1988-08,-0.02506602108144662,-0.027987231067218787,0.0029212099857721663
1988-09,0.02389048573363639,0.039948681511635886,-0.016058195777999495
1988-10,0.024550347527301897,0.02223019496273393,0.0023201525645679677
1988-11,-0.02134581042811934,-0.015077826705316544,-0.006267983722802795
1988-12,0.017158593655171916,0.019815138685084444,-0.002656545029912527
1989-01,0.06677712224157006,0.064714672349796,0.0020624498917740652
1989-02,-0.020131609268770778,-0.01797477633545541,-0.002156832933315367
1989-03,0.045051475245874384,0.020806546470100606,0.024244928775773777
1989-04,0.06896015538971434,0.048046134131050966,0.020914021258663373
1989-05,0.04994636721782042,0.0396322579222792,0.010314109295541218
1989-06,-0.0020330279921135785,-0.004675581522353922,0.0026425535302403436
1989-07,0.11499481580263371,0.07725961509685253,0.03773520070578118
1989-08,0.0064572157691198395,0.019497455693512356,-0.013040239924392516
1989-09,0.018984636626690143,-0.003289175148743273,0.022273811775433416
1989-10,-0.013474743950675938,-0.02562098818484637,0.012146244234170434
1989-11,0.027860705690827325,0.01666901819907829,0.011191687491749036
1989-12,0.02759409140721547,0.01925132517658268,0.008342766230632792
1990-01,-0.09937569253033329,-0.06608090816744927,-0.03329478436288402
1990-02,0.0022210201608514613,0.016516608629426166,-0.014295588468574705
1990-03,0.02475694656946059,0.02747060696783188,-0.002713660398371287
1990-04,-0.0416290750167887,-0.026519442319771658,-0.01510963269701704
1990-05,0.08060118111870129,0.09155242759650939,-0.010951246477808096
1990-06,-0.008203583200224074,-0.0037685335153357924,-0.0044350496848882814
1990-07,0.022421495201231822,-0.011980198229875949,0.03440169343110777
1990-08,-0.06665285587391923,-0.09397581395281496,0.02732295807889573
1990-09,-0.018527321220203397,-0.051646352314792754,0.03311903109458936
1990-10,0.015691377492772052,-0.0077089438431729995,0.02340032133594505
1990-11,0.04534728647749087,0.0658714448363995,-0.02052415835890864
1990-12,0.0053835137730755545,0.024894456491617367,-0.019510942718541813
1991-01,0.025815891939456437,0.05201961733659588,-0.026203725397139443
1991-02,0.08400515085847648,0.07713001902773686,0.0068751318307396225
1991-03,0.03745400900150009,0.03093931759489843,0.006514691406601658
1991-04,-0.01637772624959344,0.0001399369694419228,-0.01651766321903536
1991-05,0.052315719286547546,0.044202362749437674,0.008113356537109873
1991-06,-0.04487408550759808,-0.043846065736441786,-0.0010280197711562966
1991-07,0.06529823994536765,0.043903429119646065,0.02139481082572159
1991-08,0.04009355719883545,0.023592386292685674,0.016501170906149776
1991-09,-0.022437937966016452,-0.010457193228115225,-0.011980744737901228
1991-10,0.01349338889012408,0.013152182834015536,0.00034120605610854504
1991-11,-0.030800279763710803,-0.03807805581576751,0.007277776052056706
1991-12,0.14132405807807458,0.10264512481096255,0.038678933267112026
1992-01,-0.010573793405927567,0.0013541801957086541,-0.011927973601636221
1992-02,0.0028175220552326685,0.019138805030108896,-0.016321282974876228
1992-03,-0.030599704920421078,-0.02015394086306377,-0.01044576405735731
1992-04,-0.017308457430700086,0.024892202591557222,-0.04220066002225731
1992-05,-0.001072399070604746,0.004752569215923597,-0.0058249682865283425
1992-06,0.008524186511979392,-0.016167045123560375,0.024691231635539768
1992-07,0.026621189854775906,0.04093877100082732,-0.014317581146051417
1992-08,-0.04545899596001968,-0.022966997294010416,-0.02249199866600926
1992-09,0.014548612592545362,0.011796578791451795,0.0027520338010935674
1992-10,-0.004538253030727302,0.008271385160652844,-0.012809638191380146
1992-11,0.06391054545739316,0.04167023696195504,0.02224030849543812
1992-12,0.025524654109018163,0.01824792766396599,0.007276726445052173
1993-01,0.04342663050093298,0.016881651247814933,0.02654497925311805
1993-02,0.018490578847130346,0.0064356142249897275,0.012054964622140618
1993-03,0.04182066687832964,0.026342685826206136,0.015477981052123502
1993-04,-0.021363301405341706,-0.022435943369577993,0.0010726419642362872
1993-05,0.01919322242642796,0.031883179387153904,-0.012689956960725945
1993-06,0.034287565717069146,0.005110640335908245,0.0291769253811609
1993-07,0.0008625704343798724,-0.0034714324162139487,0.004334002850593821
1993-08,0.030289731621936822,0.03846837633647504,-0.008178644714538219
1993-09,0.0076582134464329155,0.000925094047357744,0.006733119399075171
1993-10,0.026062434525282452,0.025164167081464184,0.0008982674438182681
1993-11,-0.027082857398715743,-0.016104189948350056,-0.010978667450365687
1993-12,0.014683733458886072,0.017255664500041457,-0.002571931041155384
1994-01,0.04617756006873508,0.029272548048010938,0.01690501202072414
1994-02,-0.035662464269714755,-0.025490642006839814,-0.010171822262874941
1994-03,-0.049286571108224764,-0.04575160443976933,-0.0035349666684554304
1994-04,-0.006938845294563123,0.01088539304910019,-0.017824238343663312
1994-05,0.004963843887828556,0.002883822653699575,0.0020800212341289814
1994-06,-0.03727668450120525,-0.026981950499041396,-0.010294734002163852
1994-07,0.039494876387945466,0.03104538531931178,0.008449491068633685
1994-08,0.08227192561006791,0.04026519238974835,0.04200673322031956
1994-09,-0.02400267646823595,-0.01829426427542824,-0.00570841219280771
1994-10,0.02815710951825312,0.019222379549973523,0.008934729968279598
1994-11,-0.02334668885602198,-0.03235034737241782,0.00900365851639584
1994-12,0.017883531757221238,0.011149670619611252,0.006733861137609987
1995-01,0.018417753240316914,0.0179324597782744,0.0004852934620425131
1995-02,0.03937770898079607,0.036915779571683904,0.0024619294091121624
1995-03,0.03355776571007518,0.02429188506022606,0.009265880649849123
1995-04,0.04376268395931282,0.023782103143732414,0.019980580815580407
1995-05,0.030987314774547636,0.035462876350259576,-0.004475561575711939
1995-06,0.052861050952117905,0.02620366218919945,0.026657388762918455
1995-07,0.047752029254542805,0.0357273791238899,0.012024650130652903
1995-08,0.005721727480990646,0.007081472590321658,-0.001359745109331012
1995-09,0.051264842940702104,0.03765241143701181,0.013612431503690292
1995-10,0.001353908259038361,-0.01062125108609735,0.01197515934513571
1995-11,0.03532589034380851,0.04232864615654308,-0.0070027558127345735
1995-12,0.009453750967509444,0.023071388363671508,-0.013617637396162063
1996-01,0.03844935829022167,0.024347554448528097,0.014101803841693572
1996-02,0.02459275483360024,0.01390332875805389,0.010689426075546349
1996-03,-0.004379297036066654,0.014058793231795708,-0.01843809026786236
1996-04,0.030956678292565876,0.022646360432218682,0.008310317860347194
1996-05,0.03949809484665656,0.026567401894080245,0.012930692952576317
1996-06,-0.01780208341356526,-0.002227879747628947,-0.015574203665936315
1996-07,-0.048850541756959465,-0.05708027898627277,0.008229737229313305
1996-08,0.024694949370765773,0.028552304316545207,-0.0038573549457794343
1996-09,0.05003871933318682,0.04434203522363789,0.005696684109548933
1996-10,0.022192475536890077,0.014538829263767816,0.007653646273122261
1996-11,0.05195470653116674,0.05999830742874224,-0.008043600897575498
1996-12,-0.005263489418430356,-0.008907578103508396,0.0036440886850780396
1997-01,0.06514007641282227,0.0454411288119263,0.019698947600895966
1997-02,-0.04195933054121315,0.0008580916563756258,-0.04281742219758877
1997-03,-0.013583246843413943,-0.03801345033261749,0.02443020348920355
1997-04,0.05957807570212115,0.03656595983638278,0.02301211586573837
1997-05,0.06390657058321514,0.06679827460017407,-0.002891704016958929
1997-06,0.03353044202814104,0.04060453222565208,-0.00707409019751104
1997-07,0.10729476753874345,0.06561167953192482,0.041683088006818636
1997-08,-0.05442992258120216,-0.028614338795415417,-0.025815583785786744
1997-09,0.04905014169028177,0.05796780053422257,-0.008917658843940801
1997-10,-0.04398997750846034,-0.023576753246999038,-0.020413224261461305
1997-11,0.0029529838602704306,0.036077632877983934,-0.0331246490177135
1997-12,0.025945077392991456,0.02215440734217089,0.003790670050820566
1998-01,0.02895684280713451,0.003335296301723245,0.025621546505411263
1998-02,0.06959312936978845,0.0706128507053625,-0.001019721335574042
1998-03,0.06782873156663971,0.05602719195296224,0.01180153961367747
1998-04,0.012585505631937721,0.006282456168044126,0.006303049463893595
1998-05,0.02080420983071707,-0.012931856464820424,0.03373606629553749
1998-06,0.023512172867039105,0.03250593433099058,-0.008993761463951477
1998-07,-0.0007372659403317439,-0.023420717091503285,0.02268345115117154
1998-08,-0.15174430681009854,-0.1328515655075313,-0.01889274130256724
1998-09,0.07682496708475872,0.06580522125928301,0.011019745825475713
1998-10,0.028990165027504622,0.0680642304735748,-0.03907406544607017
1998-11,0.03725086542273459,0.054112358627316004,-0.016861493204581413
1998-12,0.07654086247638792,0.05515728246530327,0.021383580011084646
1999-01,0.05771905877160166,0.018408568582207296,0.039310490189394365
1999-02,-0.05299331935633633,-0.03315269534145526,-0.01984062401488107
1999-03,0.03494370809045222,0.03150886294686139,0.0034348451435908256
1999-04,0.03461676365639921,0.05744036825390486,-0.022823604597505653
1999-05,-0.010513663294054898,-0.011860526655241288,0.00134686336118639
1999-06,0.08502627770452897,0.03270676416409546,0.052319513540433515
1999-07,-0.006372609534203044,-0.027397037237392396,0.021024427703189352
1999-08,-0.029497416144873667,-0.012050603686759254,-0.017446812458114414
1999-09,0.01937068583333379,-0.03248863246642886,0.05185931829976265
1999-10,0.05637409972577667,0.05416294140753264,0.002211158318244033
1999-11,0.07133382418094447,0.012694936829763304,0.05863888735118117
1999-12,0.11815164626305541,0.03644903438501634,0.08170261187803907
2000-01,-0.0262792228136014,-0.025106082547552977,-0.0011731402660484225
2000-02,0.028647844573072012,-0.031003009588262742,0.059650854161334754
2000-03,0.08054332391529395,0.08370570942130917,-0.0031623855060152195
2000-04,-0.07064480855460209,-0.00786562411575531,-0.06277918443884678
2000-05,-0.07915593223497508,-0.010185687478119987,-0.06897024475685509
2000-06,0.0737391847047344,0.004416918825264515,0.06932226587946988
2000-07,-0.04818409734955853,-0.009647614883790068,-0.03853648246576846
2000-08,0.08309201319688553,0.052690307901397615,0.030401705295487913
2000-09,-0.03636886941303352,-0.005392256706980736,-0.030976612706052786
2000-10,-0.022370955603957743,0.00030295118313716785,-0.02267390678709491
2000-11,-0.07649893917457706,-0.057094475140571754,-0.01940446403400531
2000-12,0.057847207867978145,0.029792842806849018,0.028054365061129127
2001-01,-0.07005019711062044,0.026418936339825283,-0.09646913345044572
2001-02,0.019249163188295393,-0.045277727497115006,0.0645268906854104
2001-03,-0.027763149941140042,-0.0490880210639304,0.021324871122790356
2001-04,0.03491440992826278,0.07053321743304375,-0.03561880750478097
2001-05,0.012887142621999637,0.007734883614296084,0.005152259007703552
2001-06,-0.05043981951566612,-0.02291940003726123,-0.02752041947840489
2001-07,-0.022045427019462216,-0.006702964423951796,-0.01534246259551042
2001-08,-0.0032723165644383823,-0.04971284370186524,0.04644052713742686
2001-09,-0.10159923346108979,-0.08564788712859084,-0.01595134633249895
2001-10,0.013039729704054759,0.021142939421571194,-0.008103209717516435
2001-11,0.03618776462743778,0.06416079864111812,-0.027973034013680342
2001-12,0.04031624413682522,0.020846708147493898,0.01946953598933132
2002-01,0.020752572101745637,-0.010960414031695676,0.03171298613344131
2002-02,0.012091814224066022,0.00030700863414390156,0.01178480558992212
2002-03,0.03571661659261083,0.04831186940976795,-0.012595252817157121
2002-04,-0.003371530615332796,-0.03902149823240231,0.03564996761706951
2002-05,-0.001441536740320104,-0.011941754556312967,0.010500217815992863
2002-06,-0.05761454804043764,-0.06928891360352929,0.011674365563091649
2002-07,-0.0889047804539207,-0.09303610802888773,0.004131327574967036
2002-08,0.0049648441406902055,0.008455626809256822,-0.0034907826685666166
2002-09,-0.07973888777654259,-0.09808467874463567,0.01834579096809308
2002-10,0.020091890540700375,0.06773840997815772,-0.047646519437457346
2002-11,0.05715024912115951,0.059682457291518,-0.0025322081703584853
2002-12,-0.011017619003695911,-0.04419023464683158,0.03317261564313567
2003-01,-0.03832950355084597,-0.030488891953851627,-0.00784061159699434
2003-02,-0.010997650170063933,-0.02313523682870411,0.012137586658640176
2003-03,-0.00060596254622447,0.009980451894674003,-0.010586414440898473
2003-04,0.03367977345422424,0.07779870202898653,-0.044118928574762295
2003-05,0.058714175763519894,0.06463301494999119,-0.005918839186471292
2003-06,0.013691336796099574,0.01565826704376949,-0.001966930247669918
2003-07,0.013890401599733204,0.013164079608583679,0.0007263219911495256
2003-08,0.014986185292452436,0.032352112325325644,-0.017365927032873207
2003-09,-0.02051466593006246,-0.015594222250065348,-0.004920443679997111
2003-10,0.07436245944829611,0.056626690298856364,0.01773576914943975
2003-11,0.019259673539718802,0.015087545087947296,0.004172128451771506
2003-12,0.01925660503081783,0.05903491919535031,-0.03977831416453248
2004-01,0.013648500129016083,0.013324515925050351,0.0003239842039657326
2004-02,-0.003472644013637338,0.018662571129828054,-0.022135215143465392
2004-03,-0.01543679551925603,-0.00940963594332267,-0.006027159575933361
2004-04,-0.020436649168968035,-0.0054460747928213316,-0.014990574376146704
2004-05,0.01211942806551325,0.0033871818005484222,0.008732246264964827
2004-06,0.053303195683824356,0.024101498070261185,0.02920169761356317
2004-07,-0.017933623255134812,-0.03210862424171501,0.0141750009865802
2004-08,-0.00758388816151323,0.0011556443329734378,-0.008739532494486668
2004-09,0.040117724260211096,0.01950003170103365,0.020617692559177447
2004-10,-0.013035707443390221,0.01343067081566618,-0.0264663782590564
2004-11,0.06197863573937901,0.04895771385193015,0.013020921887448855
2004-12,0.00896241312261381,0.0331728874230226,-0.02421047430040879
2005-01,0.010089297320914792,-0.021607095477932714,0.031696392798847506
2005-02,0.08625673543793244,0.02915629386232621,0.05710044157560623
2005-03,-0.014099406653450886,-0.018286865697094812,0.004187459043643926
2005-04,-0.02720668860772446,-0.02960892865589615,0.002402240048171689
2005-05,0.022216347980060558,0.03865252114478568,-0.01643617316472512
2005-06,0.033864352115268836,0.012408452765722888,0.021455899349545948
2005-07,0.048650275045841074,0.044038584151340654,0.00461169089450042
2005-08,0.004860534904318703,-0.0062567341422821166,0.01111726904660082
2005-09,0.032779143643514086,0.0051903146767298125,0.027588828966784273
2005-10,-0.06201281880313392,-0.03141134144647839,-0.030601477356655526
2005-11,0.019976473029131414,0.02881627522921648,-0.008839802200085067
2005-12,0.013251457459770632,0.0007511705618217235,0.012500286897948909
2006-01,0.05824369091434267,0.0403244592520684,0.01791923166227427
2006-02,-0.023400960985583974,-0.00038097981349871635,-0.023019981172085258
2006-03,0.010409686093216797,0.01522045241181158,-0.0048107663185947835
2006-04,0.02794126426224186,0.010782044347908082,0.01715921991433378
2006-05,-0.046336093984336024,-0.017678401589697135,-0.02865769239463889
2006-06,0.005931188531421716,0.008159462955957375,-0.002228274424535659
2006-07,0.0016930218699251487,0.004363323928823215,-0.0026703020588980664
2006-08,0.0017836677581455351,0.022471853416320853,-0.020688185658175318
2006-09,0.005453345591000636,0.017213795520424124,-0.011760449929423489
2006-10,0.04108613102183689,0.04054778686260141,0.0005383441592354821
2006-11,0.0195599766627772,0.022525224210232953,-0.0029652475474557516
2006-12,0.013823644999519935,0.008660927582586408,0.005162717416933527
2007-01,0.014021178339901352,0.019672366330539592,-0.00565118799063824
2007-02,-0.0010329778370272713,-0.01009595356895654,0.009062975731929268
2007-03,0.012515046178268152,0.01688196150619614,-0.004366915327927989
2007-04,0.03058963160526762,0.042231356613574356,-0.011641725008306736
2007-05,0.037928790834858006,0.037053771112603995,0.0008750197222540113
2007-06,-0.0195350775941181,-0.013207921697174885,-0.006327155896943215
2007-07,-0.026476263313234938,-0.033617961847081546,0.007141698533846608
2007-08,0.008359380658001125,0.009831480238807755,-0.0014720995808066295
2007-09,0.05070959156432031,0.034204186442370776,0.016505405121949535
2007-10,0.03482155359226535,0.02087216747859033,0.013949386113675022
2007-11,-0.048376695628279176,-0.03928937965227075,-0.009087315976008425
2007-12,0.033856983907396554,-0.002493913281705451,0.036350897189102005
2008-01,-0.07854762945750993,-0.06112134250024359,-0.017426286957266335
2008-02,0.015495274191571706,-0.022403582978250958,0.037898857169822664
2008-03,-0.006533853328729022,-0.006445828703562584,-8.80246251664385e-05
2008-04,0.0484920155237516,0.04746138803444233,0.001030627489309266
2008-05,0.03651355830009173,0.026728610787606355,0.009784947512485376
2008-06,-0.02292685611055223,-0.07922802357139314,0.056301167460840906
2008-07,-0.07668849248560039,-0.012805459019900933,-0.06388303346569946
2008-08,0.0037030642281641324,0.018507281211717297,-0.014804216983553165
2008-09,-0.10000387341353567,-0.09252555052595846,-0.007478322887577216
2008-10,-0.12977961699818896,-0.17527480475007706,0.0454951877518881
2008-11,-0.06522349608398603,-0.06120528011479032,-0.004018215969195715
2008-12,0.04165890984054377,0.01601844152773957,0.0256404683128042
2009-01,-0.04954336179443253,-0.07232990909011128,0.02278654729567875
2009-02,-0.07177562826410211,-0.09887072971390998,0.027095101449807868
2009-03,0.05519935225107209,0.08289981330868779,-0.0277004610576157
2009-04,0.04488486414402404,0.11972597828515452,-0.07484111414113048
2009-05,0.041448518157475966,0.04107095879245182,0.00037755936502414933
2009-06,0.013216867114732134,0.010663976783516604,0.0025528903312155293
2009-07,0.06519198818488192,0.08326554097518502,-0.018073552790303093
2009-08,0.022163339496374945,0.023865564523163796,-0.0017022250267888506
2009-09,0.02936165466144791,0.039622529561416764,-0.010260874899968853
2009-10,-0.01676514227963144,-0.018697338846753175,0.0019321965671217356
2009-11,0.07531609731711364,0.060330129310920855,0.014985968006192785
2009-12,0.044909323880486074,0.03420146257890577,0.010707861301580301
2010-01,-0.038720586764460774,-0.032369576171824344,-0.00635101059263643
2010-02,0.057952104728907994,0.033248243362614005,0.02470386136629399
2010-03,0.0795714197155426,0.0602811134550838,0.0192903062604588
2010-04,0.040861868160610104,0.02418191803142289,0.016679950129187215
2010-05,-0.08750930092748166,-0.07561793968659614,-0.011891361240885523
2010-06,-0.07574255145786213,-0.052627126236521105,-0.023115425221341024
2010-07,0.0989545201023656,0.07741529880061027,0.02153922130175534
2010-08,-0.057447922388920714,-0.04070028259288805,-0.016747639796032665
2010-09,0.10371824289883458,0.09231576074438297,0.01140248215445161
2010-10,0.05797264642089339,0.04188950126025004,0.016083145160643353
2010-11,0.022688276857794065,0.011581727028735278,0.011106549829058787
2010-12,0.07491576569588831,0.06332543872581176,0.011590326970076559
2011-01,0.006029696515271077,0.01399098848910052,-0.007961291973829443
2011-02,0.028587425457023752,0.03438863588165697,-0.0058012104246332186
2011-03,0.018510457174678807,0.012270773499979182,0.006239683674699625
2011-04,0.025399250906763315,0.03407446068035114,-0.008675209773587822
2011-05,-0.020029770959764992,-0.007665505838592823,-0.012364265121172169
2011-06,-0.014309182114110253,-0.014120759607291866,-0.00018842250681838646
2011-07,-0.04538776603637884,-0.027563063932802057,-0.017824702103576784
2011-08,-0.0706780285269406,-0.05475200481366438,-0.015926023713276227
2011-09,-0.09077916305426015,-0.07304555312210392,-0.017733609932156225
2011-10,0.0967559013500654,0.11472717526858012,-0.01797127391851472
2011-11,0.011376293933519133,-0.004069204256784031,0.015445498190303164
2011-12,0.014494565904145107,0.010148348804255525,0.004346217099889582
2012-01,0.0054646774462410175,0.04468195405856523,-0.039217276612324214
2012-02,0.02782148119587724,0.041841787297306254,-0.014020306101429014
2012-03,0.03346169429405754,0.024662682755072662,0.00879901153898488
2012-04,0.011527242150559225,-0.007659427939970875,0.0191866700905301
2012-05,-0.04531989376695034,-0.052319159324860975,0.006999265557910639
2012-06,0.029756576096015896,0.03224304600987682,-0.0024864699138609225
2012-07,0.02039722590402282,0.013958158393484466,0.006439067510538354
2012-08,0.014987174647355328,0.01914345171725995,-0.004156277069904624
2012-09,0.038195934649771335,0.028450856321956763,0.009745078327814571
2012-10,-0.01793932523504238,-0.007536127787663216,-0.010403197447379164
2012-11,0.01013071660685716,0.007359097820053728,0.0027716187868034314
2012-12,0.013925443867415899,0.013081402603416947,0.0008440412639989514
2013-01,0.06120520023061071,0.05464946163696305,0.006555738593647664
2013-02,0.01639030778654149,0.013133698254982562,0.0032566095315589294
2013-03,0.0544978684458759,0.043646064963381415,0.010851803482494482
2013-04,0.025795913629037992,0.022984226020503762,0.00281168760853423
2013-05,0.0192942026634646,0.019691380944172776,-0.00039717828070817696
2013-06,0.0001535530919911654,-0.007506996133858523,0.007660549225849689
2013-07,0.07540134313264235,0.056613468716990356,0.018787874415651995
2013-08,-0.027939137444007667,-0.02819605185383578,0.00025691440982811287
2013-09,0.0481603297925528,0.03722324882343875,0.010937080969114055
2013-10,0.027127999030426286,0.04041383085492667,-0.013285831824500383
2013-11,0.030816466132345566,0.021735119232809907,0.009081346899535658
2013-12,0.01625712648883182,0.023571404548710984,-0.007314278059879165
2014-01,-0.020538117785230625,-0.03225525915298877,0.011717141367758144
2014-02,0.059352812798057375,0.04849639998887323,0.010856412809184146
2014-03,-0.014362043673945446,0.006053432429584449,-0.020415476103529895
2014-04,-0.003503594139485644,0.008432005930870456,-0.0119356000703561
2014-05,0.019291125089565764,0.01836130897615651,0.0009298161134092542
2014-06,0.02840999448459769,0.027574549690076555,0.0008354447945211341
2014-07,-0.014733283039431444,-0.026825625536892495,0.01209234249746105
2014-08,0.03998649774962493,0.04230956801742747,-0.0023230702678025406
2014-09,-0.010563310551758631,-0.028675532819358418,0.018112222267599787
2014-10,0.04701627421990384,0.026017333311668667,0.020998940908235175
2014-11,0.023523048835266236,0.021450728549069042,0.0020723202861971934
2014-12,-0.0007734799185522556,-0.0011133055774424916,0.00033982565889023597
2015-01,-0.002139778985251861,-0.02481596556892629,0.02267618658367443
2015-02,0.01736071011835305,0.053697268453252844,-0.03633655833489979
2015-03,-0.0065844831648952384,-0.011581252066566239,0.004996768901671
2015-04,-0.007995000833194488,0.008314078187023899,-0.016309079020218387
2015-05,0.026625842249931697,0.007860781960158159,0.01876506028977354
2015-06,-0.012774123337745524,-0.01874737258335013,0.005973249245604606
2015-07,0.03615857199652672,0.008522697843944105,0.027635874152582618
2015-08,-0.059580545202682966,-0.057494795924272535,-0.0020857492784104315
2015-09,-0.031808417948003376,-0.030366172643551348,-0.0014422453044520278
2015-10,0.0637529671881667,0.07551086023183862,-0.011757893043671919
2015-11,0.004093679361130365,0.001370167065225969,0.0027235122959043956
2015-12,-0.005671166164725627,-0.025626495349400535,0.019955329184674908
2016-01,-0.03440632401299193,-0.04652886851114535,0.01212254449815342
2016-02,-0.000612452474435643,0.005479341207995869,-0.006091793682431512
2016-03,0.05524807467911308,0.07255161579154645,-0.017303541112433374
2016-04,0.001364769103974428,0.015771623133987056,-0.014406854030012628
2016-05,0.02245678598854961,0.010647546341863157,0.011809239646686454
2016-06,0.04264279032430096,0.009443272737317931,0.03319951758698303
2016-07,0.023691931988664816,0.03309517185886057,-0.009403239870195756
2016-08,-0.009613270993269918,-0.0037435445549663937,-0.005869726438303524
2016-09,-0.0009426705333108742,0.002239733745621475,-0.0031824042789323492
2016-10,-0.01349907949656226,-0.02517661882579214,0.01167753932922988
2016-11,0.014257517522756391,0.042350507938035076,-0.028092990415278685
2016-12,0.026275010434857693,0.022650048110552046,0.0036249623243056472
2017-01,-0.0002001999666724208,0.016752478718061514,-0.016952678684733935
2017-02,0.005914731792496131,0.028312045795239937,-0.022397314002743807
2017-03,-0.0027094613367694143,0.0026199006988656404,-0.005329362035635055
2017-04,0.015690016618177705,0.008286253971804047,0.007403762646373657
2017-05,0.016595952625307442,0.006984462149233206,0.009611490476074236
2017-06,0.0119252055101009,0.004940803668110005,0.006984401841990895
2017-07,0.024055791581136354,0.017397336159562737,0.006658455421573617
2017-08,0.009196047778031735,-0.003407292720732036,0.012603340498763771
2017-09,0.030359589095215966,0.026169878236604438,0.004189710858611528
2017-10,0.03955847055623862,0.011595837417271992,0.02796263313896663
2017-11,0.028156997724543054,0.03168783797993102,-0.003530840255387968
2017-12,0.006125502667478244,0.011632753688475495,-0.00550725102099725
2018-01,0.06072759629152347,0.04128898930579461,0.019438606985728857
2018-02,-0.02872986726878579,-0.04997176826137595,0.021241900992590157
2018-03,-0.026509450205533858,-0.015940469039219862,-0.010568981166313995
2018-04,0.013693712207013764,0.006879832553970511,0.006813879653043253
2018-05,0.030325285107336564,0.018845408456371837,0.011479876650964727
2018-06,0.007951787047272063,0.016581269494827522,-0.008629482447555459
2018-07,0.02212478596950418,0.02772019064252995,-0.005595404673025772
2018-08,0.0409961417902962,0.020943090882576287,0.020053050907719916
2018-09,0.012877487359004292,0.00392578583407599,0.008951701524928302
2018-10,-0.08157904368205104,-0.05837692827732477,-0.023202115404726276
2018-11,0.024553457952831703,0.024278607395677776,0.00027485055715392726
2018-12,-0.08674989573538794,-0.09441935571493876,0.007669459979550819
2019-01,0.07607314213943761,0.08180924033469394,-0.005736098195256334
2019-02,0.025150815105584146,0.03217112775743014,-0.007020312651845995
2019-03,0.024094173659204854,0.010034754970644766,0.014059418688560088
2019-04,0.008193763957567546,0.03170861067086461,-0.023514846713297066
2019-05,-0.04427080486585566,-0.06758039250218595,0.023309587636330287
2019-06,0.052848874812468694,0.07342295781136965,-0.020574082998900955
2019-07,0.00686077227201376,0.006060830968997344,0.000799941303016416
2019-08,0.0034931404036777636,-0.02029743254698213,0.023790572950659894
2019-09,0.021622931584013294,0.021427181064555878,0.00019575051945741606
2019-10,0.013594125324659423,0.017573351885715294,-0.003979226561055871
2019-11,0.02095038863228127,0.027788435002653378,-0.006838046370372108
2019-12,0.029642371690621783,0.032611892154699174,-0.002969520464077391
2020-01,-0.0006395178861776651,-0.0051767040338284165,0.004537186147650751
2020-02,-0.07694379615112112,-0.08512607078872769,0.008182274637606568
2020-03,-0.15219881686385606,-0.1531892606041162,0.0009904437402601385
2020-04,0.16497723080624715,0.14881658475382054,0.01616064605242662
2020-05,0.053525979889943676,0.046891374449415046,0.006634605440528629
2020-06,0.06104201992514757,0.01776356302387949,0.04327845690126808
2020-07,0.09977240770781659,0.060199405392394656,0.039573002315421935
2020-08,0.19852245627527054,0.08163242145112615,0.1168900348241444
2020-09,-0.06052176486117977,-0.04205123690489576,-0.01847052795628401
2020-10,-0.025743681701390964,-0.02114703078635305,-0.004596650915037914
2020-11,0.17639680743871256,0.1482598165401825,0.028136990898530057
2020-12,0.07278391317265598,0.051059040196498096,0.021724872976157883
2021-01,0.03990714415185881,0.007259043779711982,0.03264810037214683
2021-02,-0.027956656387343348,0.030281828367814123,-0.05823848475515747
2021-03,0.0248814168854401,0.04189857231252536,-0.017017155427085262
2021-04,0.038209712240940163,0.0400646223523653,-0.0018549101114251343
2021-05,3.2977837027159396e-05,0.003542746774761296,-0.003509768937734137
2021-06,0.008415191207017392,0.019917510650858006,-0.011502319443840614
2021-07,-0.000682244416860156,0.0013750419375349043,-0.0020572863543950604
2021-08,0.010725105008091651,0.01806921405771278,-0.007344109049621128
2021-09,0.03809224113509435,-0.025936486911244616,0.06402872804633897
2021-10,0.15907294656008997,0.072818847451674,0.08625409910841597
2021-11,-0.029474830820885423,-0.023914868162324354,-0.005559962658561068
2021-12,0.01108266333065333,0.039474819405650896,-0.028392156074997565
2022-01,-0.004750746698317765,-0.032713230057096476,0.02796248335877871
2022-02,0.0067040981272996625,-0.010136433225162778,0.01684053135246244
2022-03,0.11429010164972508,0.04594825764774235,0.06834184400198273
2022-04,-0.10290367913081533,-0.07392883582611942,-0.028974843304695908
2022-05,0.03739521103885557,0.013355899000637272,0.024039312038218297
2022-06,-0.1164697135959345,-0.08276263868227363,-0.03370707491366087
2022-07,0.06925705179781438,0.09482244757498015,-0.025565395777165767
2022-08,0.0054556181613056864,-0.02656362549726532,0.032019243658571006
2022-09,-0.09167080912961056,-0.09032909719855353,-0.0013417119310570325
2022-10,0.12251523693562438,0.08271501498252154,0.03980022195310284
2022-11,0.04396538861654675,0.03670427666509424,0.007261111951452515
2022-12,-0.026643777321763262,-0.06822427454899604,0.04158049722723278
2023-01,0.0038612455271545,0.07545287413614488,-0.07159162860899038
2023-02,-0.05535331022108625,-0.02338881829598871,-0.03196449192509754
2023-03,0.02002830711005843,0.017653221126527674,0.002375085983530756
2023-04,0.01651412102517069,0.0010055946054223774,0.015508526419748314
2023-05,-0.02200012798801909,-0.019605728182661264,-0.0023943998053578275
2023-06,0.044036960506582234,0.07765868168320234,-0.0336217211766201
2023-07,0.045769138476920546,0.031151007781026863,0.014618130695893683
2023-08,-0.015037094426603503,-0.019377399846397636,0.004340305419794133
2023-09,-0.05531829360870144,-0.03915936226889849,-0.01615893133980295
2023-10,-0.035595192325060365,-0.03816961893965154,0.0025744266145911743
2023-11,0.0927022503750623,0.07563081464750088,0.017071435727561424
2023-12,0.056640839308354396,0.04466377273526323,0.011977066573091166
2024-01,-0.04526991890217824,-0.01071961469206606,-0.03455030421011218
2024-02,0.07631628852929273,0.04194918990584995,0.03436709862344278
2024-03,0.03138495387803775,0.03396775538538366,-0.002582801507345911
2024-04,-0.045670725627317665,-0.0314119032650787,-0.014258822362238965
2024-05,0.04609942765738828,0.03163808279042013,0.014461344866968151
2024-06,0.0038209502960762087,0.009109724416614506,-0.005288774120538298
2024-07,0.016292667488198687,0.037813019922837254,-0.021520352434638568
2024-08,0.019184808713504475,0.015656411475916343,0.0035283972375881323
2024-09,0.024362881536358127,0.030957885211781555,-0.006595003675423428
2024-10,0.004892566165810575,-0.010655776822387386,0.01554834298819796
2024-11,0.07113069267997019,0.08408044507075307,-0.012949752390782887
2024-12,-0.04477578129314719,-0.039472489058273275,-0.005303292234873913
2025-01,0.031678738554217434,0.030255962616856813,0.0014227759373606208
2025-02,-0.08274836979268108,-0.009490659032089566,-0.07325771076059151
2025-03,-0.05563147581020689,-0.03588779047512636,-0.01974368533508053
2025-04,-0.0014486393612732629,-0.017268370065414262,0.015819730704141
2025-05,0.08714490301660338,0.05255294018788503,0.03459196282871835
2025-06,-0.004030970646902499,0.024529656457243032,-0.02856062710414553
2025-07,-0.0038514727242583424,0.007956792252940215,-0.011808264977198557
2025-08,0.03415368046823497,0.02977685650530293,0.004376823962932042
2025-09,0.10316542757126168,0.03509956935346281,0.06806585821779887
2025-10,0.007655090270552556,0.0045551241243861895,0.0030999661461663663
2025-11,-0.015295065844307398,0.015425191626351697,-0.030720257470659096
2025-12,0.007086661326257904,0.0021247918366422702,0.0049618694896156335
