sample,hypothesis,n_months,threshold_family,true_months,false_months,true_contiguous_episodes,false_contiguous_episodes,true_mean_active_ann,false_mean_active_ann,difference_true_minus_false_ann,difference_hac12_se_ann,difference_p,expected_favorable_state,expected_favorable_mean_active_ann,expected_favorable_mean_hac12_se_ann,expected_favorable_mean_p,difference_holm8_p,expected_favorable_mean_holm8_p
1960-01 to 1999-12,H1,480,early,15,465,5,6,-0.13808981430273257,0.02280590579359143,-0.16089572009632408,0.04648940411022662,0.0005383494689121096,False,0.02280590579359143,0.009156881625754374,0.012753636591313915,0.004306795751296877,0.0892754561391974
1960-01 to 1999-12,H2,480,early,374,106,55,54,0.0181024700663585,0.016632784666612697,0.0014696853997458138,0.02185685974706998,0.9463895436145695,True,0.0181024700663585,0.011120700778697076,0.10356361299139555,1.0,0.6213816779483733
1960-01 to 1999-12,H3,480,early,165,315,41,40,0.01924828308069273,0.01700772149576103,0.0022405615849317075,0.022022697117095355,0.9189640469533198,True,0.01924828308069273,0.01989928396285172,0.33340147488049815,1.0,1.0
1960-01 to 1999-12,H4,480,early,142,338,40,39,0.013902934543081447,0.019405864717045744,-0.005502930173964282,0.02380866983441813,0.8172127549832879,True,0.013902934543081447,0.0221215229170736,0.5296895497334176,1.0,1.0
2000-01 to 2025-12,H1,312,late,31,281,10,11,-0.006657076039378018,0.019954136575348447,-0.02661121261472646,0.06308950610698369,0.6731703237623845,False,0.019954136575348447,0.015873903570267318,0.208739041466204,1.0,1.0
2000-01 to 2025-12,H2,312,late,243,69,42,41,0.003179467784189203,0.06707438186803216,-0.06389491408384297,0.035514633702766536,0.072000474118926,True,0.003179467784189203,0.01708634376186941,0.8523801468490471,0.576003792951408,1.0
2000-01 to 2025-12,H3,312,late,183,129,30,29,0.025288114665158682,0.005992387881613621,0.019295726783545,0.025610679732362068,0.4511945549716771,True,0.025288114665158682,0.021469136696018198,0.23884355921754774,1.0,1.0
2000-01 to 2025-12,H4,312,late,149,163,37,36,0.021658640440130224,0.013335003649526325,0.008323636790603915,0.026896077691823617,0.7569609858602365,True,0.021658640440130224,0.02265080213549424,0.3389724613099619,1.0,1.0
2000-01 to 2012-12,H1,156,late,26,130,6,7,0.0436579236565939,-0.013442592183697484,0.05710051584029141,0.046512842138293306,0.21958625447463895,False,-0.013442592183697484,0.020447340700794514,0.5109077054796911,1.0,1.0
2000-01 to 2012-12,H2,156,late,117,39,23,22,-0.014332199882674182,0.027293241473426863,-0.04162544135610108,0.0429117613205746,0.33203449457513573,True,-0.014332199882674182,0.020448111136827096,0.48336179886434416,1.0,1.0
2000-01 to 2012-12,H3,156,late,91,65,14,14,0.0012718007793683993,-0.011202535995873158,0.012474336775241533,0.032472974688492195,0.7008708452408321,True,0.0012718007793683993,0.023649500041212454,0.9571127799082285,1.0,1.0
2000-01 to 2012-12,H4,156,late,74,82,19,19,-0.0010137884598886507,-0.006553788082652105,0.005539999622763439,0.045006985518164414,0.9020342503785796,True,-0.0010137884598886507,0.03130082128771646,0.9741621872442203,1.0,1.0
2013-01 to 2025-12,H1,156,late,5,151,4,5,-0.268295074458432,0.048706287162606526,-0.31700136162103854,0.1362152401523679,0.019954133000819156,False,0.048706287162606526,0.02119518239204246,0.021562438906572265,0.15963306400655325,0.15963306400655325
2013-01 to 2025-12,H2,156,late,126,30,20,19,0.019440302046276642,0.11878986438101904,-0.09934956233474243,0.051567735338309745,0.054031521987321474,True,0.019440302046276642,0.02609683713354096,0.45631438186869083,0.32418913192392884,1.0
2013-01 to 2025-12,H3,156,late,92,64,16,16,0.04904338166088602,0.02345598244468613,0.025587399216199916,0.037384868670028513,0.4937024355773291,True,0.04904338166088602,0.034002560384168205,0.14920541379261576,1.0,0.7460270689630788
2013-01 to 2025-12,H4,156,late,75,81,18,18,0.04402877028814884,0.03346933602037362,0.010559434267775242,0.029445588355741945,0.7198880888654547,True,0.04402877028814884,0.032501254515696576,0.17551981882935425,1.0,0.7460270689630788
