sample,hypothesis,n_months,threshold_family,true_months,false_months,true_contiguous_episodes,false_contiguous_episodes,true_mean_active_ann,false_mean_active_ann,difference_true_minus_false_ann,expected_favorable_state,expected_favorable_mean_active_ann
1960-01 to 1999-12; drop 1960,H1,468,early,15,453,5,6,-0.13808981430273257,0.021803028353247707,-0.15989284265598028,False,0.021803028353247707
1960-01 to 1999-12; drop 1960,H2,468,early,365,103,53,52,0.016654651930896065,0.016761909463137464,-0.00010725753224139975,True,0.016654651930896065
1960-01 to 1999-12; drop 1960,H3,468,early,158,310,39,38,0.01830490421501291,0.015849192785510266,0.0024557114295026446,True,0.01830490421501291
1960-01 to 1999-12; drop 1960,H4,468,early,136,332,38,37,0.012542328121213139,0.018372493990949507,-0.005830165869736368,True,0.012542328121213139
1960-01 to 1999-12; drop 1961,H1,468,early,15,453,5,7,-0.13808981430273257,0.02557788650097855,-0.16366770080371112,False,0.02557788650097855
1960-01 to 1999-12; drop 1961,H2,468,early,365,103,55,53,0.01969481690732546,0.022590555332315562,-0.0028957384249901005,True,0.01969481690732546
1960-01 to 1999-12; drop 1961,H3,468,early,159,309,40,39,0.020590288455139327,0.0201992864272982,0.00039100202784112664,True,0.020590288455139327
1960-01 to 1999-12; drop 1961,H4,468,early,136,332,39,38,0.015236072508606008,0.022419667196481564,-0.007183594687875557,True,0.015236072508606008
1960-01 to 1999-12; drop 1962,H1,468,early,15,453,5,7,-0.13808981430273257,0.021900470818456426,-0.15999028512118899,False,0.021900470818456426
1960-01 to 1999-12; drop 1962,H2,468,early,363,105,55,53,0.01617530030141935,0.01883744816004333,-0.0026621478586239776,True,0.01617530030141935
1960-01 to 1999-12; drop 1962,H3,468,early,163,305,40,40,0.021827376021527154,0.014071159917084745,0.007756216104442409,True,0.021827376021527154
1960-01 to 1999-12; drop 1962,H4,468,early,140,328,39,39,0.016829373487944214,0.01674833468874263,8.103879920158541e-05,True,0.016829373487944214
1960-01 to 1999-12; drop 1963,H1,468,early,15,453,5,7,-0.13808981430273257,0.022627128763011626,-0.1607169430657442,False,0.022627128763011626
1960-01 to 1999-12; drop 1963,H2,468,early,364,104,54,52,0.018159978696544444,0.015081825668856751,0.0030781530276876926,True,0.018159978696544444
1960-01 to 1999-12; drop 1963,H3,468,early,165,303,41,41,0.01924828308069273,0.016510809923395965,0.0027374731572967666,True,0.01924828308069273
1960-01 to 1999-12; drop 1963,H4,468,early,142,326,40,40,0.013902934543081447,0.019032286533698508,-0.005129351990617061,True,0.013902934543081447
1960-01 to 1999-12; drop 1964,H1,468,early,15,453,5,7,-0.13808981430273257,0.02340070296228284,-0.1614905172650154,False,0.02340070296228284
1960-01 to 1999-12; drop 1964,H2,468,early,363,105,55,53,0.018630538463996378,0.01682176918992814,0.0018087692740682386,True,0.018630538463996378
1960-01 to 1999-12; drop 1964,H3,468,early,165,303,41,41,0.01924828308069273,0.017667341647058875,0.0015809414336338569,True,0.01924828308069273
1960-01 to 1999-12; drop 1964,H4,468,early,142,326,40,40,0.013902934543081447,0.020107222460906668,-0.006204287917825221,True,0.013902934543081447
1960-01 to 1999-12; drop 1965,H1,468,early,15,453,5,7,-0.13808981430273257,0.024074365482572788,-0.16216417978530534,False,0.024074365482572788
1960-01 to 1999-12; drop 1965,H2,468,early,366,102,54,52,0.020056772524620715,0.014642760833855944,0.005414011690764772,True,0.020056772524620715
1960-01 to 1999-12; drop 1965,H3,468,early,165,303,41,40,0.01924828308069273,0.018674500464522063,0.0005737826161706684,True,0.01924828308069273
1960-01 to 1999-12; drop 1965,H4,468,early,142,326,40,39,0.013902934543081447,0.021043324061186874,-0.007140389518105427,True,0.013902934543081447
1960-01 to 1999-12; drop 1966,H1,468,early,15,453,5,7,-0.13808981430273257,0.02134235778157663,-0.1594321720843092,False,0.02134235778157663
1960-01 to 1999-12; drop 1966,H2,468,early,367,101,55,53,0.014692312591621567,0.02182833801374367,-0.007136025422122102,True,0.014692312591621567
1960-01 to 1999-12; drop 1966,H3,468,early,159,309,39,39,0.018955018061655303,0.014831368895501722,0.0041236491661535805,True,0.018955018061655303
1960-01 to 1999-12; drop 1966,H4,468,early,136,332,38,38,0.013324249033871013,0.0174236234695987,-0.004099374435727686,True,0.013324249033871013
1960-01 to 1999-12; drop 1967,H1,468,early,15,453,5,7,-0.13808981430273257,0.02370201174626515,-0.16179182604899772,False,0.02370201174626515
1960-01 to 1999-12; drop 1967,H2,468,early,364,104,54,52,0.01875319379890306,0.017687515035734725,0.0010656787631683345,True,0.01875319379890306
1960-01 to 1999-12; drop 1967,H3,468,early,161,307,41,40,0.018824282734777074,0.01835490093230624,0.0004693818024708342,True,0.018824282734777074
1960-01 to 1999-12; drop 1967,H4,468,early,139,329,39,39,0.012509319444180798,0.021054312169531898,-0.0085449927253511,True,0.012509319444180798
1960-01 to 1999-12; drop 1968,H1,468,early,15,453,5,7,-0.13808981430273257,0.023244655153464147,-0.16133446945619673,False,0.023244655153464147
1960-01 to 1999-12; drop 1968,H2,468,early,365,103,54,52,0.01919665069369034,0.014094214240595116,0.005102436453095225,True,0.01919665069369034
1960-01 to 1999-12; drop 1968,H3,468,early,161,307,40,39,0.024143116895358575,0.01489068322418743,0.009252433671171144,True,0.024143116895358575
1960-01 to 1999-12; drop 1968,H4,468,early,139,329,38,38,0.017899548871483675,0.01814724704207308,-0.00024769817058940477,True,0.017899548871483675
1960-01 to 1999-12; drop 1969,H1,468,early,15,453,5,7,-0.13808981430273257,0.02347075802931542,-0.16156057233204799,False,0.02347075802931542
1960-01 to 1999-12; drop 1969,H2,468,early,365,103,54,52,0.017710966833998275,0.020353429886694432,-0.0026424630526961576,True,0.017710966833998275
1960-01 to 1999-12; drop 1969,H3,468,early,165,303,41,41,0.01924828308069273,0.017772077440345202,0.0014762056403475297,True,0.01924828308069273
1960-01 to 1999-12; drop 1969,H4,468,early,142,326,40,40,0.013902934543081447,0.020204568919083846,-0.0063016343760024,True,0.013902934543081447
1960-01 to 1999-12; drop 1970,H1,468,early,11,457,5,6,-0.16220914502854464,0.02505144423647203,-0.18726058926501665,False,0.02505144423647203
1960-01 to 1999-12; drop 1970,H2,468,early,366,102,54,52,0.022049742609329976,0.015627486526852502,0.006422256082477474,True,0.022049742609329976
1960-01 to 1999-12; drop 1970,H3,468,early,162,306,40,40,0.023342864405944047,0.01922439668951239,0.004118467716431658,True,0.023342864405944047
1960-01 to 1999-12; drop 1970,H4,468,early,139,329,39,39,0.018559669284648923,0.02153317747777364,-0.0029735081931247173,True,0.018559669284648923
1960-01 to 1999-12; drop 1971,H1,468,early,13,455,5,6,-0.13187340838287953,0.02211034608686552,-0.15398375446974505,False,0.02211034608686552
1960-01 to 1999-12; drop 1971,H2,468,early,367,101,53,52,0.01967160389325802,0.011152223086343406,0.008519380806914613,True,0.01967160389325802
1960-01 to 1999-12; drop 1971,H3,468,early,161,307,38,38,0.020218509499554553,0.016581997169765782,0.0036365123297887707,True,0.020218509499554553
1960-01 to 1999-12; drop 1971,H4,468,early,139,329,38,38,0.01479804632793874,0.019115272708093906,-0.004317226380155165,True,0.01479804632793874
1960-01 to 1999-12; drop 1972,H1,468,early,15,453,5,7,-0.13808981430273257,0.023205909076217824,-0.1612957233789504,False,0.023205909076217824
1960-01 to 1999-12; drop 1972,H2,468,early,366,102,53,53,0.01732036571254425,0.020604664178377342,-0.0032842984658330923,True,0.01732036571254425
1960-01 to 1999-12; drop 1972,H3,468,early,165,303,41,41,0.01924828308069273,0.017376115144129976,0.0018721679365627554,True,0.01924828308069273
1960-01 to 1999-12; drop 1972,H4,468,early,142,326,40,40,0.013902934543081447,0.01983654261309239,-0.005933608070010945,True,0.013902934543081447
1960-01 to 1999-12; drop 1973,H1,468,early,15,453,5,7,-0.13808981430273257,0.02079164448855481,-0.15888145879128737,False,0.02079164448855481
1960-01 to 1999-12; drop 1973,H2,468,early,366,102,54,53,0.01663703952933329,0.012334424225866232,0.004302615303467056,True,0.01663703952933329
1960-01 to 1999-12; drop 1973,H3,468,early,161,307,40,40,0.022575769686324618,0.012093058043244547,0.01048271164308007,True,0.022575769686324618
1960-01 to 1999-12; drop 1973,H4,468,early,138,330,39,39,0.017630064610880635,0.014891875219614584,0.002738189391266051,True,0.017630064610880635
1960-01 to 1999-12; drop 1974,H1,468,early,14,454,4,5,-0.13418780485807152,0.02288485245059221,-0.15707265730866374,False,0.02288485245059221
1960-01 to 1999-12; drop 1974,H2,468,early,365,103,55,53,0.017840476709058542,0.019410871317956248,-0.0015703946088977058,True,0.017840476709058542
1960-01 to 1999-12; drop 1974,H3,468,early,165,303,41,41,0.01924828308069273,0.01760767998759591,0.0016406030930968228,True,0.01924828308069273
1960-01 to 1999-12; drop 1974,H4,468,early,142,326,40,40,0.013902934543081447,0.02005177005962668,-0.006148835516545232,True,0.013902934543081447
1960-01 to 1999-12; drop 1975,H1,468,early,8,460,3,4,-0.10323049076074141,0.02248986495110266,-0.12572035571184406,False,0.02248986495110266
1960-01 to 1999-12; drop 1975,H2,468,early,367,101,55,53,0.0192449442838421,0.02432276632922021,-0.00507782204537811,True,0.0192449442838421
1960-01 to 1999-12; drop 1975,H3,468,early,163,305,41,40,0.019375769744764248,0.020856536009917114,-0.0014807662651528664,True,0.019375769744764248
1960-01 to 1999-12; drop 1975,H4,468,early,141,327,40,39,0.014316135703782085,0.022938589655009237,-0.008622453951227151,True,0.014316135703782085
1960-01 to 1999-12; drop 1976,H1,468,early,14,454,4,6,-0.1487329114123998,0.02326539015672352,-0.17199830156912332,False,0.02326539015672352
1960-01 to 1999-12; drop 1976,H2,468,early,363,105,55,53,0.018604249114548038,0.01644651374093278,0.0021577353736152577,True,0.018604249114548038
1960-01 to 1999-12; drop 1976,H3,468,early,161,307,39,38,0.020182731111218415,0.01703845818395021,0.0031442729272682067,True,0.020182731111218415
1960-01 to 1999-12; drop 1976,H4,468,early,140,328,39,38,0.014355221024224613,0.01972712020727876,-0.005371899183054148,True,0.014355221024224613
1960-01 to 1999-12; drop 1977,H1,468,early,15,453,5,7,-0.13808981430273257,0.022478367025088482,-0.16056818132782105,False,0.022478367025088482
1960-01 to 1999-12; drop 1977,H2,468,early,365,103,55,53,0.017738989480599064,0.015889532887431394,0.0018494565931676706,True,0.017738989480599064
1960-01 to 1999-12; drop 1977,H3,468,early,161,307,39,39,0.01853958194352784,0.01669863307790264,0.0018409488656251985,True,0.01853958194352784
1960-01 to 1999-12; drop 1977,H4,468,early,138,330,38,38,0.01292117891095106,0.019176455630644993,-0.0062552767196939335,True,0.01292117891095106
1960-01 to 1999-12; drop 1978,H1,468,early,15,453,5,7,-0.13808981430273257,0.024530330260399597,-0.16262014456313217,False,0.024530330260399597
1960-01 to 1999-12; drop 1978,H2,468,early,365,103,54,52,0.02033171988425301,0.015726355686093974,0.004605364198159035,True,0.02033171988425301
1960-01 to 1999-12; drop 1978,H3,468,early,165,303,41,41,0.01924828308069273,0.019356190379886885,-0.00010790729919415293,True,0.01924828308069273
1960-01 to 1999-12; drop 1978,H4,468,early,142,326,40,40,0.013902934543081447,0.021676919289271353,-0.007773984746189906,True,0.013902934543081447
1960-01 to 1999-12; drop 1979,H1,468,early,15,453,5,7,-0.13808981430273257,0.021826179414001914,-0.15991599371673448,False,0.021826179414001914
1960-01 to 1999-12; drop 1979,H2,468,early,362,106,55,54,0.016720543882157275,0.016632784666612697,8.775921554457847e-05,True,0.016720543882157275
1960-01 to 1999-12; drop 1979,H3,468,early,163,305,41,40,0.018074660110879343,0.01596636872763458,0.002108291383244764,True,0.018074660110879343
1960-01 to 1999-12; drop 1979,H4,468,early,140,328,40,39,0.012460139963404263,0.0185106477595283,-0.006050507796124037,True,0.012460139963404263
1960-01 to 1999-12; drop 1980,H1,468,early,15,453,5,7,-0.13808981430273257,0.021061922972670788,-0.15915173727540335,False,0.021061922972670788
1960-01 to 1999-12; drop 1980,H2,468,early,364,104,55,53,0.016562151209229947,0.01385654665306903,0.0027056045561609163,True,0.016562151209229947
1960-01 to 1999-12; drop 1980,H3,468,early,154,314,41,39,0.015378859776449871,0.01624636779141911,-0.0008675080149692371,True,0.015378859776449871
1960-01 to 1999-12; drop 1980,H4,468,early,133,335,40,38,0.011791989652866935,0.01761602766641068,-0.005824038013543744,True,0.011791989652866935
1960-01 to 1999-12; drop 1981,H1,468,early,15,453,5,7,-0.13808981430273257,0.026554011238955056,-0.16464382554168763,False,0.026554011238955056
1960-01 to 1999-12; drop 1981,H2,468,early,364,104,53,52,0.0215814809941175,0.020211161488912343,0.0013703195052051573,True,0.0215814809941175
1960-01 to 1999-12; drop 1981,H3,468,early,160,308,39,37,0.027123901815132478,0.01823959605936512,0.008884305755767357,True,0.027123901815132478
1960-01 to 1999-12; drop 1981,H4,468,early,139,329,38,37,0.020425547715061127,0.021636683113410812,-0.0012111353983496852,True,0.020425547715061127
1960-01 to 1999-12; drop 1982,H1,468,early,15,453,5,7,-0.13808981430273257,0.020556964653534536,-0.1586467789562671,False,0.020556964653534536
1960-01 to 1999-12; drop 1982,H2,468,early,363,105,55,53,0.01542267731109339,0.015643103900792904,-0.00022042658969951417,True,0.01542267731109339
1960-01 to 1999-12; drop 1982,H3,468,early,156,312,40,38,0.013472132071837254,0.01647213195610111,-0.0029999998842638546,True,0.013472132071837254
1960-01 to 1999-12; drop 1982,H4,468,early,136,332,38,36,0.01253605740400349,0.016674861345077355,-0.004138803941073865,True,0.01253605740400349
1960-01 to 1999-12; drop 1983,H1,468,early,15,453,5,7,-0.13808981430273257,0.02191522737986474,-0.1600050416825973,False,0.02191522737986474
1960-01 to 1999-12; drop 1983,H2,468,early,365,103,55,53,0.017188088982837715,0.015365032133999743,0.0018230568488379721,True,0.017188088982837715
1960-01 to 1999-12; drop 1983,H3,468,early,155,313,41,40,0.017978094562358243,0.01619695249639684,0.0017811420659614025,True,0.017978094562358243
1960-01 to 1999-12; drop 1983,H4,468,early,132,336,40,39,0.012006474651278718,0.01866486944812187,-0.006658394796843152,True,0.012006474651278718
1960-01 to 1999-12; drop 1984,H1,468,early,15,453,5,7,-0.13808981430273257,0.024823720908669106,-0.16291353521140167,False,0.024823720908669106
1960-01 to 1999-12; drop 1984,H2,468,early,362,106,56,54,0.020471611001174502,0.016632784666612697,0.0038388263345618054,True,0.020471611001174502
1960-01 to 1999-12; drop 1984,H3,468,early,165,303,41,41,0.01924828308069273,0.019794823923339318,-0.0005465408426465861,True,0.01924828308069273
1960-01 to 1999-12; drop 1984,H4,468,early,142,326,40,40,0.013902934543081447,0.022084606294382053,-0.008181671751300607,True,0.013902934543081447
1960-01 to 1999-12; drop 1985,H1,468,early,15,453,5,7,-0.13808981430273257,0.022964022524439395,-0.16105383682717195,False,0.022964022524439395
1960-01 to 1999-12; drop 1985,H2,468,early,366,102,53,52,0.018536904252272803,0.015165176791158919,0.0033717274611138846,True,0.018536904252272803
1960-01 to 1999-12; drop 1985,H3,468,early,161,307,40,40,0.019146351559934542,0.01709704360873158,0.002049307951202964,True,0.019146351559934542
1960-01 to 1999-12; drop 1985,H4,468,early,138,330,39,39,0.013629076796758881,0.019547098154779792,-0.0059180213580209105,True,0.013629076796758881
1960-01 to 1999-12; drop 1986,H1,468,early,15,453,5,7,-0.13808981430273257,0.024360493922692274,-0.16245030822542483,False,0.024360493922692274
1960-01 to 1999-12; drop 1986,H2,468,early,367,101,54,52,0.020492756298494834,0.014288267038524833,0.006204489259970001,True,0.020492756298494834
1960-01 to 1999-12; drop 1986,H3,468,early,159,309,40,40,0.022539856445748917,0.017411389506681342,0.005128466939067575,True,0.022539856445748917
1960-01 to 1999-12; drop 1986,H4,468,early,138,330,39,39,0.019348919067051995,0.01907213848844072,0.00027678057861127425,True,0.019348919067051995
1960-01 to 1999-12; drop 1987,H1,468,early,15,453,5,7,-0.13808981430273257,0.024460161589523785,-0.16254997589225634,False,0.024460161589523785
1960-01 to 1999-12; drop 1987,H2,468,early,365,103,53,52,0.020807517288485365,0.013731671604040057,0.0070758456844453085,True,0.020807517288485365
1960-01 to 1999-12; drop 1987,H3,468,early,160,308,40,40,0.023713677469880994,0.01693155061796209,0.006782126851918903,True,0.023713677469880994
1960-01 to 1999-12; drop 1987,H4,468,early,138,330,39,39,0.018224916221936956,0.019678992566321166,-0.0014540763443842107,True,0.018224916221936956
1960-01 to 1999-12; drop 1988,H1,468,early,15,453,5,7,-0.13808981430273257,0.02358890807269623,-0.1616787223754288,False,0.02358890807269623
1960-01 to 1999-12; drop 1988,H2,468,early,367,101,54,52,0.019571729727818753,0.014174290418622986,0.005397439309195767,True,0.019571729727818753
1960-01 to 1999-12; drop 1988,H3,468,early,165,303,41,41,0.01924828308069273,0.017948717604211566,0.001299565476481166,True,0.01924828308069273
1960-01 to 1999-12; drop 1988,H4,468,early,142,326,40,40,0.013902934543081447,0.02036874674010073,-0.006465812197019284,True,0.013902934543081447
1960-01 to 1999-12; drop 1989,H1,468,early,15,453,5,7,-0.13808981430273257,0.01978961984555276,-0.1578794341482853,False,0.01978961984555276
1960-01 to 1999-12; drop 1989,H2,468,early,364,104,55,53,0.014822342172920232,0.01440401946684082,0.00041832270607941244,True,0.014822342172920232
1960-01 to 1999-12; drop 1989,H3,468,early,158,310,41,40,0.013926977340448921,0.01513834888936607,-0.0012113715489171489,True,0.013926977340448921
1960-01 to 1999-12; drop 1989,H4,468,early,135,333,40,39,0.007397869752549576,0.017701616092793446,-0.01030374634024387,True,0.007397869752549576
1960-01 to 1999-12; drop 1990,H1,468,early,15,453,5,7,-0.13808981430273257,0.023478673078890695,-0.16156848738162327,False,0.023478673078890695
1960-01 to 1999-12; drop 1990,H2,468,early,365,103,55,53,0.017688005590841632,0.020469608247954373,-0.0027816026571127403,True,0.017688005590841632
1960-01 to 1999-12; drop 1990,H3,468,early,159,309,40,39,0.025026619270253618,0.014839026622091168,0.01018759264816245,True,0.025026619270253618
1960-01 to 1999-12; drop 1990,H4,468,early,136,332,39,38,0.020422665152746974,0.01743075069103285,0.0029919144617141236,True,0.020422665152746974
1960-01 to 1999-12; drop 1991,H1,468,early,15,453,5,7,-0.13808981430273257,0.022086408629014585,-0.16017622293174716,False,0.022086408629014585
1960-01 to 1999-12; drop 1991,H2,468,early,363,105,55,53,0.017226507718210875,0.016005462787543532,0.0012210449306673428,True,0.017226507718210875
1960-01 to 1999-12; drop 1991,H3,468,early,156,312,40,38,0.01741455576445305,0.016721555112653663,0.0006930006517993879,True,0.01741455576445305
1960-01 to 1999-12; drop 1991,H4,468,early,134,334,39,37,0.011921061776319512,0.018971178492143127,-0.007050116715823614,True,0.011921061776319512
1960-01 to 1999-12; drop 1992,H1,468,early,15,453,5,7,-0.13808981430273257,0.025512805723725576,-0.16360262002645815,False,0.025512805723725576
1960-01 to 1999-12; drop 1992,H2,468,early,364,104,54,52,0.021115393928078388,0.017307215273905417,0.0038081786541729716,True,0.021115393928078388
1960-01 to 1999-12; drop 1992,H3,468,early,163,305,41,39,0.021564158203880062,0.019577036036309007,0.001987122167571055,True,0.021564158203880062
1960-01 to 1999-12; drop 1992,H4,468,early,140,328,40,38,0.016522912743112246,0.021868128031313973,-0.005345215288201727,True,0.016522912743112246
1960-01 to 1999-12; drop 1993,H1,468,early,15,453,5,7,-0.13808981430273257,0.02177099781992547,-0.15986081212265804,False,0.02177099781992547
1960-01 to 1999-12; drop 1993,H2,468,early,364,104,55,54,0.01611327593770894,0.018516176505376892,-0.0024029005676679503,True,0.01611327593770894
1960-01 to 1999-12; drop 1993,H3,468,early,156,312,39,38,0.0180505506988386,0.01594560541303343,0.0021049452858051716,True,0.0180505506988386
1960-01 to 1999-12; drop 1993,H4,468,early,133,335,38,37,0.01213636019415101,0.018438145946457214,-0.006301785752306204,True,0.01213636019415101
1960-01 to 1999-12; drop 1994,H1,468,early,15,453,5,7,-0.13808981430273257,0.022176146114054086,-0.16026596041678665,False,0.022176146114054086
1960-01 to 1999-12; drop 1994,H2,468,early,365,103,54,53,0.017512572683591486,0.015362698501112812,0.002149874182478674,True,0.017512572683591486
1960-01 to 1999-12; drop 1994,H3,468,early,164,304,41,40,0.01812869856137568,0.016451777667960195,0.0016769208934154858,True,0.01812869856137568
1960-01 to 1999-12; drop 1994,H4,468,early,141,327,40,39,0.012562812488431743,0.01896969545644231,-0.006406882968010567,True,0.012562812488431743
1960-01 to 1999-12; drop 1995,H1,468,early,15,453,5,7,-0.13808981430273257,0.021555529412360955,-0.15964534371509354,False,0.021555529412360955
1960-01 to 1999-12; drop 1995,H2,468,early,362,106,56,54,0.016381857554136955,0.016632784666612697,-0.000250927112475742,True,0.016381857554136955
1960-01 to 1999-12; drop 1995,H3,468,early,157,311,41,40,0.01733885063778859,0.01598427028657786,0.0013545803512107282,True,0.01733885063778859
1960-01 to 1999-12; drop 1995,H4,468,early,134,334,40,39,0.011346638409970685,0.01848161096503728,-0.007134972555066593,True,0.011346638409970685
1960-01 to 1999-12; drop 1996,H1,468,early,15,453,5,7,-0.13808981430273257,0.022738694099380022,-0.1608285084021126,False,0.022738694099380022
1960-01 to 1999-12; drop 1996,H2,468,early,366,102,55,53,0.01812285401730278,0.015650163158287662,0.002472690859015119,True,0.01812285401730278
1960-01 to 1999-12; drop 1996,H3,468,early,164,304,41,40,0.018333811354963286,0.017179395231132173,0.0011544161238311139,True,0.018333811354963286
1960-01 to 1999-12; drop 1996,H4,468,early,141,327,40,39,0.012801383397285414,0.019646135025874367,-0.006844751628588953,True,0.012801383397285414
1960-01 to 1999-12; drop 1997,H1,468,early,15,453,5,7,-0.13808981430273257,0.024163394882361643,-0.1622532091850942,False,0.024163394882361643
1960-01 to 1999-12; drop 1997,H2,468,early,365,103,54,52,0.019322603251440043,0.017688548353332237,0.0016340548981078062,True,0.019322603251440043
1960-01 to 1999-12; drop 1997,H3,468,early,164,304,40,40,0.02001816228318043,0.01839372385765541,0.0016244384255250204,True,0.02001816228318043
1960-01 to 1999-12; drop 1997,H4,468,early,141,327,39,39,0.014760486604573443,0.02077505215878893,-0.0060145655542154855,True,0.014760486604573443
1960-01 to 1999-12; drop 1998,H1,468,early,15,453,5,7,-0.13808981430273257,0.02214626896392479,-0.16023608326665736,False,0.02214626896392479
1960-01 to 1999-12; drop 1998,H2,468,early,362,106,55,54,0.017121097932198875,0.016632784666612697,0.0004883132655861787,True,0.017121097932198875
1960-01 to 1999-12; drop 1998,H3,468,early,158,310,39,38,0.02018353515772145,0.01539327119740952,0.00479026396031193,True,0.02018353515772145
1960-01 to 1999-12; drop 1998,H4,468,early,138,330,38,38,0.014484269242634656,0.018066919607979872,-0.0035826503653452156,True,0.014484269242634656
1960-01 to 1999-12; drop 1999,H1,468,early,15,453,5,6,-0.13808981430273257,0.016741503967871472,-0.15483131827060403,False,0.016741503967871472
1960-01 to 1999-12; drop 1999,H2,468,early,364,104,54,53,0.012069987447976039,0.010760371652322196,0.0013096157956538432,True,0.012069987447976039
1960-01 to 1999-12; drop 1999,H3,468,early,153,315,40,40,0.0010138680505886429,0.01700772149576103,-0.015993853445172387,True,0.0010138680505886429
1960-01 to 1999-12; drop 1999,H4,468,early,132,336,39,39,-0.006159013616382681,0.018826023453176494,-0.024985037069559173,True,-0.006159013616382681
2000-01 to 2025-12; drop 2000,H1,300,late,31,269,10,11,-0.006657076039378018,0.023531892730230833,-0.030188968769608852,False,0.023531892730230833
2000-01 to 2025-12; drop 2000,H2,300,late,233,67,41,40,0.006436917132139636,0.0690135536630275,-0.06257663653088787,True,0.006436917132139636
2000-01 to 2025-12; drop 2000,H3,300,late,171,129,30,29,0.031290595032065605,0.005992387881613621,0.025298207150451984,True,0.031290595032065605
2000-01 to 2025-12; drop 2000,H4,300,late,142,158,34,34,0.03619114546172186,0.006231437542068815,0.02995970791965305,True,0.03619114546172186
2000-01 to 2025-12; drop 2001,H1,300,late,28,272,9,10,0.002655385564081712,0.02267339770022062,-0.020018012136138907,False,0.02267339770022062
2000-01 to 2025-12; drop 2001,H2,300,late,235,65,40,38,0.007628800585862467,0.06844225896271719,-0.06081345837685472,True,0.007628800585862467
2000-01 to 2025-12; drop 2001,H3,300,late,171,129,30,29,0.03197951423114701,0.005992387881613621,0.02598712634953339,True,0.03197951423114701
2000-01 to 2025-12; drop 2001,H4,300,late,140,160,35,35,0.01872589358125695,0.02262431168048952,-0.003898418099232571,True,0.01872589358125695
2000-01 to 2025-12; drop 2002,H1,300,late,27,273,9,9,-0.05756347618605706,0.02148889784516356,-0.07905237403122062,False,0.02148889784516356
2000-01 to 2025-12; drop 2002,H2,300,late,234,66,40,40,0.0008257498400183138,0.0624095423051792,-0.06158379246516089,True,0.0008257498400183138
2000-01 to 2025-12; drop 2002,H3,300,late,173,127,28,27,0.021784104148978994,0.004280356196320836,0.017503747952658157,True,0.021784104148978994
2000-01 to 2025-12; drop 2002,H4,300,late,139,161,35,34,0.017036420572868576,0.012075731646443363,0.004960688926425212,True,0.017036420572868576
2000-01 to 2025-12; drop 2003,H1,300,late,25,275,9,10,0.009642711992542229,0.02302680164624369,-0.013384089653701461,False,0.02302680164624369
2000-01 to 2025-12; drop 2003,H2,300,late,236,64,39,39,0.0071773273168302095,0.07624357821497876,-0.06906625089814855,True,0.0071773273168302095
2000-01 to 2025-12; drop 2003,H3,300,late,182,118,29,27,0.024257668977641547,0.01829273303898143,0.005964935938660116,True,0.024257668977641547
2000-01 to 2025-12; drop 2003,H4,300,late,148,152,36,35,0.020366947268825184,0.023415329320687125,-0.0030483820518619406,True,0.020366947268825184
2000-01 to 2025-12; drop 2004,H1,300,late,31,269,10,12,-0.006657076039378018,0.021580244852336346,-0.028237320891714365,False,0.021580244852336346
2000-01 to 2025-12; drop 2004,H2,300,late,234,66,40,39,0.0030865776161802068,0.07388571736169076,-0.07079913974551055,True,0.0030865776161802068
2000-01 to 2025-12; drop 2004,H3,300,late,177,123,29,28,0.029807611250726052,0.002624140786010135,0.027183470464715916,True,0.029807611250726052
2000-01 to 2025-12; drop 2004,H4,300,late,145,155,36,35,0.02492155077213712,0.012807042878050819,0.0121145078940863,True,0.02492155077213712
2000-01 to 2025-12; drop 2005,H1,300,late,31,269,10,12,-0.006657076039378018,0.01563463088056025,-0.022291706919938266,False,0.01563463088056025
2000-01 to 2025-12; drop 2005,H2,300,late,234,66,40,39,0.0006796792705635787,0.058186384853607755,-0.057506705583044174,True,0.0006796792705635787
2000-01 to 2025-12; drop 2005,H3,300,late,172,128,30,28,0.022741474487378528,0.0006860370142256417,0.022055437473152886,True,0.022741474487378528
2000-01 to 2025-12; drop 2005,H4,300,late,138,162,37,35,0.01819526125858313,0.009187656147935291,0.00900760511064784,True,0.01819526125858313
2000-01 to 2025-12; drop 2006,H1,300,late,31,269,10,12,-0.006657076039378018,0.023343379233774247,-0.030000455273152267,False,0.023343379233774247
2000-01 to 2025-12; drop 2006,H2,300,late,235,65,40,39,0.007542538554455426,0.06616158609796198,-0.05861904754350655,True,0.007542538554455426
2000-01 to 2025-12; drop 2006,H3,300,late,181,119,30,29,0.02590571258476116,0.01163080402372087,0.01427490856104029,True,0.02590571258476116
2000-01 to 2025-12; drop 2006,H4,300,late,147,153,37,36,0.02236970353535466,0.018200347954035412,0.004169355581319249,True,0.02236970353535466
2000-01 to 2025-12; drop 2007,H1,300,late,31,269,10,12,-0.006657076039378018,0.0188217270858268,-0.02547880312520482,False,0.0188217270858268
2000-01 to 2025-12; drop 2007,H2,300,late,231,69,43,41,0.0009893631167639506,0.06707438186803216,-0.06608501875126821,True,0.0009893631167639506
2000-01 to 2025-12; drop 2007,H3,300,late,183,117,30,30,0.025288114665158682,0.0019568397020739577,0.023331274963084726,True,0.025288114665158682
2000-01 to 2025-12; drop 2007,H4,300,late,149,151,37,37,0.021658640440130224,0.010791641081372766,0.010866999358757458,True,0.021658640440130224
2000-01 to 2025-12; drop 2008,H1,300,late,31,269,10,12,-0.006657076039378018,0.01779061159839631,-0.02444768763777433,False,0.01779061159839631
2000-01 to 2025-12; drop 2008,H2,300,late,232,68,42,40,0.0021427373572255478,0.06003220729222885,-0.0578894699350033,True,0.0021427373572255478
2000-01 to 2025-12; drop 2008,H3,300,late,172,128,30,29,0.020913788851933346,0.00767291781418244,0.013240871037750906,True,0.020913788851933346
2000-01 to 2025-12; drop 2008,H4,300,late,140,160,36,35,0.017543222517937173,0.013270337563979278,0.004272884953957895,True,0.017543222517937173
2000-01 to 2025-12; drop 2009,H1,300,late,23,277,10,11,-0.009243792672591436,0.02252357940473656,-0.03176737207732799,False,0.02252357940473656
2000-01 to 2025-12; drop 2009,H2,300,late,235,65,41,39,0.005275578878403858,0.07364097272642336,-0.06836539384801951,True,0.005275578878403858
2000-01 to 2025-12; drop 2009,H3,300,late,174,126,30,28,0.029500203371256535,0.007090387913045933,0.0224098154582106,True,0.029500203371256535
2000-01 to 2025-12; drop 2009,H4,300,late,142,158,36,35,0.02845615338131887,0.012567408123386997,0.015888745257931873,True,0.02845615338131887
2000-01 to 2025-12; drop 2010,H1,300,late,26,274,10,11,-0.027521165703451336,0.01906864398864807,-0.0465898096920994,False,0.01906864398864807
2000-01 to 2025-12; drop 2010,H2,300,late,232,68,42,40,0.0006017088419253495,0.06425973078342875,-0.0636580219415034,True,0.0006017088419253495
2000-01 to 2025-12; drop 2010,H3,300,late,175,125,29,27,0.022860735393352184,0.004069035606105649,0.018791699787246534,True,0.022860735393352184
2000-01 to 2025-12; drop 2010,H4,300,late,141,159,35,34,0.01844000805455317,0.01200765414407447,0.006432353910478698,True,0.01844000805455317
2000-01 to 2025-12; drop 2011,H1,300,late,31,269,10,12,-0.006657076039378018,0.024342333471022236,-0.030999409510400255,False,0.024342333471022236
2000-01 to 2025-12; drop 2011,H2,300,late,235,65,41,40,0.004653246376681343,0.0807416222763715,-0.07608837589969016,True,0.004653246376681343
2000-01 to 2025-12; drop 2011,H3,300,late,180,120,29,28,0.026211104491162186,0.013530996150625581,0.012680108340536605,True,0.026211104491162186
2000-01 to 2025-12; drop 2011,H4,300,late,147,153,36,35,0.02307678540381601,0.01927732609230921,0.003799459311506801,True,0.02307678540381601
2000-01 to 2025-12; drop 2012,H1,300,late,31,269,10,12,-0.006657076039378018,0.021535679057593755,-0.02819275509697177,False,0.021535679057593755
2000-01 to 2025-12; drop 2012,H2,300,late,236,64,41,39,0.002918782088171882,0.07652962088224122,-0.07361083879406934,True,0.002918782088171882
2000-01 to 2025-12; drop 2012,H3,300,late,177,123,27,27,0.028751311444215007,0.004046716940210929,0.024704594504004078,True,0.028751311444215007
2000-01 to 2025-12; drop 2012,H4,300,late,145,155,34,34,0.025899725397078213,0.011814633075455869,0.014085092321622344,True,0.025899725397078213
2000-01 to 2025-12; drop 2013,H1,300,late,31,269,10,12,-0.006657076039378018,0.018649385033529337,-0.025306461072907356,False,0.018649385033529337
2000-01 to 2025-12; drop 2013,H2,300,late,231,69,43,41,0.0007886704238288096,0.06707438186803216,-0.06628571144420335,True,0.0007886704238288096
2000-01 to 2025-12; drop 2013,H3,300,late,178,122,29,29,0.024260653737575768,0.004032121733690058,0.02022853200388571,True,0.024260653737575768
2000-01 to 2025-12; drop 2013,H4,300,late,145,155,36,36,0.021677677931942578,0.010755173655916118,0.01092250427602646,True,0.021677677931942578
2000-01 to 2025-12; drop 2014,H1,300,late,31,269,10,12,-0.006657076039378018,0.018913563325405603,-0.02557063936478362,False,0.018913563325405603
2000-01 to 2025-12; drop 2014,H2,300,late,234,66,42,40,0.0017928977319823323,0.06760365315196246,-0.06581075541998012,True,0.0017928977319823323
2000-01 to 2025-12; drop 2014,H3,300,late,182,118,29,29,0.02621402299213358,0.0009358219724159057,0.025278201019717676,True,0.02621402299213358
2000-01 to 2025-12; drop 2014,H4,300,late,148,152,36,36,0.02277273396232214,0.009940885203221785,0.012831848759100354,True,0.02277273396232214
2000-01 to 2025-12; drop 2015,H1,300,late,31,269,10,12,-0.006657076039378018,0.01929211490559895,-0.02594919094497697,False,0.01929211490559895
2000-01 to 2025-12; drop 2015,H2,300,late,234,66,41,39,0.00364275224245903,0.06258796254015131,-0.05894521029769228,True,0.00364275224245903
2000-01 to 2025-12; drop 2015,H3,300,late,177,123,28,28,0.023851199290301273,0.006191441284569706,0.017659758005731566,True,0.023851199290301273
2000-01 to 2025-12; drop 2015,H4,300,late,144,156,36,36,0.021154551664694248,0.012416372517111711,0.008738179147582537,True,0.021154551664694248
2000-01 to 2025-12; drop 2016,H1,300,late,31,269,10,12,-0.006657076039378018,0.02137588600364188,-0.028032962043019895,False,0.02137588600364188
2000-01 to 2025-12; drop 2016,H2,300,late,235,65,39,38,0.006975943555366746,0.06006764988073479,-0.05309170632536805,True,0.006975943555366746
2000-01 to 2025-12; drop 2016,H3,300,late,183,117,30,30,0.025288114665158682,0.007829222171238532,0.01745889249392015,True,0.025288114665158682
2000-01 to 2025-12; drop 2016,H4,300,late,149,151,37,37,0.021658640440130224,0.015341765246222131,0.006316875193908092,True,0.021658640440130224
2000-01 to 2025-12; drop 2017,H1,300,late,31,269,10,12,-0.006657076039378018,0.019876417067206838,-0.026533493106584857,False,0.019876417067206838
2000-01 to 2025-12; drop 2017,H2,300,late,233,67,40,39,0.0016404082758974905,0.07101748814289262,-0.06937707986699512,True,0.0016404082758974905
2000-01 to 2025-12; drop 2017,H3,300,late,180,120,28,27,0.023768660740275123,0.007183565838403318,0.016585094901871805,True,0.023768660740275123
2000-01 to 2025-12; drop 2017,H4,300,late,146,154,35,34,0.019710762843184165,0.01469230817372099,0.0050184546694631745,True,0.019710762843184165
2000-01 to 2025-12; drop 2018,H1,300,late,31,269,10,12,-0.006657076039378018,0.01870626117082607,-0.02536333721020409,False,0.01870626117082607
2000-01 to 2025-12; drop 2018,H2,300,late,233,67,40,40,0.0017035900724936643,0.06609967777373835,-0.06439608770124468,True,0.0017035900724936643
2000-01 to 2025-12; drop 2018,H3,300,late,174,126,28,27,0.026076389152187376,0.0022882792480229328,0.023788109904164443,True,0.026076389152187376
2000-01 to 2025-12; drop 2018,H4,300,late,141,159,34,33,0.02176992410113235,0.011044374839445486,0.010725549261686862,True,0.02176992410113235
2000-01 to 2025-12; drop 2019,H1,300,late,31,269,10,12,-0.006657076039378018,0.021222433947785474,-0.027879509987163494,False,0.021222433947785474
2000-01 to 2025-12; drop 2019,H2,300,late,235,65,40,39,0.0027931934707681153,0.07455484475543178,-0.07176165128466366,True,0.0027931934707681153
2000-01 to 2025-12; drop 2019,H3,300,late,181,119,28,28,0.02577832268961608,0.0070301593942274105,0.01874816329538867,True,0.02577832268961608
2000-01 to 2025-12; drop 2019,H4,300,late,147,153,35,35,0.022212849310720244,0.014622068797762719,0.0075907805129575255,True,0.022212849310720244
2000-01 to 2025-12; drop 2020,H1,300,late,31,269,10,12,-0.006657076039378018,0.009110097981118372,-0.01576717402049639,False,0.009110097981118372
2000-01 to 2025-12; drop 2020,H2,300,late,232,68,41,41,-0.009151667558104318,0.06422696872324007,-0.07337863628134439,True,-0.009151667558104318
2000-01 to 2025-12; drop 2020,H3,300,late,173,127,30,29,0.009386488395347123,0.0048849173803548855,0.004501571014992238,True,0.009386488395347123
2000-01 to 2025-12; drop 2020,H4,300,late,143,157,37,36,0.007189124194854664,0.007746511081757359,-0.0005573868869026945,True,0.007189124194854664
2000-01 to 2025-12; drop 2021,H1,300,late,31,269,10,12,-0.006657076039378018,0.018727342308936426,-0.025384418348314446,False,0.018727342308936426
2000-01 to 2025-12; drop 2021,H2,300,late,234,66,41,40,0.005449341912031351,0.05388090479496732,-0.04843156288293597,True,0.005449341912031351
2000-01 to 2025-12; drop 2021,H3,300,late,171,129,31,29,0.023732559574005982,0.005992387881613621,0.01774017169239236,True,0.023732559574005982
2000-01 to 2025-12; drop 2021,H4,300,late,139,161,37,35,0.017823993298068292,0.014619569288519794,0.0032044240095484983,True,0.017823993298068292
2000-01 to 2025-12; drop 2022,H1,300,late,31,269,10,11,-0.006657076039378018,0.01333843026873701,-0.01999550630811503,False,0.01333843026873701
2000-01 to 2025-12; drop 2022,H2,300,late,231,69,43,41,-0.005395947895344952,0.06707438186803216,-0.07247032976337711,True,-0.005395947895344952
2000-01 to 2025-12; drop 2022,H3,300,late,171,129,31,29,0.015255265194978825,0.005992387881613621,0.009262877313365205,True,0.015255265194978825
2000-01 to 2025-12; drop 2022,H4,300,late,140,160,37,35,0.013446808391383819,0.009369470064223749,0.00407733832716007,True,0.013446808391383819
2000-01 to 2025-12; drop 2023,H1,300,late,26,274,6,8,0.0436579236565939,0.01938989543956443,0.024268028217029468,False,0.01938989543956443
2000-01 to 2025-12; drop 2023,H2,300,late,235,65,41,39,0.007896560387603366,0.07064993345269699,-0.06275337306509363,True,0.007896560387603366
2000-01 to 2025-12; drop 2023,H3,300,late,174,126,28,26,0.03357468387950728,0.004809066432363715,0.028765617447143565,True,0.03357468387950728
2000-01 to 2025-12; drop 2023,H4,300,late,144,156,36,34,0.02920527425055735,0.014374217137383561,0.014831057113173788,True,0.02920527425055735
2000-01 to 2025-12; drop 2024,H1,300,late,31,269,10,11,-0.006657076039378018,0.022412042410074336,-0.029069118449452355,False,0.022412042410074336
2000-01 to 2025-12; drop 2024,H2,300,late,232,68,42,40,0.0059522319743682515,0.06531694460346829,-0.059364712629100036,True,0.0059522319743682515
2000-01 to 2025-12; drop 2024,H3,300,late,171,129,30,29,0.029528959148310656,0.005992387881613621,0.023536571266697035,True,0.029528959148310656
2000-01 to 2025-12; drop 2024,H4,300,late,137,163,37,36,0.026634047125667783,0.013335003649526325,0.013299043476141458,True,0.026634047125667783
2000-01 to 2025-12; drop 2025,H1,300,late,31,269,10,11,-0.006657076039378018,0.02226071032715324,-0.028917786366531258,False,0.02226071032715324
2000-01 to 2025-12; drop 2025,H2,300,late,234,66,40,39,0.008219368439878617,0.05846105311896829,-0.050241684679089675,True,0.008219368439878617
2000-01 to 2025-12; drop 2025,H3,300,late,172,128,29,28,0.029336879522147346,0.0057485815857356345,0.023588297936411713,True,0.029336879522147346
2000-01 to 2025-12; drop 2025,H4,300,late,139,161,35,34,0.024521089896717564,0.014741181522607212,0.009779908374110352,True,0.024521089896717564
