strategy,cost_bps,episode,cagr,annualized_volatility,max_drawdown,worst_rolling_12m_return,annualized_half_gross_turnover_ex_initial,annualized_fee_fraction_including_initial,initial_formation_fee_in_period,total_return,contribution_XLK,contribution_XLF,contribution_XLE,contribution_XLY,contribution_XLP,contribution_XLV,contribution_XLI,contribution_XLB,contribution_XLU,contribution_SPY,contribution_COST
MOM12_1,0,dotcom_bust,-0.053349394904570024,0.20898557255643385,-0.3178004801374459,-0.1954080141341762,2.1419532323773205,4.957993333087071e-24,0.0,-0.1361452560946833,-0.08896993183961159,0.0040214592591859815,0.09962817979398138,-0.023058383755197035,-0.08001923965348039,-0.009113345578790418,0.050492809374723086,-0.05420175041284143,-0.03492505328265261,0.0,-1.33315703923742e-23
MOM12_1,0,global_financial_crisis,-0.25327242448564813,0.3435153728670942,-0.4610077543346177,-0.3491238269594903,2.143546844832569,4.9439081247544366e-24,0.0,-0.355822798556216,0.0017452586893059814,0.0,-0.09655650230351567,0.0,-0.07963925165811855,-0.018495571475484356,-0.0027801645326683572,-0.06715918505229948,-0.09293738222343478,0.0,-6.640564251332382e-24
MOM12_1,0,covid_crash_and_rebound,0.19544397118944645,0.34990887715455476,-0.3025948799623197,,2.283729094005609,4.9603058299775026e-24,0.0,0.17789955225345322,0.11491077676623966,0.00228124263191295,0.0,0.08088296844323475,-0.031489580905306264,0.04369406925872994,-0.00012203278241783679,0.005243944377427871,-0.03750183553636727,0.0,-4.572566898518189e-24
MOM12_1,0,inflation_and_rate_shock,0.09680014561033401,0.21099516959548614,-0.13772087858949456,0.0964533796882514,1.5368255189472702,4.9801272318954945e-24,0.0,0.09645337968825118,-0.07176968040114012,-0.05265793671075422,0.18585576056971467,0.0,0.02472013163924493,0.0,0.0,0.0,0.01030510459118647,0.0,-5.2004743145381156e-24
MOM12_0,0,dotcom_bust,-0.0714017178875026,0.21122246249758708,-0.33340275690866006,-0.20412262138085235,2.497920058425843,4.957993333087071e-24,0.0,-0.179422533982599,-0.08762243793573342,0.02558375811774868,0.046747555652280566,-0.0767825426679433,-0.004747015057756248,-0.036894503250416516,0.042263757795291845,-0.04951085681193228,-0.038460249824136226,0.0,-1.2861557868867948e-23
MOM12_0,0,global_financial_crisis,-0.26195636087985263,0.3054521966278262,-0.45936094424830987,-0.34484820265476246,2.114219833761431,4.9439081247544366e-24,0.0,-0.3670701582162159,-0.02338670429146,0.0,-0.04018344621892184,0.0,-0.061749604469327486,-0.04784396255643367,-0.007879709108780079,-0.0638528453711697,-0.12217388620012165,0.0,-6.474219345371015e-24
MOM12_0,0,covid_crash_and_rebound,0.23534602202825128,0.3464560319709705,-0.3025948799623194,,1.9168680989861593,4.9603058299775026e-24,0.0,0.21391055807130077,0.11766847437926674,0.0022812426319129496,0.0,0.0927618864546224,-0.018190373370081555,0.05987429684762892,-0.00012203278241783676,0.040844632401557786,-0.08120756849118733,0.0,-4.645009811314206e-24
MOM12_0,0,inflation_and_rate_shock,0.09563074439445152,0.20527003955544623,-0.14289124957339971,0.09528834685793464,2.1924038885272448,4.9801272318954945e-24,0.0,0.09528834685793464,-0.08084200457760034,-0.005856009851483778,0.18606680674946788,0.0,0.009535369642701288,-0.0002830608500290349,0.0,0.0,-0.013332754255120476,0.0,-5.197858000137395e-24
MOM1,0,dotcom_bust,-0.10455811871743981,0.21353098151517294,-0.3838156419708122,-0.22164626626260175,8.247180946082597,4.957993333087071e-24,0.0,-0.25532216510222716,-0.16840025651862328,-0.04789736492934888,-0.005423975200134769,0.015615380414178962,0.07907268429618293,-0.03030926482135044,-0.05562477450241628,-0.05703619887939482,0.014681605038679693,0.0,-1.3096824700099305e-23
MOM1,0,global_financial_crisis,-0.371083188005055,0.31190659213028143,-0.5819201156732535,-0.44819486576983525,8.411818181818182,4.9439081247544366e-24,0.0,-0.5025859648951593,-0.05508543480142772,-0.12308351426692044,-0.06478690873624235,-0.07063552467814888,-0.011258416978842454,-0.07240486736024122,-0.08012308702952475,0.0054162777884214554,-0.03062448883223131,0.0,-5.71461419540267e-24
MOM1,0,covid_crash_and_rebound,0.3550804209427991,0.3574703341702709,-0.29710489308347454,,6.199274623806751,4.9603058299775026e-24,0.0,0.3214043283761745,0.00822291255838519,0.08462212618358585,0.0432459749072087,0.031790419881529114,0.009254694086661581,0.00506321599434922,0.003422379078810815,0.14102852589272524,-0.0052459202070808805,0.0,-4.79420821491593e-24
MOM1,0,inflation_and_rate_shock,-0.05190897911808423,0.20795156512221258,-0.20415942954152333,-0.05173600724387417,8.36700919882903,4.9801272318954945e-24,0.0,-0.05173600724387373,-0.017375220300593356,-0.002981459958767856,0.03514515643728097,-0.0037236950554679128,-0.017520192341292585,0.02970251997677579,0.028306334656791055,-0.03783232491826777,-0.06545712574033093,0.0,-4.7792883826974206e-24
BUFFER12_1,0,dotcom_bust,-0.06538432882173417,0.20665526393783293,-0.33811977066472254,-0.17385267387025483,1.0457722020315412,4.957993333087071e-24,0.0,-0.1651513399299942,-0.08826985322414128,-0.0237455915001151,0.06302647561020737,-0.02208425542111196,-0.061932127387708424,0.012048721351766385,0.04531468911060512,-0.0328392496787558,-0.056670148790737854,0.0,-1.325049482584738e-23
BUFFER12_1,0,global_financial_crisis,-0.2921663026859581,0.35389558812980676,-0.5033350904579406,-0.38744327044347193,1.486983904871844,4.9439081247544366e-24,0.0,-0.40567532591200595,-0.008213099456187815,0.0,-0.14505183691659443,0.0,-0.04830613346765289,-0.01733212364284899,-0.039930644607731214,-0.12572037816376944,-0.021121109657220714,0.0,-6.51767289273413e-24
BUFFER12_1,0,covid_crash_and_rebound,0.09184043388053365,0.3860855655809808,-0.3646591446969354,,1.6000003554679891,4.9603058299775026e-24,0.0,0.08392399684186813,0.10260803183835607,-0.08448183064764216,0.0,0.02148353884325006,0.033530768603273954,0.050793766570753816,-0.00012203278241783676,0.0,-0.03988824558370528,0.0,-4.275678837543899e-24
BUFFER12_1,0,inflation_and_rate_shock,0.09684832896982032,0.21329380301061665,-0.14376469743351128,0.09650138296398203,0.8872260326412038,4.9801272318954945e-24,0.0,0.09650138296398203,-0.0717715367129028,-0.040946357438944855,0.18585852788059012,0.0,0.013055193481436762,0.0,0.0,0.0,0.010305555753804324,0.0,-5.200645812107633e-24
EW9,0,dotcom_bust,-0.057834630308573165,0.20882599216211914,-0.36643043695323374,-0.19895735296757855,0.22771908024881032,4.957993333087071e-24,0.0,-0.1470278268320373,-0.1383586877772083,0.021001532693321195,-0.009438355485253309,6.37451195148831e-05,0.00955843579070762,-0.0018784844898763861,-0.017435803585846673,0.0020659075258910426,-0.012606116623285986,0.0,-1.4001228520962045e-23
EW9,0,global_financial_crisis,-0.3121677728587494,0.35901316022377905,-0.5327142771265596,-0.42684789679659085,0.23336306727340442,4.9439081247544366e-24,0.0,-0.43078247283377136,-0.04769178658774585,-0.09973017347499132,-0.03981688474567625,-0.051904342707437004,-0.018955279451926474,-0.030066328577158748,-0.0622199267237638,-0.0494828538313456,-0.030914896733725977,0.0,-6.270724050975508e-24
EW9,0,covid_crash_and_rebound,0.1271373581312063,0.3680938144565344,-0.3671481039260579,,0.21904028975643647,4.9603058299775026e-24,0.0,0.11602037328428416,0.03553635329271086,0.0067763211546987,-0.01603905446097892,0.028561032771219803,0.009447933197236046,0.01484041835138835,0.014674348435814248,0.02738527288449425,-0.005162252342298819,0.0,-4.3129468792583005e-24
EW9,0,inflation_and_rate_shock,-0.052298052123395666,0.2100159577973777,-0.1700138743788011,-0.05212381973219127,0.1934819854057304,4.9801272318954945e-24,0.0,-0.0521238197321916,-0.033398058736890356,-0.011911113751062234,0.05898496073533841,-0.04570020873799875,-0.0008903863366138607,-0.002802607057937639,-0.006188643932697886,-0.012987224486350105,0.0027694625720210263,0.0,-4.7488524840129104e-24
SPY,0,dotcom_bust,-0.14107437368604037,0.24105404684008602,-0.4751586537196062,-0.26380215374142013,0.0,0.0,0.0,-0.33365265114154363,0.0,0.0,0.0,0.0,0.0,0.0,0.0,0.0,0.0,-0.33365265114154274,0.0
SPY,0,global_financial_crisis,-0.3355056631925788,0.38379207311765307,-0.5518945927485668,-0.4342440947763002,0.0,0.0,0.0,-0.45961387166930046,0.0,0.0,0.0,0.0,0.0,0.0,0.0,0.0,0.0,-0.4596138716693013,0.0
SPY,0,covid_crash_and_rebound,0.2019680341256107,0.34695976892256175,-0.33717268745960116,,0.0,0.0,0.0,0.18379414478266076,0.0,0.0,0.0,0.0,0.0,0.0,0.0,0.0,0.0,0.18379414478266048,0.0
SPY,0,inflation_and_rate_shock,-0.18231707183450496,0.2424295479447548,-0.24496387186503055,-0.18175362063962197,0.0,0.0,0.0,-0.18175362063962197,0.0,0.0,0.0,0.0,0.0,0.0,0.0,0.0,0.0,-0.18175362063962197,0.0
ACCOUNT_MOM20,0,dotcom_bust,-0.12333813712347796,0.2285633230821302,-0.4434312700059988,-0.2489690222932993,0.4586605420087937,4.957993333087071e-24,0.0,-0.2962866551174609,-0.01726528736940603,0.00016762967846248875,0.01964611562717717,-0.003010654669437285,-0.013623837547652347,-0.0019733930494716012,0.010136304069777804,-0.008818139931659998,-0.006675403559280832,-0.27486998836597254,-1.2233180127200078e-23
ACCOUNT_MOM20,0,global_financial_crisis,-0.3187737832437696,0.3692796089199437,-0.529562358305695,-0.4171526408753151,0.4700598636788101,4.9439081247544366e-24,0.0,-0.43899448555811815,0.0003475610723965229,0.0,-0.017173328385915915,0.0,-0.014670607492187635,-0.003424413886289001,-0.0007300087142433181,-0.0121443593878886,-0.017061757413739307,-0.3741375713502519,-6.178700695663178e-24
ACCOUNT_MOM20,0,covid_crash_and_rebound,0.2010674001687911,0.34535243646402125,-0.33034424698984244,,0.4682779479269618,4.9603058299775026e-24,0.0,0.1829805659360142,0.022692424869561918,0.0004551229572771715,0.0,0.016146815394834677,-0.0064054657337484005,0.008724886579780261,-2.4346345295236818e-05,0.0010519405052707397,-0.007601452783689323,0.1479406404920216,-4.5383691540533026e-24
ACCOUNT_MOM20,0,inflation_and_rate_shock,-0.13139268383533897,0.23004435847043433,-0.2116265698824208,-0.1309738436008786,0.34524011973803326,4.9801272318954945e-24,0.0,-0.13097384360087827,-0.013411445258152752,-0.00950869152411407,0.03461332189542435,0.0,0.004134507711575179,0.0,0.0,0.0,0.0018251046633437447,-0.14862664108895526,-4.521877263823498e-24
ACCOUNT_EW20,0,dotcom_bust,-0.1246980709466683,0.23157703323817957,-0.44826921236720874,-0.24321460195369837,0.06697545823951231,4.957993333087071e-24,0.0,-0.2991969254123171,-0.024622677327350687,0.004858104489549958,-0.0006350730890259969,0.00031544535469070993,0.002680963642364118,-0.00021922502754910433,-0.00215878652568826,0.0005674343597617827,-0.0007676760477334129,-0.27921543524133874,-1.2344674536023217e-23
ACCOUNT_EW20,0,global_financial_crisis,-0.3308592916283072,0.377877830709521,-0.5480688144991421,-0.43273365677434106,0.053304933600680386,4.9439081247544366e-24,0.0,-0.4539139909351453,-0.009263270027793861,-0.019425584947121294,-0.007627784364401419,-0.010109845442870854,-0.0036617658694484095,-0.0058366143479690515,-0.012057681965306512,-0.009540332690164171,-0.005919799888737608,-0.3704713113913322,-6.105792723814438e-24
ACCOUNT_EW20,0,covid_crash_and_rebound,0.1868642792771804,0.34988367146296184,-0.3431798166476552,,0.05561693102184509,4.9603058299775026e-24,0.0,0.17014360772373438,0.007450815389304378,0.0016576925995131274,-0.0030906858092464083,0.0060826381237187215,0.0020671825019932246,0.003156305740531768,0.0032823927218230972,0.005872257835091697,-0.0008689905387244582,0.14453399915972898,-4.484924276157866e-24
ACCOUNT_EW20,0,inflation_and_rate_shock,-0.1575821063989351,0.2348344680531098,-0.22656836414598214,-0.15708758402056233,0.053779368770656436,4.9801272318954945e-24,0.0,-0.15708758402056222,-0.006374441146092613,-0.0022905897155828052,0.011423771890050722,-0.008632553997352401,-0.00022555405771481612,-0.0006712318888162987,-0.001297668802544397,-0.002531499142811774,0.0004649524122691255,-0.14695276957196726,-4.43806465518303e-24
ACCOUNT_BUFFER20,0,dotcom_bust,-0.12557365692188815,0.22750421376990312,-0.44680215762012143,-0.24505111197255436,0.23999313409938292,4.957993333087071e-24,0.0,-0.30106669721440593,-0.01723882471522039,-0.004873035874680505,0.01273623077369863,-0.0029822591140109167,-0.010424287608154281,0.0021335918276204086,0.009117059770485438,-0.0049934884093274035,-0.010542688486814495,-0.27399899537800393,-1.222004944547733e-23
ACCOUNT_BUFFER20,0,global_financial_crisis,-0.3262106585175911,0.3722449148365347,-0.5376049073146236,-0.42443348863955976,0.333257443304923,4.9439081247544366e-24,0.0,-0.44819126627352357,-0.0015785673218352122,0.0,-0.026238116373171985,0.0,-0.00925628393315166,-0.0033796044038013214,-0.007445097180555904,-0.023386241878346356,-0.004268241546729495,-0.372639113635933,-6.1561045675886736e-24
ACCOUNT_BUFFER20,0,covid_crash_and_rebound,0.17933586147485592,0.35321341283330876,-0.3426646145952357,,0.329451620077902,4.9603058299775026e-24,0.0,0.16333417829766228,0.02218581263726693,-0.01679453208039336,0.0,0.004633996575366706,0.007069109896595209,0.010809201073984294,-2.434634529523681e-05,0.0,-0.007698906190520353,0.1431538427306566,-4.477159098970772e-24
ACCOUNT_BUFFER20,0,inflation_and_rate_shock,-0.1313850388220763,0.23070902965914641,-0.2116196547915461,-0.1309662210775726,0.21407016520234545,4.9801272318954945e-24,0.0,-0.1309662210775725,-0.01341151223277789,-0.007389228054185435,0.034613418989559705,0.0,0.0020236207867450487,0.0,0.0,0.0,0.0018251206719560591,-0.14862764123887118,-4.5219063642724246e-24
ACCOUNT_MOM10,0,dotcom_bust,-0.1321977043518846,0.23449247545810584,-0.4587732149004655,-0.2563210793136316,0.23175680310818014,4.957993333087071e-24,0.0,-0.3151109999706424,-0.008599716789592891,4.779699509600254e-05,0.009805544834317404,-0.0014166365566755203,-0.006671653816296623,-0.0009944715121507337,0.005070490191474456,-0.0042923846957090075,-0.0033162312171082934,-0.30474373740399735,-1.2097010368856153e-23
ACCOUNT_MOM10,0,global_financial_crisis,-0.3271258840993717,0.37617688173218566,-0.540803891514035,-0.42569807266687276,0.23832639494893995,4.9439081247544366e-24,0.0,-0.44931954343026104,0.00017368507835209627,0.0,-0.008452865855742243,0.0,-0.007255248773537349,-0.0016945842364033935,-0.00037566758744994285,-0.005991933926783547,-0.008436751292768933,-0.41728617683592817,-6.121777246655959e-24
ACCOUNT_MOM10,0,covid_crash_and_rebound,0.20154309866036835,0.34601296654155883,-0.33376386200663455,,0.23495472838120757,4.9603058299775026e-24,0.0,0.18341028979346974,0.011326046587974013,0.00022749132575227189,0.0,0.008070224459430272,-0.0032093533262248252,0.004360861180732007,-1.2169419889454166e-05,0.000526075630599888,-0.0038073388881254616,0.16592845224322095,-4.53357478203037e-24
ACCOUNT_MOM10,0,inflation_and_rate_shock,-0.15714738962734442,0.23591513197387928,-0.22760440269875803,-0.1566541010514373,0.17557583650677605,4.9801272318954945e-24,0.0,-0.1566541010514374,-0.0066481083379988865,-0.004691758617814308,0.01715244265064571,0.0,0.002020900671333031,0.0,0.0,0.0,0.0008990073287046559,-0.1653865847463078,-4.442070636781765e-24
MOM12_1,5,dotcom_bust,-0.05537486357464805,0.20896350972685682,-0.32049161699446704,-0.19686178367629092,2.141548781400255,0.002141548781400255,0.0,-0.14107035526179723,-0.08881346536123486,0.004000166406085305,0.09955625106875898,-0.022903418195346883,-0.0796492192439428,-0.00912704446570903,0.050484855472114655,-0.05394767656297788,-0.03481667749212657,0.0,-0.005854126887416936
MOM12_1,5,global_financial_crisis,-0.25487136385840037,0.3435059334885432,-0.4619951434318772,-0.350752312384059,2.1432000015646206,0.002143200001564621,0.0,-0.35789872655338584,0.0017446565077496195,0.0,-0.09631793729460385,0.0,-0.07943094264190924,-0.018435287810611888,-0.0027948913932171484,-0.06703151679697494,-0.09273882941257985,0.0,-0.002893977711238005
MOM12_1,5,covid_crash_and_rebound,0.19271671576022187,0.3499107192327797,-0.3025974443484145,,2.2834854296317157,0.002283485429631715,0.0,0.17543464553588972,0.11471672592856084,0.002281242631912951,0.0,0.08074066118302835,-0.03146704227472045,0.04362627245707161,-0.00012203278241783675,0.005232970747547697,-0.037485812112482746,0.0,-0.0020883402426105993
MOM12_1,5,inflation_and_rate_shock,0.09511584940760742,0.21098040343313978,-0.13772087858949433,0.09477537395064028,1.536590091079818,0.0015365900910798177,0.0,0.0947753739506405,-0.07174130636818928,-0.05263098146994715,0.18576490026457684,0.0,0.02469558932336837,0.0,0.0,0.0,0.010295626612420002,0.0,-0.001608454411588062
MOM12_0,5,dotcom_bust,-0.07371854994368654,0.21122425237093229,-0.3373546253412518,-0.20634576898500723,2.4976431906098013,0.0024976431906098013,0.0,-0.18487629082715618,-0.08751990927136213,0.025566408745786605,0.04673552996262563,-0.0763958575827139,-0.0047884720283681076,-0.036758888123657366,0.042273341470890055,-0.04924615442126641,-0.03829804062746115,0.0,-0.006444248951626153
MOM12_0,5,global_financial_crisis,-0.26351531732960853,0.3054730040624885,-0.46032761975432834,-0.34645616175254035,2.1140988634181803,0.00211409886341818,0.0,-0.36908225019371477,-0.023378794540637876,0.0,-0.04003844138135491,0.0,-0.06155258749996709,-0.047694966591719255,-0.007882547338508848,-0.06369858706360036,-0.12191161924664684,0.0,-0.002924706531278592
MOM12_0,5,covid_crash_and_rebound,0.23298013418561414,0.3464810410340604,-0.3025974443484146,,1.9165672713028246,0.0019165672713028245,0.0,0.21177809623430233,0.11747023913780687,0.00228124263191295,0.0,0.09261893561861789,-0.018188900061086942,0.05981150328461655,-0.00012203278241783676,0.040773061252404444,-0.0811532006018838,0.0,-0.0017127522456672993
MOM12_0,5,inflation_and_rate_shock,0.09323119081035225,0.20523216000485855,-0.1428912495733996,0.09289774365525894,2.192046380416321,0.002192046380416321,0.0,0.09289774365525894,-0.08080460268457794,-0.0058594971499174526,0.18593093333879276,0.0,0.009524484133816714,-0.00028256999174868284,0.0,0.0,-0.013320885697182965,0.0,-0.0022901182939231986
MOM1,5,dotcom_bust,-0.11191332501584228,0.21348349707701922,-0.39279271482736544,-0.22785608113827682,8.244808419444741,0.008244808419444742,0.0,-0.2715386928622824,-0.16739366427279187,-0.04710829304629039,-0.004475737185683082,0.01527569296247332,0.07863330744319251,-0.029919720303542712,-0.05403660650627378,-0.05618680768876516,0.015070603544189027,0.0,-0.021397467808787936
MOM1,5,global_financial_crisis,-0.3763519321056712,0.3119260595451685,-0.586769969246568,-0.4524098049799148,8.409531728683893,0.008409531728683896,0.0,-0.5088475168829126,-0.055052948042420544,-0.12219582185165125,-0.06440057288482298,-0.07002172674002698,-0.011185967805092395,-0.07164633266949491,-0.0794501835911926,0.005120639325321333,-0.03023714555265503,0.0,-0.009777457070876341
MOM1,5,covid_crash_and_rebound,0.34670507598810696,0.3573695021523112,-0.297573411734977,,6.197876976935668,0.006197876976935669,0.0,0.3139116113789566,0.008173609488007777,0.08418515415886785,0.04306872837923848,0.031583973363320327,0.009228161979698628,0.005047253162060508,0.0033959166835981,0.14050105088176215,-0.005298641151813935,0.0,-0.0059735955657812135
MOM1,5,inflation_and_rate_shock,-0.0598093064421632,0.20780953682670075,-0.2068100768068869,-0.059610846190974565,8.364722738994697,0.008364722738994699,0.0,-0.05961084619097479,-0.017259176394994278,-0.0031648433246275432,0.03512160277755756,-0.003650142649882469,-0.017503415825881094,0.029498098500600638,0.02816763043850745,-0.03763548722894829,-0.0651831940698136,0.0,-0.008001918413492992
BUFFER12_1,5,dotcom_bust,-0.06636128354617976,0.2066544893772573,-0.3396482746429479,-0.175082810840562,1.0456548391971823,0.0010456548391971823,0.0,-0.16747881221793937,-0.08823854046978409,-0.023706727235045855,0.06304154128099292,-0.02203126254265623,-0.06178314579444581,0.01202333918663898,0.045313849337303404,-0.0327522389213703,-0.05657631720995851,0.0,-0.002769309849611987
BUFFER12_1,5,global_financial_crisis,-0.2932181121961892,0.3539287044845498,-0.5039102231551743,-0.38816044811454387,1.4868283605369745,0.0014868283605369746,0.0,-0.4070046742642828,-0.008213310718903868,0.0,-0.1447737349825947,0.0,-0.048224702266815,-0.01730626625616077,-0.039904808699283485,-0.12553652945422597,-0.021120611503545918,0.0,-0.0019247103827509278
BUFFER12_1,5,covid_crash_and_rebound,0.09009486621333296,0.3861066951704952,-0.36466408813258255,,1.5997573011250745,0.0015997573011250748,0.0,0.08233449989971775,0.10248429804425128,-0.0844527157760577,0.0,0.021451989071845777,0.03349421676271701,0.05073447364288635,-0.0001220327824178367,0.0,-0.03988345874642123,0.0,-0.0013722703170850933
BUFFER12_1,5,inflation_and_rate_shock,0.09587561704447523,0.21326275398077393,-0.1443552120831646,0.09553230511999478,0.887098853313379,0.0008870988533133791,0.0,0.09553230511999522,-0.07176493597576868,-0.0409430193111694,0.18581860280712992,0.0,0.013043752521962665,0.0,0.0,0.0,0.010302745041347467,0.0,-0.0009248399635061518
EW9,5,dotcom_bust,-0.058049153089881456,0.20882480986612575,-0.36658824254802336,-0.19910418472714364,0.2277146348723833,0.00022771463487238335,0.0,-0.147546164765457,-0.13831236122304094,0.021009129772011182,-0.009421881324824811,6.732050176563075e-05,0.009568528356378288,-0.0018770988466817312,-0.01741780313784067,0.002068137392713699,-0.01258180925295023,0.0,-0.000648327002986102
EW9,5,global_financial_crisis,-0.31232826727570895,0.35901848077096804,-0.5328742114577136,-0.4269944706625515,0.23335832521905098,0.00023335832521905101,0.0,-0.43098246017569286,-0.047684439111048325,-0.09971374793752792,-0.03980663399891914,-0.051896631431206035,-0.01895047864669213,-0.030061139953012635,-0.0622079970510044,-0.049472856807369577,-0.030907281712602562,0.0,-0.00028125352630951927
EW9,5,covid_crash_and_rebound,0.12689047817709653,0.36809743118099797,-0.3671545945253796,,0.21905427878001296,0.00021905427878001296,0.0,0.11579617120897634,0.035530490639945775,0.0067711838665215325,-0.01604248546960675,0.02855562820381666,0.009445304530778157,0.014837410110721547,0.014669161652734285,0.02737962370785253,-0.005163909894215093,0.0,-0.0001862361395716792
EW9,5,inflation_and_rate_shock,-0.05248138217510401,0.21001279313498,-0.17009899124585237,-0.05230655602086132,0.19346390851211312,0.00019346390851211314,0.0,-0.05230655602086154,-0.0333956873626955,-0.011910867421983279,0.05898156895974451,-0.04569612136599778,-0.000890803167030086,-0.0028034596202179737,-0.006189454040191904,-0.012987012150976487,0.0027690477336310016,0.0,-0.00018376758514293992
SPY,5,dotcom_bust,-0.1410743736860397,0.241054046840086,-0.47515865371960564,-0.26380215374141913,0.0,0.0,0.0,-0.3336526511415424,0.0,0.0,0.0,0.0,0.0,0.0,0.0,0.0,0.0,-0.3336526511415431,0.0
SPY,5,global_financial_crisis,-0.33550566319257935,0.3837920731176531,-0.5518945927485677,-0.43424409477630077,0.0,0.0,0.0,-0.4596138716693011,0.0,0.0,0.0,0.0,0.0,0.0,0.0,0.0,0.0,-0.459613871669301,0.0
SPY,5,covid_crash_and_rebound,0.2019680341256107,0.3469597689225618,-0.33717268745960105,,0.0,0.0,0.0,0.18379414478266076,0.0,0.0,0.0,0.0,0.0,0.0,0.0,0.0,0.0,0.1837941447826605,0.0
SPY,5,inflation_and_rate_shock,-0.18231707183450618,0.24242954794475477,-0.24496387186503132,-0.18175362063962308,0.0,0.0,0.0,-0.1817536206396232,0.0,0.0,0.0,0.0,0.0,0.0,0.0,0.0,0.0,-0.18175362063962178,0.0
ACCOUNT_MOM20,5,dotcom_bust,-0.12374007309058077,0.22855843451474386,-0.4439129212807382,-0.24928118508384756,0.4585743910367132,0.0004585743910367133,0.0,-0.2971475868511636,-0.017259116144102103,0.000167288597208566,0.01964327249008081,-0.003005928856577292,-0.013610697957746358,-0.0019737119090839314,0.010135977665733063,-0.008809506458148793,-0.006671028760082839,-0.27459875331668704,-0.0011653822017592555
ACCOUNT_MOM20,5,global_financial_crisis,-0.31909393186196355,0.36927529965691347,-0.5298929591508625,-0.4174741143184607,0.4700540412688142,0.00047005404126881434,0.0,-0.43939144692971444,0.00034753548326325884,0.0,-0.01716368724418014,0.0,-0.014662323569910818,-0.003422041892512863,-0.0007305942073742445,-0.012139211722596245,-0.017054013588936847,-0.3739751751704752,-0.0005919350169924034
ACCOUNT_MOM20,5,covid_crash_and_rebound,0.2005048856899525,0.345352246494042,-0.33034537257456964,,0.4684351073174473,0.0004684351073174473,0.0,0.18247239836982576,0.022684448577084525,0.0004551229572771715,0.0,0.016140989697260646,-0.0064045559322958474,0.008722101802842927,-2.4346345295236807e-05,0.0010514886279857421,-0.007600831770835401,0.14787527897209282,-0.00042729821629268076
ACCOUNT_MOM20,5,inflation_and_rate_shock,-0.13169240390323111,0.2300456678366309,-0.2118839926307614,-0.13127268213885535,0.3451069781761087,0.00034510697817610877,0.0,-0.13127268213885546,-0.013410332540069077,-0.009507612747656432,0.03460980332232591,0.0,0.004133634150060216,0.0,0.0,0.0,0.0018247728035215094,-0.14860491611344798,-0.00031803101358947035
ACCOUNT_EW20,5,dotcom_bust,-0.12475668563550735,0.23157637117769786,-0.44834238844963525,-0.24327616320587098,0.0669671233951886,6.69671233951886e-05,0.0,-0.29932219183992637,-0.024620240403407493,0.004858429734610061,-0.0006342834194805867,0.0003155837160080795,0.0026814116453525052,-0.0002191530386590434,-0.0021579178206325754,0.0005674950217954987,-0.000766532386544002,-0.2791755983951472,-0.00017138649382356287
ACCOUNT_EW20,5,global_financial_crisis,-0.3308949545728864,0.37787895375719893,-0.5481041862363932,-0.4327668049801118,0.05329791648489332,5.3297916484893315e-05,0.0,-0.45395781648843114,-0.009262937673271679,-0.019424841316104204,-0.007627326018499748,-0.010109495350710873,-0.0036615498248425494,-0.0058363812645437375,-0.01205714505388925,-0.009539880419347816,-0.005919459412663273,-0.37045603481279393,-6.276534176335981e-05
ACCOUNT_EW20,5,covid_crash_and_rebound,0.1867982663890253,0.34988426811245926,-0.3431816881848859,,0.05562096915764337,5.562096915764338e-05,0.0,0.1700839148589388,0.007450511752350088,0.0016574175851535855,-0.0030908704498473823,0.0060823564405861575,0.002067043596521432,0.0031561470963989845,0.003282118298247648,0.005871960747175678,-0.0008690793713709855,0.14452560514401144,-4.929598028792171e-05
ACCOUNT_EW20,5,inflation_and_rate_shock,-0.15762740058697233,0.2348338549292215,-0.22660215776087278,-0.15713274969977808,0.05376819506083659,5.376819506083661e-05,0.0,-0.15713274969977775,-0.006374311929850082,-0.002290570330322424,0.011423590096734822,-0.008632336925080836,-0.0002255732213255002,-0.0006712748134275534,-0.0012977047996929963,-0.0025314824341834776,0.0004649284176211479,-0.14695019812128512,-4.781563896634982e-05
ACCOUNT_BUFFER20,5,dotcom_bust,-0.12578349171525993,0.2275062116325066,-0.44709858236961897,-0.2453149690325418,0.2399891871658273,0.00023998918716582732,0.0,-0.3015143253744349,-0.01723745939755751,-0.004871262377363157,0.01273691873966221,-0.0029804735259473607,-0.010418454835089182,0.0021326177285045382,0.009117015720058786,-0.004990355977383404,-0.010538742223561406,-0.27386757949106394,-0.0005965497346949811
ACCOUNT_BUFFER20,5,global_financial_crisis,-0.3264351456471166,0.3722518831195502,-0.5378352619617399,-0.42459338673347136,0.33321627261736886,0.0003332162726173689,0.0,-0.44846808262922844,-0.0015785674986284032,0.0,-0.02622664670125229,0.0,-0.009252760631144184,-0.0033784408793256396,-0.0074440249689503,-0.023378531481845176,-0.004268184379369855,-0.3725339491735553,-0.00040697691515793964
ACCOUNT_BUFFER20,5,covid_crash_and_rebound,0.1789472400864267,0.35321627971033154,-0.34266587391447434,,0.32956927799428326,0.00032956927799428334,0.0,0.16298257398673655,0.022180374667039163,-0.016793377481051544,0.0,0.004632590759326384,0.007067537811900365,0.010806603517414982,-2.434634529523681e-05,0.0,-0.007698768020476922,0.14310675528549524,-0.0002947962076171456
ACCOUNT_BUFFER20,5,inflation_and_rate_shock,-0.13157090232381707,0.23070723745957425,-0.21177408963601363,-0.1311515378746103,0.21399383933391908,0.00021399383933391912,0.0,-0.13115153787461054,-0.013411188647663134,-0.007389030842010935,0.0346117167156996,0.0,0.0020232029775853863,0.0,0.0,0.0,0.0018250272685925986,-0.14861805787366425,-0.0001932074731501473
ACCOUNT_MOM10,5,dotcom_bust,-0.1323987655404717,0.23449004611666302,-0.459089784673535,-0.25647891945371004,0.2317130503936267,0.00023171305039362673,0.0,-0.3155345044811746,-0.008598176274429086,4.77276339521535e-05,0.009804834436693539,-0.0014154966729501204,-0.0066684144128905,-0.0009945447250580637,0.005070408377246055,-0.004290267977935408,-0.0033151350499405698,-0.304592207147666,-0.0005832326681975723
ACCOUNT_MOM10,5,global_financial_crisis,-0.3272862315906173,0.3761746548789947,-0.540967405911558,-0.4258587734124917,0.23832676233920436,0.00023832676233920443,0.0,-0.4495171376790289,0.00017367861967645877,0.0,-0.008450448293886127,0.0,-0.00725317667629662,-0.0016939917323257464,-0.0003758139268983055,-0.005990643262967353,-0.008434818402459297,-0.41719462039747496,-0.00029730360639708983
ACCOUNT_MOM10,5,covid_crash_and_rebound,0.20126070602725465,0.3460128483957133,-0.33376446158201845,,0.2350475675318495,0.00023504756753184953,0.0,0.1831551911434941,0.011324044969889492,0.00022749132575227194,0.0,0.00806876351088295,-0.003209125719541086,0.0043601625156486235,-1.2169419889454164e-05,0.0005259622285242865,-0.0038071844722879842,0.16589154011429905,-0.00021429390978316385
ACCOUNT_MOM10,5,inflation_and_rate_shock,-0.15729530043298479,0.23591607154656605,-0.2277325187711675,-0.15680159197436183,0.17550099779233103,0.00017550099779233103,0.0,-0.1568015919743616,-0.006647830121999928,-0.004691488086309595,0.017151564716261343,0.0,0.002020685033012713,0.0,0.0,0.0,0.0008989256796474908,-0.16537438408536043,-0.0001590651096127874
MOM12_1,10,dotcom_bust,-0.05739592399989002,0.20894482996126623,-0.32317214209320555,-0.19831330144352421,2.141150020529388,0.004282300041058777,0.0,-0.14596719470558128,-0.08865730568874172,0.00397905263989541,0.0994843992879405,-0.022749418602125905,-0.07928102874544281,-0.00914057779445832,0.05047687763194067,-0.053694966183796135,-0.03470864068569982,0.0,-0.011675586565088112
MOM12_1,10,global_financial_crisis,-0.2564668959396543,0.3434985462171724,-0.4629807384077155,-0.35237674029287336,2.142853378992842,0.004285706757985684,0.0,-0.3599679859879188,0.001744054526996081,0.0,-0.0960799146198889,0.0,-0.07922320128537788,-0.018375199174875206,-0.00280960615334161,-0.06690410609512412,-0.09254080089207058,0.0,-0.005779212294234952
MOM12_1,10,covid_crash_and_rebound,0.189995082595932,0.34991533880343645,-0.30260000958958966,,2.283241892091064,0.004566483784182128,0.0,0.17297435485466783,0.11452297830683358,0.0022812426319129505,0.0,0.0805985850625017,-0.03144451386859179,0.04355857533559283,-0.00012203278241783672,0.005222017668008823,-0.03746978163559409,0.0,-0.0041727158635775155
MOM12_1,10,inflation_and_rate_shock,0.09343413897888708,0.21096784334370133,-0.13772087858949456,0.0930999355178086,1.5363547485523323,0.0030727094971046646,0.0,0.09309993551780882,-0.07171295827449398,-0.05260404590963826,0.18567414222006337,0.0,0.024671079459907107,0.0,0.0,0.0,0.01028615737327069,0.0,-0.0032144393512993706
MOM12_0,10,dotcom_bust,-0.07602992597463687,0.21123022055733337,-0.3416186593840549,-0.2085629100405253,2.4973665729282657,0.004994733145856531,0.0,-0.1902945595910026,-0.0874175173969998,0.025549028738299912,0.04672351202931209,-0.07601116768818818,-0.004829568773550667,-0.036623995107591026,0.042282918130797834,-0.048982949950688345,-0.0381365311083973,0.0,-0.012848288463995702
MOM12_0,10,global_financial_crisis,-0.26507141697536274,0.3054964867965944,-0.461292810619094,-0.3480604694154844,2.1139781115471403,0.004227956223094281,0.0,-0.3710885077292273,-0.0233708822276838,0.0,-0.03989380029163332,0.0,-0.06135612593450642,-0.04754639208098711,-0.007885382495730054,-0.06354465327874868,-0.1216499579581501,0.0,-0.005841313461786449
MOM12_0,10,covid_crash_and_rebound,0.23061845656110713,0.3465084813900527,-0.30260000958958944,,1.9162665500620348,0.003832533100124069,0.0,0.20964909121267605,0.11727229336911545,0.0022812426319129496,0.0,0.09247618707165847,-0.018187412943559498,0.05974876272257894,-0.00012203278241783678,0.040701605724252264,-0.08109885098829857,0.0,-0.003422703592566017
MOM12_0,10,inflation_and_rate_shock,0.09083665336612401,0.205198799056415,-0.14289124957339971,0.09051211998087694,2.191688994046042,0.004383377988092084,0.0,0.09051211998087694,-0.0807672324174742,-0.005862982867118946,0.18579530074822692,0.0,0.00951363010842336,-0.00028207992454426793,0.0,0.0,-0.01330902291736113,0.0,-0.00457549274927394
MOM1,10,dotcom_bust,-0.1192095132206582,0.21346450242038945,-0.4016404705137855,-0.2340173797386348,8.242437846804865,0.01648487569360973,0.0,-0.28740509940140446,-0.1663917858285898,-0.04633541997437861,-0.0035467853679613625,0.014940250924064823,0.07819830808594742,-0.02953577672065739,-0.05247225736286325,-0.05535057741925711,0.01544980429549148,0.0,-0.04236086003319821
MOM1,10,global_financial_crisis,-0.38157772618110886,0.31196549326667516,-0.5915647451438647,-0.45659375805650826,8.407247216038497,0.016814494432076995,0.0,-0.5150316509867096,-0.05501866173580491,-0.12131472159284167,-0.06401755919613351,-0.06941359762894529,-0.011113932641594774,-0.07089564343714612,-0.07878373652848812,0.0048295124687809145,-0.02985389474110281,0.0,-0.01944941595343235
MOM1,10,covid_crash_and_rebound,0.3383798761004764,0.35727951443898315,-0.29804177426563616,,6.196480321364573,0.012392960642729146,0.0,0.30645992932263955,0.008124401528415839,0.08375036652180791,0.04289221271779078,0.03137828517394454,0.00920167496053902,0.005031332882374923,0.0033696225323963745,0.1399756022650719,-0.005351040565783411,0.0,-0.011912528693917884
MOM1,10,inflation_and_rate_shock,-0.06764526133157389,0.2076960834228326,-0.20945242448360313,-0.06742174408448087,8.36243793221056,0.016724875864421118,0.0,-0.06742174408448065,-0.017143765953675554,-0.0033463638472261458,0.03509784323529763,-0.0035769917545825773,-0.017486510584788572,0.02929488552704915,0.02802974303901372,-0.037440008756245806,-0.06491066898992415,0.0,-0.015939905999398214
BUFFER12_1,10,dotcom_bust,-0.06733736805945656,0.20665556802635648,-0.3411735404354861,-0.1763115017718191,1.0455428698259093,0.002091085739651819,0.0,-0.1698001545512846,-0.08820724265140022,-0.023667921214303705,0.06305657910129586,-0.021978377251979854,-0.061634481332706555,0.011998020252699852,0.04531300984866622,-0.03266544490682683,-0.05648262901926323,0.0,-0.005531667377463736
BUFFER12_1,10,global_financial_crisis,-0.2942684674400524,0.3539630706999021,-0.5044846950145071,-0.38887692227441173,1.4866728987864068,0.002973345797572814,0.0,-0.40833118641025967,-0.008213521890312828,0.0,-0.14449607538525977,0.0,-0.048143395553960064,-0.017280438324205973,-0.039878996393870096,-0.12535292814703552,-0.021120083093707557,0.0,-0.003845747621906671
BUFFER12_1,10,covid_crash_and_rebound,0.08835205044497307,0.3861291318710895,-0.36466903321659105,,1.5995143356305688,0.0031990286712611383,0.0,0.08074729849589901,0.10236070360749214,-0.08442361058386551,0.0,0.021420484912391936,0.033457704154745554,0.050675252992320785,-0.00012203278241783685,0.0,-0.03987866757235953,0.0,-0.0027425362324077674
BUFFER12_1,10,inflation_and_rate_shock,0.09490378545713729,0.21323283222976053,-0.1449453205157002,0.09456410138528337,0.8869717232546981,0.0017739434465093957,0.0,0.09456410138528337,-0.07175833808991104,-0.04093968242805113,0.18577870304377622,0.0,0.013032322000335373,0.0,0.0,0.0,0.010299935290590121,0.0,-0.0018488384314559996
EW9,10,dotcom_bust,-0.05826362421129272,0.2088236507839744,-0.36674601545319774,-0.19925099528823398,0.22771063106464076,0.00045542126212928157,0.0,-0.14806418091527673,-0.13826605587119423,0.021016722152606034,-0.00940541600662594,7.089345477500403e-05,0.009578614485512475,-0.0018757135405507342,-0.017399812391079798,0.0020703650365793283,-0.012557516327358794,0.0,-0.0012962619079397053
EW9,10,global_financial_crisis,-0.31248872126087557,0.35902381404753503,-0.5330340893725061,-0.42714100783843856,0.23335358594329111,0.0004667071718865823,0.0,-0.4311823735381821,-0.04767709293590508,-0.09969732616944531,-0.03979638568250241,-0.051888921685312485,-0.018945679118817046,-0.030055952453889378,-0.06219607015061889,-0.04946286174460061,-0.03089966849823788,0.0,-0.0005624150988525681
EW9,10,covid_crash_and_rebound,0.1266436152906778,0.36810106146736565,-0.3671610858459592,,0.2190682756002988,0.00043813655120059753,0.0,0.11557198056596074,0.035524627815882934,0.006766046442492084,-0.016045916808059307,0.02855022339894454,0.009442675781723576,0.01483440175885292,0.014663974691960601,0.027373974288448285,-0.005165567573774012,0.0,-0.000372459230510704
EW9,10,inflation_and_rate_shock,-0.05266464584856845,0.2100096450619455,-0.17018407919555212,-0.05248922626720687,0.19344583796874884,0.0003868916759374978,0.0,-0.05248922626720687,-0.033393316725936144,-0.011910621059082223,0.05897817823942095,-0.045692035352510506,-0.0008912198161446299,-0.0028043118146854023,-0.006190263768135772,-0.012986799801072868,0.0027686330024138898,0.0,-0.0003674691714731344
SPY,10,dotcom_bust,-0.14107437368604048,0.24105404684008602,-0.4751586537196065,-0.2638021537414199,0.0,0.0,0.0,-0.33365265114154397,0.0,0.0,0.0,0.0,0.0,0.0,0.0,0.0,0.0,-0.3336526511415429,0.0
SPY,10,global_financial_crisis,-0.33550566319257946,0.3837920731176531,-0.5518945927485674,-0.43424409477630066,0.0,0.0,0.0,-0.45961387166930123,0.0,0.0,0.0,0.0,0.0,0.0,0.0,0.0,0.0,-0.45961387166930084,0.0
SPY,10,covid_crash_and_rebound,0.20196803412560915,0.34695976892256175,-0.33717268745960116,,0.0,0.0,0.0,0.18379414478265943,0.0,0.0,0.0,0.0,0.0,0.0,0.0,0.0,0.0,0.18379414478266035,0.0
SPY,10,inflation_and_rate_shock,-0.18231707183450485,0.24242954794475474,-0.24496387186503055,-0.18175362063962186,0.0,0.0,0.0,-0.18175362063962186,0.0,0.0,0.0,0.0,0.0,0.0,0.0,0.0,0.0,-0.181753620639622,0.0
ACCOUNT_MOM20,10,dotcom_bust,-0.12414170340881603,0.2285536817530477,-0.4443940465192381,-0.24959309010029884,0.4584897674113449,0.0009169795348226898,0.0,-0.2980072056440879,-0.01725295039560197,0.0001669484663485148,0.01964043147450172,-0.0030012123127604123,-0.013597577124455243,-0.001974029707659716,0.010135651354690953,-0.008800886682888412,-0.0066666587295239705,-0.2743278771783172,-0.002329044808422267
ACCOUNT_MOM20,10,global_financial_crisis,-0.3194139455548247,0.369271067950148,-0.5302233451617393,-0.41779548594703975,0.47004969307777783,0.0009400993861555557,0.0,-0.4397881466668603,0.000347509912194713,0.0,-0.01715405060967434,0.0,-0.01465404410379634,-0.0034196713348477507,-0.0007311791947735319,-0.012134066638152063,-0.017046274198169765,-0.3738128656978656,-0.001183504801775337
ACCOUNT_MOM20,10,covid_crash_and_rebound,0.19994220894521675,0.3453521701037887,-0.33034649733447263,,0.46859239290167876,0.0009371847858033576,0.0,0.18196406448579383,0.022676469044742565,0.00045512295727717167,0.0,0.016135161606948042,-0.0064036454578588345,0.008719315804900533,-2.4346345295236814e-05,0.0010510366028061132,-0.007600210109386496,0.14780989397128586,-0.0008547335896277866
ACCOUNT_MOM20,10,inflation_and_rate_shock,-0.13199180826016044,0.23004706745148693,-0.2121411442031056,-0.13157120624689378,0.34497395144640247,0.000689947902892805,0.0,-0.13157120624689378,-0.013409220884283897,-0.009506534961689494,0.03460628824021462,0.0,0.004132761501436374,0.0,0.0,0.0,0.0018244412858565862,-0.14858321269664482,-0.0006357287317836155
ACCOUNT_EW20,10,dotcom_bust,-0.12481528223965699,0.23157571073465044,-0.44841553085278385,-0.24333769655082815,0.06695880643666227,0.00013391761287332454,0.0,-0.2994474056210037,-0.024617804268123687,0.004858754749440256,-0.0006334941348960824,0.0003157219690903704,0.0026818593713736952,-0.0002190810768715112,-0.0021570495187904484,0.0005675556082176987,-0.000765389299158479,-0.27913577659407784,-0.0003427024272088536
ACCOUNT_EW20,10,global_financial_crisis,-0.33093060642706307,0.37788007686651737,-0.548139546634925,-0.43279994454678594,0.05329091547183109,0.00010658183094366221,0.0,-0.4540016272319577,-0.009262605464668316,-0.019424097977414276,-0.0076268678600980196,-0.010109145407319345,-0.0036613338565975777,-0.005836148285371835,-0.01205660836182447,-0.009539428329274615,-0.005919119090102357,-0.3704407645488022,-0.00012550805048558696
ACCOUNT_EW20,10,covid_crash_and_rebound,0.18673224718426984,0.3498848660689607,-0.3431835610955848,,0.0556250235419274,0.00011125004708385481,0.0,0.17002421600726403,0.0074502080340509815,0.0016571425208898804,-0.0030910550967726312,0.00608207466600536,0.0020669046524091437,0.003155988407157638,0.0032818438050626676,0.005871663567649409,-0.0008691682348090662,0.14451720892998945,-9.859524436988449e-05
ACCOUNT_EW20,10,inflation_and_rate_shock,-0.15767267377432037,0.23483324308783038,-0.22663593586727382,-0.15717789444619268,0.05375703706840941,0.00010751407413681884,0.0,-0.1571778944461929,-0.006374182789003318,-0.002290550971529325,0.0114234083957993,-0.008632119977105664,-0.00022559237193537542,-0.0006713177143843739,-0.0012977407870968347,-0.002531465744453628,0.00046490444497620815,-0.1469476282836444,-9.56086478161823e-05
ACCOUNT_BUFFER20,10,dotcom_bust,-0.12599328356859396,0.22750828019670463,-0.44739484458935486,-0.24557873054386936,0.23998529778601638,0.0004799705955720329,0.0,-0.30196168265908163,-0.017236093975731094,-0.004869489105352023,0.01273760678883444,-0.0029786893089696325,-0.010412625513958185,0.0021316441488649623,0.009116971702149387,-0.004987225558981126,-0.010534796720237332,-0.2737362075139293,-0.0011927776017740615
ACCOUNT_BUFFER20,10,global_financial_crisis,-0.3266595165786176,0.3722588990908757,-0.5380654602494275,-0.4247532153234046,0.33317520020365954,0.000666350400407319,0.0,-0.4487447090749226,-0.0015785677106007325,0.0,-0.026215184448542907,0.0,-0.009249238982917308,-0.003377277611609441,-0.0074429532377935665,-0.023370825804528185,-0.004268126738828963,-0.3724288331906942,-0.0008137013494074603
ACCOUNT_BUFFER20,10,covid_crash_and_rebound,0.1785584440625405,0.3532192078868483,-0.34266713415789163,,0.32968702547518053,0.0006593740509503613,0.0,0.1626308020692735,0.022174933666596498,-0.016792222037248967,0.0,0.004631184280137552,0.007065964821414607,0.010804004578471726,-2.4346345295236804e-05,0.0,-0.007698629697701236,0.14305964301723437,-0.000589730214336178
ACCOUNT_BUFFER20,10,inflation_and_rate_shock,-0.13175660388941735,0.23070549762883455,-0.2119283886312021,-0.1313366933473904,0.2139175791000815,0.0004278351582001631,0.0,-0.13133669334739062,-0.013410865310864694,-0.007388833771969853,0.03461001587384965,0.0,0.002022785564666082,0.0,0.0,0.0,0.0018249339629983368,-0.14860848223729783,-0.0003862474287724482
ACCOUNT_MOM10,10,dotcom_bust,-0.1325997111264059,0.23448765152983292,-0.4594060695171788,-0.2566366512666354,0.231669388458877,0.00046333877691775413,0.0,-0.3159576018224791,-0.008596636940182454,4.765836782415779e-05,0.009804124554702299,-0.001414358349236268,-0.006665178132258002,-0.0009946178204181435,0.005070326615596762,-0.004288153559299385,-0.0033140397700125975,-0.3044408145860564,-0.001165912203140464
ACCOUNT_MOM10,10,global_financial_crisis,-0.32744654685967967,0.37617244455449844,-0.5411308692348307,-0.4260194715800486,0.23832721591791642,0.0004766544318358329,0.0,-0.4497146684061961,0.00017367216639266916,0.0,-0.008448031285969647,0.0,-0.007251105107414795,-0.001693399384207104,-0.00037596013344321345,-0.0059893529948068175,-0.008432886118165245,-0.4171030901154087,-0.0005945154331736545
ACCOUNT_MOM10,10,covid_crash_and_rebound,0.20097814445900242,0.346012758239899,-0.333765060638221,,0.23514049502571036,0.0004702809900514208,0.0,0.182899934915292,0.01132204204399622,0.00022749132575227194,0.0,0.008067301588062755,-0.0032088979096502658,0.00435946337757377,-1.2169419889454166e-05,0.0005258487563985379,-0.0038070298823921303,0.16585460509405958,-0.0004287200586186984
ACCOUNT_MOM10,10,inflation_and_rate_shock,-0.157443063904548,0.23591703295820454,-0.22786050575226402,-0.156948936069917,0.1754262310954612,0.0003508524621909224,0.0,-0.156948936069917,-0.006647552174865126,-0.004691217811993584,0.017150687636471734,0.0,0.0020204696155799147,0.0,0.0,0.0,0.0008988441159017309,-0.1653621952654126,-0.0003179721855995648
