strategy,cost_bps,period,cagr,annualized_volatility,max_drawdown,worst_rolling_12m_return,annualized_half_gross_turnover_ex_initial,annualized_fee_fraction_including_initial,initial_formation_fee_in_period,total_return
MOM12_1,0,full,0.08615101165008054,0.19048971770850054,-0.4610077543346177,-0.3491238269594903,2.6981027850071575,4.962822377872903e-24,4.1359030627651384e-19,7.574219911770186
MOM12_1,0,development,0.04208126653096511,0.20935513950196513,-0.4610077543346177,-0.3491238269594903,2.8914397556831206,4.962774872202479e-24,4.1359030627651384e-19,0.5737282042772975
MOM12_1,0,confirmation,0.1075870252216733,0.14885301052304667,-0.2549792990888592,-0.08947523658914303,2.65019887808194,4.966483047698521e-24,0.0,1.0437717514394547
MOM12_1,0,final_historical,0.13029720537666445,0.19570070694932082,-0.3025948799623197,-0.08453416866479857,2.4742883301569227,4.959688953242025e-24,0.0,1.6658302865657846
MOM12_0,0,full,0.07954674665006856,0.18488546790244906,-0.45936094424830987,-0.34484820265476246,2.7446313797350586,4.962822377872903e-24,4.1359030627651384e-19,6.31683533915833
MOM12_0,0,development,0.0352287553760775,0.2009257802581454,-0.45936094424830987,-0.34484820265476246,2.9015102147190444,4.962774872202479e-24,4.1359030627651384e-19,0.46355782757019526
MOM12_0,0,confirmation,0.09056600550900784,0.14510910941257768,-0.2264321892846204,-0.11460733250711974,2.8607353823287127,4.966483047698521e-24,0.0,0.8339322697241589
MOM12_0,0,final_historical,0.13345432839529003,0.19280931548181932,-0.3025948799623194,-0.07659599249126947,2.427605085072802,4.959688953242025e-24,0.0,1.7260266825884107
MOM1,0,full,0.06083720861312991,0.1856330658112091,-0.5819201156732535,-0.44819486576983525,8.159128145175428,4.962822377872903e-24,4.1359030627651384e-19,3.644109572913581
MOM1,0,development,-0.0030372888828963385,0.20793203491882045,-0.5819201156732535,-0.44819486576983525,8.427427562606551,4.962774872202479e-24,4.1359030627651384e-19,-0.032909404692359034
MOM1,0,confirmation,0.0932610461693042,0.13749229516908734,-0.16845394445633832,-0.1062246883276935,8.53117764968942,4.966483047698521e-24,0.0,0.8658708648084381
MOM1,0,final_historical,0.12534092300957123,0.18974545538786283,-0.3107235128447011,-0.11756047437596573,7.465347863618825,4.959688953242025e-24,0.0,1.5736750635310934
BUFFER12_1,0,full,0.0795991405425911,0.19349773196810238,-0.5033350904579406,-0.3977284197758275,1.567667673277559,4.962822377872903e-24,4.1359030627651384e-19,6.326074280615253
BUFFER12_1,0,development,0.03579935189851513,0.21129984350680484,-0.5033350904579406,-0.3977284197758275,1.5127546771324458,4.962774872202479e-24,4.1359030627651384e-19,0.4724563862815374
BUFFER12_1,0,confirmation,0.1049037618803339,0.14692260034139373,-0.2595766855756887,-0.08063355102148884,1.5127159780457236,4.966483047698521e-24,0.0,1.0093869980138308
BUFFER12_1,0,final_historical,0.1199199846807657,0.20354456131533663,-0.3646591446969354,-0.10555912614681673,1.6911430494158635,4.959688953242025e-24,0.0,1.4760835220197572
EW9,0,full,0.08693971030600856,0.18270687914811654,-0.5327142771265596,-0.42684789679659085,0.15409495938072085,4.962822377872903e-24,4.1359030627651384e-19,7.737584879060295
EW9,0,development,0.038955559263948114,0.20466406089295697,-0.5327142771265596,-0.42684789679659085,0.17113258491904856,4.962774872202479e-24,4.1359030627651384e-19,0.5225727184051858
EW9,0,confirmation,0.1309324755169392,0.13875583666471733,-0.18501011091456543,-0.06963255728130535,0.11988915741937571,4.966483047698521e-24,0.0,1.3648342101642665
EW9,0,final_historical,0.11710414880633535,0.18456889665655535,-0.3671481039260579,-0.13522024267108934,0.16057192401760037,4.959688953242025e-24,0.0,1.4266808585272148
SPY,0,full,0.08025764946553982,0.19391341141666787,-0.5518945927485668,-0.4342440947763002,0.0,1.5906481980361868e-26,4.1359030627651384e-19,6.443153991241193
SPY,0,development,0.004445479218139425,0.22062618697858866,-0.5518945927485668,-0.4342440947763002,0.0,3.7596779334867265e-26,4.1359030627651384e-19,0.050005010337069944
SPY,0,confirmation,0.13655417921985236,0.14108622503768434,-0.1860544814988746,-0.06221299149560766,0.0,0.0,0.0,1.4483001382601786
SPY,0,final_historical,0.1420185199097015,0.1945607252540674,-0.33717268745960116,-0.18175362063962197,0.0,0.0,0.0,1.8953493694231232
ACCOUNT_MOM20,0,full,0.08202220745072641,0.18964544605350117,-0.529562358305695,-0.4171526408753151,0.5602504824028809,4.962822377872903e-24,4.1359030627651384e-19,6.765821419527475
ACCOUNT_MOM20,0,development,0.012620019426247797,0.21356854015893764,-0.529562358305695,-0.4171526408753151,0.6055673178204578,4.962774872202479e-24,4.1359030627651384e-19,0.14792979442393617
ACCOUNT_MOM20,0,confirmation,0.13098259343061636,0.1410994993920011,-0.19998584654619467,-0.05862611587870359,0.5426613746699822,4.966483047698521e-24,0.0,1.3655673982177752
ACCOUNT_MOM20,0,final_historical,0.14025786542784302,0.19170209048912212,-0.33034424698984244,-0.1309738436008786,0.5133479945607919,4.959688953242025e-24,0.0,1.8598071334013326
ACCOUNT_EW20,0,full,0.08172387733300113,0.1905456824420426,-0.5480688144991421,-0.43273365677434106,0.03905536251653534,4.962822377872903e-24,4.1359030627651384e-19,6.710339892221979
ACCOUNT_EW20,0,development,0.01139412000947293,0.21600579537133047,-0.5480688144991421,-0.43273365677434106,0.04302237021233715,4.962774872202479e-24,4.1359030627651384e-19,0.1327342610560034
ACCOUNT_EW20,0,confirmation,0.135449725191374,0.14043968820468775,-0.1853765923496461,-0.06367587067583214,0.027254410074019478,4.966483047698521e-24,0.0,1.4317058753106329
ACCOUNT_EW20,0,final_historical,0.1372110846358212,0.1912707751802787,-0.3431798166476552,-0.15708758402056233,0.04391582645938635,4.959688953242025e-24,0.0,1.799203307959432
ACCOUNT_BUFFER20,0,full,0.08068270457244053,0.19035003061866668,-0.5376049073146236,-0.42443348863955976,0.33374572601592795,4.962822377872903e-24,4.1359030627651384e-19,6.519679944298897
ACCOUNT_BUFFER20,0,development,0.01130878542202085,0.21407026784271072,-0.5376049073146236,-0.42443348863955976,0.32756181695250924,4.962774872202479e-24,4.1359030627651384e-19,0.13168334217626398
ACCOUNT_BUFFER20,0,confirmation,0.13050740468126376,0.14064398431423114,-0.2009999611906209,-0.053720537356611864,0.3166008431659994,4.966483047698521e-24,0.0,1.3586235647560363
ACCOUNT_BUFFER20,0,final_historical,0.1381212076798588,0.1934881388871264,-0.3426646145952357,-0.1309662210775726,0.3572245640112712,4.959688953242025e-24,0.0,1.8171878053902017
ACCOUNT_MOM10,0,full,0.08117652750475757,0.1915660887031329,-0.540803891514035,-0.42569807266687276,0.28165985658382314,4.962822377872903e-24,4.1359030627651384e-19,6.609536838221974
ACCOUNT_MOM10,0,development,0.008571950724571398,0.21682244094052472,-0.540803891514035,-0.42569807266687276,0.30481426397287115,4.962774872202479e-24,4.1359030627651384e-19,0.09844491287209234
ACCOUNT_MOM10,0,confirmation,0.13378237964288942,0.14099463257016417,-0.1930290930236327,-0.06041337698330762,0.2722841050962462,4.966483047698521e-24,0.0,1.4068368816326933
ACCOUNT_MOM10,0,final_historical,0.14117541000074785,0.1929419253910926,-0.33376386200663455,-0.1566541010514373,0.25803490315070554,4.959688953242025e-24,0.0,1.8782816178127844
MOM12_1,5,full,0.08320357987610638,0.19047364942393108,-0.4619951434318772,-0.350752312384059,2.6975546350977577,0.002716774781789706,499.75012493753127,6.989319111470256
MOM12_1,5,development,0.03902532271188419,0.2093042408180931,-0.4619951434318772,-0.350752312384059,2.8908404412094186,0.0029362694439803083,499.75012493753127,0.5236977754443017
MOM12_1,5,confirmation,0.1046555664794191,0.14887963732054676,-0.25575669037233895,-0.09198192104326941,2.649615239045579,0.0026496152390455803,0.0,1.0062316946384424
MOM12_1,5,final_historical,0.12750391379963655,0.19570655903086703,-0.3025974443484145,-0.08703643900936697,2.473841498284029,0.002473841498284029,0.0,1.6135441898983887
MOM12_0,5,full,0.07656691429897,0.18487300777420249,-0.46032761975432834,-0.34645616175254035,2.744309345116466,0.002763529491808414,499.75012493753127,5.809427614536998
MOM12_0,5,development,0.032182265147891576,0.2008900024381783,-0.46032761975432834,-0.34645616175254035,2.9011738631783968,0.002946602865949286,499.75012493753127,0.4168691242917226
MOM12_0,5,confirmation,0.08745027834250951,0.14512620434450077,-0.2274877026862131,-0.11789310359799499,2.860469280132554,0.0028604692801325548,0.0,0.7975931943840229
MOM12_0,5,final_historical,0.13070592036598527,0.1928099369329595,-0.3025974443484146,-0.07880914034308373,2.4272538500621055,0.002427253850062106,0.0,1.6735570510542521
MOM1,5,full,0.052195918171553446,0.18555743451710058,-0.586769969246568,-0.4524098049799148,8.156683817835074,0.008175903964527022,499.75012493753127,2.7544141540284315
MOM1,5,development,-0.011449437359032255,0.20778231446969297,-0.586769969246568,-0.4524098049799148,8.424761653468797,0.008470190656239688,499.75012493753127,-0.11898289408651963
MOM1,5,confirmation,0.083973068736928,0.13748348768682156,-0.16900821611475791,-0.11393815818561903,8.528565690476261,0.008528565690476263,0.0,0.7577684463650849
MOM1,5,final_historical,0.11697033472998708,0.18973482904251518,-0.3116420887708643,-0.12489767309061606,7.463354499033932,0.007463354499033933,0.0,1.4243547727388663
BUFFER12_1,5,full,0.07788726414655356,0.19349001718222786,-0.5039102231551743,-0.39843666100768294,1.567393628890849,0.0015866137755827976,499.75012493753127,6.029937176317136
BUFFER12_1,5,development,0.034186574869988995,0.2112787775816937,-0.5039102231551743,-0.39843666100768294,1.5125287153185607,0.00155795771808945,499.75012493753127,0.4474309194587036
BUFFER12_1,5,confirmation,0.10323356192956057,0.14693095147846336,-0.26009870686618175,-0.08224285619393568,1.5124752818896174,0.001512475281889617,0.0,0.9882355122272661
BUFFER12_1,5,final_historical,0.11802768413484443,0.2035456059702364,-0.36466408813258255,-0.10715430046600527,1.6907737928175257,0.0016907737928175256,0.0,1.442787965525853
EW9,5,full,0.08675133971559301,0.1827066943006561,-0.5328742114577136,-0.4269944706625515,0.15409246459419648,0.00017331261128614481,499.75012493753127,7.698297352444021
EW9,5,development,0.03873057642777322,0.20466307416433693,-0.5328742114577136,-0.4269944706625515,0.17112870747984102,0.00021655771025073033,499.75012493753127,0.5189496214146989
EW9,5,confirmation,0.1307968955154537,0.13875726443249423,-0.18505713815922264,-0.06976130692338767,0.11988982892886214,0.00011988982892886219,0.0,1.36285175090073
EW9,5,final_historical,0.11692478997429645,0.18456877385356452,-0.3671545945253796,-0.13533004742009924,0.1605685624773734,0.00016056856247737342,0.0,1.4235635148964447
SPY,5,full,0.0802368817648691,0.19391347414438345,-0.5518945927485677,-0.43424409477630077,0.0,1.9220146691948328e-05,499.75012493753127,6.439434274104155
SPY,5,development,0.0043998378928293835,0.22062626205302405,-0.5518945927485677,-0.43424409477630077,0.0,4.5429002770889314e-05,499.75012493753127,0.04948027020196877
SPY,5,confirmation,0.13655417921985258,0.14108622503768434,-0.18605448149887405,-0.062212991495607994,0.0,0.0,0.0,1.4483001382601808
SPY,5,final_historical,0.1420185199097017,0.19456072525406742,-0.33717268745960105,-0.18175362063962308,0.0,0.0,0.0,1.8953493694231267
ACCOUNT_MOM20,5,full,0.08139536220231158,0.18964125181759245,-0.5298929591508625,-0.4174741143184607,0.5602473002179904,0.0005794674469099388,499.7501249375314,6.649685701070899
ACCOUNT_MOM20,5,development,0.011961017444287902,0.21355730941197906,-0.5298929591508625,-0.4174741143184607,0.605536722686358,0.0006509657254572473,499.7501249375314,0.139738313188009
ACCOUNT_MOM20,5,confirmation,0.13036899379997569,0.14110269841610723,-0.20016200211134139,-0.05896562651704651,0.5426593117793994,0.0005426593117793995,0.0,1.356604283792676
ACCOUNT_MOM20,5,final_historical,0.13967260449901553,0.19170352270098917,-0.33034537257456964,-0.13127268213885535,0.5133815037004457,0.0005133815037004458,0.0,1.848077359326497
ACCOUNT_EW20,5,full,0.08166083731899909,0.19054559751102332,-0.5481041862363932,-0.4327668049801118,0.03905402531019324,5.827417200214158e-05,499.7501249375314,6.698664989590812
ACCOUNT_EW20,5,development,0.011304657980309551,0.2160055033399077,-0.5481041862363932,-0.4327668049801118,0.04301762269069883,8.844662546158817e-05,499.7501249375314,0.13163253407832753
ACCOUNT_EW20,5,confirmation,0.1354187784956271,0.14043995000406656,-0.1853919050390579,-0.06370557331855098,0.027255345996376933,2.7255345996376934e-05,0.0,1.4312422975235597
ACCOUNT_EW20,5,final_historical,0.1371611425062469,0.1912706938903859,-0.3431816881848859,-0.15713274969977808,0.04391718925408149,4.3917189254081495e-05,0.0,1.7982193404605353
ACCOUNT_BUFFER20,5,full,0.08030131258832629,0.19034895900588938,-0.5378352619617399,-0.42459338673347136,0.33374251128455334,0.00035296265797650175,499.7501249375314,6.450980356467016
ACCOUNT_BUFFER20,5,development,0.010931654750349962,0.21406693072010652,-0.5378352619617399,-0.42459338673347136,0.327530885465097,0.00037295988823598646,499.7501249375314,0.12704948088044676
ACCOUNT_BUFFER20,5,confirmation,0.13014951169643885,0.14064519251305985,-0.2011200005591861,-0.0539407605494161,0.31661532453174396,0.0003166153245317439,0.0,1.3534052896014903
ACCOUNT_BUFFER20,5,final_historical,0.13771467774537482,0.19348896615381567,-0.34266587391447434,-0.1311515378746103,0.357243973218891,0.000357243973218891,0.0,1.8091421090818067
ACCOUNT_MOM10,5,full,0.08085125434250617,0.19156398835722185,-0.540967405911558,-0.4258587734124917,0.2816656075103092,0.00030088575420225753,499.75012493753127,6.550234255686094
ACCOUNT_MOM10,5,development,0.008218759058395975,0.21681687802507052,-0.540967405911558,-0.4258587734124917,0.30480483946994597,0.00035023384224083527,499.75012493753127,0.09422074465176644
ACCOUNT_MOM10,5,confirmation,0.1334736961571401,0.14099606910120246,-0.19311853546751467,-0.06058370674442459,0.27229078497187587,0.0002722907849718759,0.0,1.4022567642700743
ACCOUNT_MOM10,5,final_historical,0.14088094947231466,0.19294266478739508,-0.33376446158201845,-0.15680159197436183,0.2580606955991863,0.00025806069559918633,0.0,1.8723413967009148
MOM12_1,10,full,0.08026411417356782,0.1904633489720879,-0.4629807384077155,-0.35237674029287336,2.6970172529086884,0.005432455598255528,999.000999000999,6.444312254477963
MOM12_1,10,development,0.03597841865177687,0.20925874823604712,-0.4629807384077155,-0.35237674029287336,2.8902479195876434,0.005871308461097913,999.000999000999,0.47525908832221186
MOM12_1,10,confirmation,0.10173176649131621,0.14891408501265532,-0.2565332764828403,-0.09448110958838218,2.6490599506303156,0.005298119901260632,0.0,0.969379924745801
MOM12_1,10,final_historical,0.12471738897001838,0.19571748436235062,-0.30260000958958966,-0.08953228294730475,2.4733955321854335,0.004946791064370867,0.0,1.5622811178168838
MOM12_0,10,full,0.07359482714095056,0.18486633837483288,-0.461292810619094,-0.3480604694154844,2.7439929343040173,0.005526406961046186,999.000999000999,5.337133929871323
MOM12_0,10,development,0.029144329509571687,0.20085960106590564,-0.461292810619094,-0.3480604694154844,2.9008419529032823,0.005892496527729192,999.000999000999,0.3716638078643866
MOM12_0,10,confirmation,0.08434272484943262,0.14515130665162201,-0.22854195052163706,-0.12116687805488391,2.8602034218974204,0.005720406843794841,0.0,0.7619658982147113
MOM12_0,10,final_historical,0.1279638191288448,0.1928156208249053,-0.30260000958958944,-0.08101739891240889,2.42691456476469,0.004853829129529379,0.0,1.6220906828605441
MOM1,10,full,0.04362349748989636,0.18551487496048719,-0.5915647451438647,-0.45659375805650826,8.154241593623649,0.01634690427968545,999.000999000999,2.03504723247149
MOM1,10,development,-0.01979197435180169,0.20766415196186483,-0.5915647451438647,-0.45659375805650826,8.422098094830703,0.016935008811584037,999.000999000999,-0.19740795219419827
MOM1,10,confirmation,0.07476232111386816,0.13752197613558698,-0.17474301058290242,-0.12158681934908455,8.525956023504799,0.017051912047009603,0.0,0.6559110443657694
MOM1,10,final_historical,0.10866040411136924,0.18975175549022572,-0.312559746427157,-0.13217464448348115,7.4613627324074105,0.014922725464814818,0.0,1.283671326542315
BUFFER12_1,10,full,0.07617803545366186,0.19348540891296045,-0.5044846950145071,-0.3991440721380196,1.5671303181638567,0.003172681728765864,999.000999000999,5.74575974924011
BUFFER12_1,10,development,0.03257620651361126,0.21126044982410638,-0.5044846950145071,-0.3991440721380196,1.5123092069296902,0.0031154310357820072,999.000999000999,0.4228292252165462
BUFFER12_1,10,confirmation,0.10156573069606534,0.14694323951803734,-0.26062053131239993,-0.08384963448162785,1.5122529456157117,0.0030245058912314244,0.0,0.9673047252521358
BUFFER12_1,10,final_historical,0.11613864644592842,0.203549853475816,-0.36466903321659105,-0.10874684464529472,1.6904144877258926,0.003380828975451786,0.0,1.4099412617419986
EW9,10,full,0.08656301485676021,0.1827065749661953,-0.5330340893725061,-0.42714100783843856,0.15409001855020865,0.0003466011295385679,999.000999000999,7.659189189243596
EW9,10,development,0.03850567058578469,0.2046622122165958,-0.5330340893725061,-0.42714100783843856,0.17112493991786565,0.00043306250175835823,999.000999000999,0.5153355997623643
EW9,10,confirmation,0.13066132858643353,0.13875870224409892,-0.18510416174239508,-0.06989004698650036,0.11989050358832794,0.0002397810071766559,0.0,1.3608709070811313
EW9,10,final_historical,0.1167454645885393,0.18456866490894053,-0.3671610858459592,-0.13543983049934416,0.16056520551065998,0.00032113041102132004,0.0,1.420450256508293
SPY,10,full,0.08021612483922191,0.1939135863699253,-0.5518945927485674,-0.43424409477630066,0.0,3.842109243815046e-05,999.0009990009992,6.435718272968237
SPY,10,development,0.004354221443437334,0.2206264399935065,-0.5518945927485674,-0.43424409477630066,0.0,9.081262192262692e-05,999.0009990009992,0.04895605428278538
SPY,10,confirmation,0.13655417921985347,0.14108622503768434,-0.1860544814988735,-0.06221299149560888,0.0,0.0,0.0,1.448300138260194
SPY,10,final_historical,0.14201851990970105,0.19456072525406737,-0.33717268745960116,-0.18175362063962186,0.0,0.0,0.0,1.8953493694231143
ACCOUNT_MOM20,10,full,0.08076883456301864,0.18963734653096415,-0.5302233451617393,-0.41779548594703975,0.5602500174256351,0.0011589211272894208,999.0009990009992,6.535278504603761
ACCOUNT_MOM20,10,development,0.01130246594479778,0.21354640327621896,-0.5302233451617393,-0.41779548594703975,0.6055136035110936,0.001301839828944814,999.0009990009992,0.13160555134112495
ACCOUNT_MOM20,10,confirmation,0.12975565868740246,0.1411062364606835,-0.20033816020908535,-0.05930499037277981,0.5426649004983382,0.0010853298009966764,0.0,1.3476741365048235
ACCOUNT_MOM20,10,final_historical,0.13908751487280635,0.19170516786589464,-0.33034649733447263,-0.13157120624689378,0.5134172147094491,0.0010268344294188983,0.0,1.8363931226625785
ACCOUNT_EW20,10,full,0.08159781405374855,0.19054556375920323,-0.548139546634925,-0.43279994454678594,0.0390526997162375,0.00011652649187062546,999.0009990009992,6.687010181126003
ACCOUNT_EW20,10,development,0.011215236189513034,0.21600531729982383,-0.548139546634925,-0.43279994454678594,0.043012887832132495,0.0001768383975868919,999.0009990009992,0.13053227622537023
ACCOUNT_EW20,10,confirmation,0.13538783041374658,0.14044021213502172,-0.1854072159430592,-0.06373528713786347,0.02725629054966536,5.4512581099330726e-05,0.0,1.430778774721713
ACCOUNT_EW20,10,final_historical,0.13711119921795056,0.19127061356332198,-0.3431835610955848,-0.15717789444619268,0.043918564822573274,8.783712964514655e-05,0.0,1.7972356528318385
ACCOUNT_BUFFER20,10,full,0.07992004409087783,0.19034806622154685,-0.5380654602494275,-0.4247532153234046,0.3337399959028979,0.0007059010842439462,999.0009990009992,6.3829064306785375
ACCOUNT_BUFFER20,10,development,0.010554723300919111,0.21406380729264565,-0.5380654602494275,-0.4247532153234046,0.32750147453857936,0.0007458155709997857,999.0009990009992,0.1224353095101729
ACCOUNT_BUFFER20,10,confirmation,0.1297916717385712,0.1406465690730715,-0.20124012161438287,-0.05416079610146918,0.31662990028038307,0.0006332598005607662,0.0,1.3481976831572529
ACCOUNT_BUFFER20,10,final_historical,0.13730821742309862,0.193489933296071,-0.34266713415789163,-0.1313366933473904,0.35726348193482566,0.0007145269638696514,0.0,1.8011179001730597
ACCOUNT_MOM10,10,full,0.08052605746847163,0.19156199710689706,-0.5411308692348307,-0.4260194715800486,0.2816745704569199,0.0006017702333519904,999.0009990009992,6.491389941041239
ACCOUNT_MOM10,10,development,0.00786571295952565,0.2168114737335379,-0.5411308692348307,-0.4260194715800486,0.304799345545194,0.000700411313013015,999.0009990009992,0.09001308119915197
ACCOUNT_MOM10,10,confirmation,0.1331650577483663,0.14099759043519366,-0.1932079942333147,-0.060753984057344335,0.27230178524406856,0.0005446035704881371,0.0,1.3976847859586456
ACCOUNT_MOM10,10,final_historical,0.14058649121031963,0.19294345684697226,-0.333765060638221,-0.156948936069917,0.25808774416216956,0.0005161754883243392,0.0,1.866411952043948
