method,cost_bps,metric,p05,p50,p95
identity_remap,0,cagr,0.0624123277884,0.0845056487674,0.107609585684
identity_remap,0,annualized_volatility,0.185545631392,0.195023428905,0.20612084494
identity_remap,0,max_drawdown,-0.623828631069,-0.543017054833,-0.459556766153
identity_remap,0,annualized_half_gross_turnover_ex_initial,2.69977002498,2.70960276594,2.7193567171
identity_remap,0,annualized_fee_fraction_including_initial,0,0,0
identity_remap,0,total_return,3.82677050966,7.24281418302,13.2598551831
identity_remap,0,annualized_arithmetic_active_vs_ew9,-0.0211562728213,-0.000313695459233,0.0208213869601
identity_remap,0,tracking_error_vs_ew9,0.0552491461473,0.0605436623653,0.066588486656
overlap_matched,0,cagr,0.0653585445396,0.084327620043,0.103947211304
overlap_matched,0,annualized_volatility,0.18544302145,0.195201817694,0.206002386007
overlap_matched,0,max_drawdown,-0.628399524645,-0.540482257566,-0.462323136296
overlap_matched,0,annualized_half_gross_turnover_ex_initial,2.6999780055,2.70922848462,2.72041578164
overlap_matched,0,annualized_fee_fraction_including_initial,0,0,0
overlap_matched,0,total_return,4.1871436503,7.20770353836,12.0832240712
overlap_matched,0,annualized_arithmetic_active_vs_ew9,-0.0178116390793,-0.000473447362574,0.0170954946782
overlap_matched,0,tracking_error_vs_ew9,0.0554510591303,0.0605902192432,0.0663352692666
identity_remap,5,cagr,0.0595099607861,0.0815480082354,0.104593183084
identity_remap,5,annualized_volatility,0.185528181073,0.195010258076,0.20611313301
identity_remap,5,max_drawdown,-0.625096082262,-0.544509836621,-0.461606501695
identity_remap,5,annualized_half_gross_turnover_ex_initial,2.69924339067,2.70902999656,2.71878803167
identity_remap,5,annualized_fee_fraction_including_initial,0.00271846353736,0.00272825014325,0.00273800817837
identity_remap,5,total_return,3.49537097649,6.67781169062,12.2837430656
identity_remap,5,annualized_arithmetic_active_vs_ew9,-0.0237250696186,-0.00288974652231,0.0182434420554
identity_remap,5,tracking_error_vs_ew9,0.0552328701683,0.0605306187056,0.0665711744544
overlap_matched,5,cagr,0.0624545078172,0.0813728944257,0.100943678965
overlap_matched,5,annualized_volatility,0.185422450717,0.195187985029,0.205987915518
overlap_matched,5,max_drawdown,-0.629871009726,-0.541978778574,-0.463920517404
overlap_matched,5,annualized_half_gross_turnover_ex_initial,2.69944679393,2.7086620327,2.7198216684
overlap_matched,5,annualized_fee_fraction_including_initial,0.00271866694062,0.00272788217939,0.00273904181509
overlap_matched,5,total_return,3.83175563169,6.64555425058,11.1884882039
overlap_matched,5,annualized_arithmetic_active_vs_ew9,-0.0203853870937,-0.00304449865548,0.0145211264924
overlap_matched,5,tracking_error_vs_ew9,0.0554312527475,0.0605850937625,0.0663388572828
identity_remap,10,cagr,0.056617956339,0.0785994249349,0.101580770607
identity_remap,10,annualized_volatility,0.185516658355,0.194999927388,0.206111088035
identity_remap,10,max_drawdown,-0.626569352871,-0.545913179354,-0.4634772034
identity_remap,10,annualized_half_gross_turnover_ex_initial,2.69870908815,2.70847805369,2.71822406539
identity_remap,10,annualized_fee_fraction_including_initial,0.00543583926873,0.00545537719982,0.00547486922322
identity_remap,10,total_return,3.18697549382,6.15170805764,11.373213871
identity_remap,10,annualized_arithmetic_active_vs_ew9,-0.0262902654939,-0.00546288914607,0.0156666240273
identity_remap,10,tracking_error_vs_ew9,0.0552235570234,0.0605232400667,0.0665673338043
overlap_matched,10,cagr,0.0595583289414,0.0784262400781,0.0979483252931
overlap_matched,10,annualized_volatility,0.185409012989,0.195180139976,0.205978792633
overlap_matched,10,max_drawdown,-0.631166251687,-0.543458181976,-0.465762108664
overlap_matched,10,annualized_half_gross_turnover_ex_initial,2.69892515779,2.70812105464,2.71922671073
overlap_matched,10,annualized_fee_fraction_including_initial,0.00543627140801,0.00545466320171,0.0054768745139
overlap_matched,10,total_return,3.50070998892,6.12191026878,10.3549434255
overlap_matched,10,annualized_arithmetic_active_vs_ew9,-0.0229579830913,-0.00561103964915,0.0119478994855
overlap_matched,10,tracking_error_vs_ew9,0.0554426006558,0.0605903796744,0.0663261861726
