path_id,execution_date,selected,pretrade_nav,fee,gross_traded,posttrade_nav
0,2000-01-03,"XLY,XLB,XLU",1.0,0.0004997501249375312,0.9995002498750625,0.9995002498750625
1,2000-01-03,"XLF,XLP,XLB",1.0,0.0004997501249375312,0.9995002498750625,0.9995002498750625
0,2000-02-01,"XLF,XLB,XLU",0.9494173577603949,0.0003281890321888883,0.6563780643777767,0.9490891687282059
1,2000-02-01,"XLP,XLB,XLU",0.9792473804856001,0.00034807240011103816,0.6961448002220763,0.9788993080854891
0,2000-03-01,"XLY,XLB,XLU",0.8536428534053286,0.0002924368850002722,0.5848737700005444,0.8533504165203283
1,2000-03-01,"XLF,XLP,XLB",0.8750916181454853,0.0003012491605917813,0.6024983211835626,0.8747903689848935
0,2000-04-03,"XLY,XLB,XLU",0.9693069489744037,1.8867336874952983e-05,0.03773467374990597,0.9692880816375287
1,2000-04-03,"XLF,XLP,XLB",1.0108783432710091,1.9670054687778797e-05,0.0393401093755576,1.0108586732163214
0,2000-05-01,"XLK,XLB,XLU",0.9607042234289708,0.0003383192971175474,0.6766385942350948,0.9603659041318531
1,2000-05-01,"XLP,XLV,XLB",0.9759370905935836,0.0003355188832435792,0.6710377664871584,0.97560157171034
0,2000-06-01,"XLK,XLY,XLU",0.9286093851149644,0.0003234665620249666,0.6469331240499332,0.9282859185529393
1,2000-06-01,"XLF,XLV,XLB",0.974761029567782,0.00034479184873716963,0.6895836974743392,0.9744162377190448
0,2000-07-03,"XLK,XLB,XLU",0.927889192499395,0.0003128939715732682,0.6257879431465364,0.9275762985278218
1,2000-07-03,"XLP,XLV,XLB",0.9359742856054192,0.0003195099676119996,0.6390199352239991,0.9356547756378071
0,2000-08-01,"XLK,XLB,XLU",0.9027003462483261,1.3491987586359805e-05,0.02698397517271961,0.9026868542607397
1,2000-08-01,"XLP,XLV,XLB",0.9268535507075075,2.6188206795069445e-06,0.005237641359013889,0.9268509318868279
0,2000-09-01,"XLK,XLV,XLU",0.949556738458259,0.00032344377893208786,0.6468875578641757,0.9492332946793269
1,2000-09-01,"XLK,XLV,XLB",0.9230199280006741,0.0003077245967663524,0.6154491935327049,0.9227122034039077
0,2000-10-02,"XLV,XLB,XLU",0.9227355288889243,0.00030762978125985143,0.6152595625197028,0.9224278991076644
1,2000-10-02,"XLK,XLP,XLB",0.8245780832117248,0.0003004012456542885,0.600802491308577,0.8242776819660704
0,2000-11-01,"XLP,XLV,XLB",0.9714687137952558,0.00033733902416181993,0.6746780483236399,0.9711313747710939
1,2000-11-01,"XLK,XLY,XLP",0.8535017578615257,0.0003130292463947292,0.6260584927894584,0.8531887286151308
0,2000-12-01,"XLP,XLV,XLB",0.9532060995683103,2.3488048183313153e-05,0.04697609636662631,0.953182611520127
1,2000-12-01,"XLK,XLY,XLP",0.7991620929534895,3.2885298457693836e-05,0.06577059691538767,0.7991292076550318
0,2001-01-02,"XLP,XLV,XLI",0.9813966597730148,0.0003465363935918976,0.6930727871837952,0.9810501233794229
1,2001-01-02,"XLK,XLE,XLY",0.7839825756107133,0.0002993832881905085,0.5987665763810169,0.7836831923225228
0,2001-02-01,"XLP,XLV,XLI",1.0193646269394834,3.062507597588843e-05,0.061250151951776854,1.0193340018635073
1,2001-02-01,"XLK,XLE,XLY",0.8709423666009755,4.123077355163389e-05,0.08246154710326778,0.8709011358274238
0,2001-03-01,"XLP,XLV,XLI",0.9847765069202206,7.447140683717157e-06,0.014894281367434314,0.9847690597795368
1,2001-03-01,"XLK,XLE,XLY",0.7836188757073047,3.6946046096325956e-05,0.07389209219265191,0.7835819296612083
0,2001-04-02,"XLP,XLV,XLI",0.905598870238536,5.054969598318332e-06,0.010109939196636664,0.9055938152689376
1,2001-04-02,"XLK,XLE,XLY",0.7271092333733883,2.2898094612995898e-05,0.045796189225991796,0.7270863352787753
0,2001-05-01,"XLP,XLV,XLI",0.990555904768819,1.4832679788470165e-05,0.02966535957694033,0.9905410720890304
1,2001-05-01,"XLK,XLE,XLY",0.8224093784493745,2.1301647872492862e-05,0.042603295744985725,0.8223880768015018
0,2001-06-01,"XLF,XLP,XLV",1.0121519594382953,0.0003397279259134215,0.679455851826843,1.0118122315123816
1,2001-06-01,"XLK,XLY,XLU",0.8098245448232066,0.000278716971035862,0.557433942071724,0.8095458278521708
0,2001-07-02,"XLF,XLP,XLV",1.0011823677850165,8.966376726815384e-06,0.017932753453630768,1.0011734014082894
1,2001-07-02,"XLK,XLY,XLU",0.80088292128572,7.715193025265632e-06,0.015430386050531264,0.8008752060926948
0,2001-08-01,"XLF,XLP,XLV",0.9884774830974112,6.646355059871794e-06,0.01329271011974359,0.9884708367423513
1,2001-08-01,"XLK,XLY,XLU",0.7980109006993593,1.0711655708337404e-05,0.021423311416674806,0.798000189043651
0,2001-09-04,"XLF,XLE,XLP",0.9483000470372172,0.0003270316470309286,0.6540632940618571,0.9479730153901862
1,2001-09-04,"XLY,XLI,XLU",0.722983776087669,0.00024103476448997132,0.48206952897994265,0.7227427413231788
0,2001-10-01,"XLF,XLE,XLI",0.8964110991411369,0.0003177172901250621,0.6354345802501242,0.8960933818510117
1,2001-10-01,"XLE,XLI,XLU",0.6530713862812105,0.00022963056109779993,0.45926112219559984,0.6528417557201127
0,2001-11-01,"XLF,XLE,XLI",0.9331719016848075,1.0904902298885077e-05,0.021809804597770155,0.9331609967825084
1,2001-11-01,"XLE,XLI,XLU",0.6672902505110441,1.632258874166456e-05,0.032645177483329124,0.6672739279223024
0,2001-12-03,"XLF,XLE,XLI",0.9468183360276531,2.2464268143871535e-05,0.04492853628774307,0.9467958717595092
1,2001-12-03,"XLE,XLI,XLU",0.6654468416576425,1.580260453004653e-05,0.031605209060093065,0.6654310390531124
0,2002-01-02,"XLK,XLF,XLE",0.9854488995370037,0.0003326119161171436,0.6652238322342872,0.9851162876208864
1,2002-01-02,"XLV,XLI,XLU",0.6953041135477943,0.0002318066722946472,0.46361334458929443,0.6950723068754996
0,2002-02-01,"XLF,XLE,XLI",0.9528294844353404,0.00031766277194043683,0.6353255438808737,0.9525118216633999
1,2002-02-01,"XLE,XLI,XLU",0.6636684090742171,0.0002274853599573687,0.45497071991473736,0.6634409237142598
0,2002-03-01,"XLF,XLE,XLV",0.9870925422661913,0.0003377812621584562,0.6755625243169123,0.9867547610040328
1,2002-03-01,"XLK,XLI,XLU",0.689470568701124,0.00023462272825807112,0.46924545651614225,0.689235945972866
0,2002-04-01,"XLF,XLE,XLI",1.039160373274162,0.00034741194663080076,0.6948238932616015,1.038812961327531
1,2002-04-01,"XLE,XLI,XLU",0.6970405422199424,0.00023415290834758574,0.46830581669517146,0.6968063893115948
0,2002-05-01,"XLF,XLE,XLI",0.9974358025966112,8.971854958368164e-06,0.017943709916736328,0.9974268307416528
1,2002-05-01,"XLE,XLI,XLU",0.6632505553820301,4.084009618007006e-06,0.008168019236014012,0.6632464713724121
0,2002-06-03,"XLF,XLE,XLI",0.9575018914009976,4.728584732675317e-06,0.009457169465350634,0.9574971628162648
1,2002-06-03,"XLE,XLI,XLU",0.6343180715013966,2.35083865157415e-06,0.0047016773031482995,0.6343157206627451
0,2002-07-01,"XLF,XLE,XLI",0.9240436364096175,6.409802691779265e-06,0.01281960538355853,0.9240372266069257
1,2002-07-01,"XLE,XLI,XLU",0.6076287514077917,5.754375099987802e-06,0.011508750199975604,0.6076229970326916
0,2002-08-01,"XLK,XLF,XLE",0.8239245505691002,0.0002971263384977688,0.5942526769955376,0.8236274242306023
1,2002-08-01,"XLV,XLI,XLU",0.5306571545269763,0.0001799399106303412,0.3598798212606824,0.5304772146163459
0,2002-09-03,"XLK,XLF,XLE",0.8278084277150206,8.428434307440141e-06,0.016856868614880283,0.8277999992807131
1,2002-09-03,"XLV,XLI,XLU",0.5292805381819081,4.996676798320068e-06,0.009993353596640137,0.5292755415051098
0,2002-10-01,"XLK,XLF,XLE",0.7979018902128803,1.1088374522962019e-05,0.022176749045924038,0.7978908018383573
1,2002-10-01,"XLV,XLI,XLU",0.5087964304206501,8.46186909605766e-06,0.016923738192115317,0.5087879685515541
0,2002-11-01,"XLK,XLF,XLE",0.8760650873939936,3.2162861891412984e-05,0.06432572378282597,0.8760329245321021
1,2002-11-01,"XLV,XLI,XLU",0.5124512486476527,6.944003273894939e-06,0.013888006547789877,0.5124443046443787
0,2002-12-02,"XLK,XLE,XLV",0.9252797463730849,0.00031964041119158083,0.6392808223831616,0.9249601059618933
1,2002-12-02,"XLK,XLV,XLI",0.5236253020959233,0.0001762875656511227,0.3525751313022454,0.5234490145302721
0,2003-01-02,"XLK,XLF,XLV",0.9026716469181871,0.0003205162477325795,0.641032495465159,0.9023511306704545
1,2003-01-02,"XLK,XLV,XLU",0.5040274500773241,0.00017684699295027317,0.35369398590054635,0.5038506030843737
0,2003-02-03,"XLK,XLF,XLB",0.8589488888046242,0.0002914669209637836,0.5829338419275671,0.8586574218836603
1,2003-02-03,"XLP,XLV,XLU",0.4800051774375053,0.0001600283972120371,0.3200567944240742,0.4798451490402933
0,2003-03-03,"XLK,XLF,XLV",0.8306926879737437,0.00028001933542403615,0.5600386708480722,0.8304126686383198
1,2003-03-03,"XLK,XLV,XLU",0.4614254459527075,0.00015565710671149185,0.3113142134229837,0.461269788845996
0,2003-04-01,"XLK,XLF,XLB",0.8573855621688005,0.00029196304976550634,0.5839260995310127,0.8570935991190349
1,2003-04-01,"XLP,XLV,XLU",0.479760954743898,0.00015994697607731224,0.31989395215462446,0.47960100776782066
0,2003-05-01,"XLK,XLF,XLB",0.930344441809208,4.120458646727193e-06,0.008240917293454386,0.9303403213505612
1,2003-05-01,"XLP,XLV,XLU",0.49844508514016517,3.98464168026133e-06,0.007969283360522661,0.49844110049848483
0,2003-06-02,"XLK,XLE,XLV",0.9857967210605488,0.0006570882993238118,1.3141765986476237,0.985139632761225
1,2003-06-02,"XLK,XLV,XLI",0.5289593337363305,0.0003610111332328556,0.7220222664657111,0.5285983226030977
0,2003-07-01,"XLK,XLV,XLU",1.006793476202649,0.000335653767695499,0.671307535390998,1.0064578224349534
1,2003-07-01,"XLK,XLV,XLB",0.5458379089237004,0.00018295914251123814,0.36591828502247625,0.5456549497811892
0,2003-08-01,"XLE,XLP,XLU",0.9768193301342033,0.0006626855645275426,1.3253711290550854,0.9761566445696757
1,2003-08-01,"XLY,XLI,XLB",0.5540951490987823,0.0003693352101974887,0.7386704203949773,0.5537258138885848
0,2003-09-02,"XLF,XLE,XLU",1.0267248596835872,0.00034494821919267576,0.6898964383853515,1.0263799114643946
1,2003-09-02,"XLI,XLB,XLU",0.5868907089681001,0.00019731105188539332,0.3946221037707866,0.5866933979162148
0,2003-10-01,"XLF,XLE,XLU",1.038521616747398,8.416565310156998e-06,0.016833130620313996,1.0385132001820878
1,2003-10-01,"XLI,XLB,XLU",0.5807332237027055,8.251277582436254e-06,0.016502555164872507,0.5807249724251231
0,2003-11-03,"XLF,XLP,XLU",1.0570502971582485,0.0003548395441701813,0.7096790883403626,1.0566954576140783
1,2003-11-03,"XLY,XLB,XLU",0.6070669614953975,0.00020907136608966433,0.4181427321793286,0.6068578901293078
0,2003-12-01,"XLE,XLP,XLV",1.055998295170875,0.0007038815498556075,1.407763099711215,1.0552944136210192
1,2003-12-01,"XLK,XLY,XLI",0.6193595415781046,0.0004146646157442393,0.8293292314884786,0.6189448769623603
0,2004-01-02,"XLF,XLE,XLU",1.115141355549797,0.000743303686418795,1.48660737283759,1.114398051863378
1,2004-01-02,"XLI,XLB,XLU",0.6390720212210581,0.00042597701797770913,0.8519540359554182,0.6386460442030804
0,2004-02-02,"XLF,XLE,XLU",1.1463824051434046,4.281298132994993e-06,0.008562596265989986,1.1463781238452717
1,2004-02-02,"XLI,XLB,XLU",0.6348381197861985,8.109825642411556e-06,0.01621965128482311,0.6348300099605562
0,2004-03-01,"XLF,XLY,XLU",1.1947109475683055,0.0004074153039374373,0.8148306078748746,1.194303532264368
1,2004-03-01,"XLF,XLB,XLU",0.6568513463235125,0.00021990666579147031,0.4398133315829406,0.656631439657721
0,2004-04-01,"XLF,XLV,XLU",1.1912887145521625,0.0003992744826579692,0.7985489653159383,1.1908894400695043
1,2004-04-01,"XLK,XLB,XLU",0.6497569923134591,0.00022122322607828992,0.44244645215657985,0.6495357690873808
0,2004-05-03,"XLF,XLB,XLU",1.171473023449372,0.00041150847638614504,0.82301695277229,1.171061514972986
1,2004-05-03,"XLP,XLB,XLU",0.6209966757681125,0.00020830978393241912,0.4166195678648382,0.62078836598418
0,2004-06-01,"XLF,XLY,XLB",1.183785959304465,0.0003962890962080068,0.7925781924160136,1.1833896702082571
1,2004-06-01,"XLF,XLP,XLU",0.6238222101942446,0.00021145900185433564,0.4229180037086713,0.6236107511923901
0,2004-07-01,"XLF,XLY,XLB",1.196220509442576,9.043644421572655e-06,0.01808728884314531,1.1962114657981544
1,2004-07-01,"XLF,XLP,XLU",0.6243024504375055,1.1722423949129673e-06,0.0023444847898259347,0.6243012781951106
0,2004-08-02,"XLF,XLY,XLB",1.1827676995281349,6.046261292617012e-06,0.012092522585234022,1.1827616532668423
1,2004-08-02,"XLF,XLP,XLU",0.6235278346921567,7.5241507598756556e-06,0.015048301519751311,0.6235203105413968
0,2004-09-01,"XLY,XLP,XLB",1.1956253366029008,0.00040456520619441106,0.8091304123888221,1.1952207713967065
1,2004-09-01,"XLF,XLY,XLP",0.6359255662392183,0.00021448082422141136,0.4289616484428227,0.6357110854149969
0,2004-10-01,"XLF,XLY,XLB",1.2204704708659284,0.00040689130550622713,0.8137826110124542,1.2200635795604222
1,2004-10-01,"XLF,XLP,XLU",0.6427438029637159,0.00022004097261145802,0.44008194522291605,0.6425237619911044
0,2004-11-01,"XLF,XLP,XLB",1.2239857727104966,0.00041935224758002983,0.8387044951600596,1.2235664204629164
1,2004-11-01,"XLY,XLP,XLU",0.6499082168441194,0.00022033333374997326,0.44066666749994654,0.6496878835103694
0,2004-12-01,"XLY,XLP,XLB",1.2965918794370679,0.00043977641267595175,0.8795528253519035,1.2961521030243919
1,2004-12-01,"XLF,XLY,XLP",0.6761332103455631,0.00022541530599952097,0.4508306119990419,0.6759077950395636
0,2005-01-03,"XLY,XLP,XLB",1.3141010770692971,8.554569127642215e-06,0.01710913825528443,1.3140925225001694
1,2005-01-03,"XLF,XLY,XLP",0.6905698457682827,9.256156092423002e-07,0.0018512312184846003,0.6905689201526735
0,2005-02-01,"XLF,XLP,XLB",1.2982821891089562,0.0004329254894943313,0.8658509789886626,1.2978492636194616
1,2005-02-01,"XLY,XLP,XLU",0.6834140388839556,0.00023358787351807225,0.4671757470361445,0.6831804510104373
0,2005-03-01,"XLY,XLP,XLB",1.3281473088280438,0.0004499622403025264,0.8999244806050528,1.3276973465877413
1,2005-03-01,"XLF,XLY,XLP",0.6897648693838196,0.0002315880460733124,0.46317609214662475,0.6895332813377464
0,2005-04-01,"XLF,XLP,XLB",1.2890608268808053,0.0004303363288807493,0.8606726577614986,1.2886304905519246
1,2005-04-01,"XLY,XLP,XLU",0.6626377358771718,0.00022091606463649666,0.4418321292729933,0.6624168198125353
0,2005-05-02,"XLF,XLP,XLB",1.2731387278689699,2.0980817003228734e-05,0.04196163400645747,1.2731177470519666
1,2005-05-02,"XLY,XLP,XLU",0.6591702687200875,1.0261728928580834e-05,0.02052345785716167,0.659160006991159
0,2005-06-01,"XLF,XLP,XLB",1.2977685026007912,8.067867660453254e-06,0.016135735320906508,1.2977604347331309
1,2005-06-01,"XLY,XLP,XLU",0.6796290924282807,6.551963287655019e-06,0.013103926575310038,0.679622540464993
0,2005-07-01,"XLY,XLP,XLB",1.275143586036966,0.0004347902225431968,0.8695804450863936,1.2747087958144228
1,2005-07-01,"XLF,XLY,XLP",0.6857120861775629,0.000239008437136094,0.478016874272188,0.6854730777404268
0,2005-08-01,"XLK,XLP,XLB",1.329340439559142,0.00045138456878776915,0.9027691375755382,1.3288890549903543
1,2005-08-01,"XLY,XLP,XLV",0.7065550340540849,0.00023720165332750904,0.47440330665501806,0.7063178324007573
0,2005-09-01,"XLP,XLB,XLU",1.302120941145396,0.0004402758645594651,0.8805517291189302,1.3016806652808364
1,2005-09-01,"XLY,XLP,XLB",0.6911167135827719,0.000235322341249951,0.470644682499902,0.690881391241522
0,2005-10-03,"XLP,XLB,XLU",1.3245390630441825,8.769703801284696e-06,0.01753940760256939,1.324530293340381
1,2005-10-03,"XLY,XLP,XLB",0.6893690583708968,4.44180068506457e-06,0.00888360137012914,0.6893646165702116
0,2005-11-01,"XLK,XLP,XLB",1.283804750127502,0.0004280062510843481,0.8560125021686962,1.2833767438764176
1,2005-11-01,"XLY,XLP,XLV",0.6855698272905081,0.00023185352440268297,0.46370704880536595,0.6853379737661054
0,2005-12-01,"XLK,XLP,XLB",1.367731293236923,1.8837546447816127e-05,0.037675092895632256,1.3677124556904752
1,2005-12-01,"XLY,XLP,XLV",0.7077922074021559,4.205791177194481e-06,0.008411582354388963,0.7077880016109787
0,2006-01-03,"XLP,XLV,XLB",1.3697569038805377,0.00045684089488186487,0.9136817897637297,1.3693000629856558
1,2006-01-03,"XLK,XLY,XLP",0.7144730957513925,0.00024450610329029496,0.48901220658058986,0.7142285896481022
0,2006-02-01,"XLK,XLP,XLB",1.3848867349011247,0.00046772022146158564,0.9354404429231713,1.384419014679663
1,2006-02-01,"XLY,XLP,XLV",0.7208657795589737,0.00024296838127920345,0.4859367625584069,0.7206228111776944
0,2006-03-01,"XLP,XLV,XLB",1.3921857202404817,0.00047077657278157803,0.9415531455631561,1.3917149436677
1,2006-03-01,"XLK,XLY,XLP",0.7272086221270398,0.0002424432812558893,0.4848865625117786,0.726966178845784
0,2006-04-03,"XLP,XLV,XLB",1.4088614442331986,1.4440538517112661e-05,0.028881077034225322,1.4088470036946814
1,2006-04-03,"XLK,XLY,XLP",0.7296996714526467,2.1554387882041225e-06,0.004310877576408245,0.7296975160138585
0,2006-05-01,"XLF,XLB,XLU",1.4073122661055697,0.0009380518354311412,1.8761036708622825,1.4063742142701385
1,2006-05-01,"XLP,XLB,XLU",0.7271930923390164,0.0004847146091244902,0.9694292182489803,0.7267083777298919
0,2006-06-01,"XLF,XLV,XLB",1.4011454144927589,0.0004854692079883285,0.970938415976657,1.4006599452847706
1,2006-06-01,"XLK,XLP,XLU",0.7286196070712387,0.00024291368797174157,0.48582737594348313,0.7283766933832669
0,2006-07-03,"XLF,XLY,XLB",1.3959582543873377,0.00046577791762731507,0.9315558352546301,1.3954924764697103
1,2006-07-03,"XLF,XLP,XLU",0.7352646796453018,0.0002451290813953332,0.49025816279066636,0.7350195505639066
0,2006-08-01,"XLF,XLY,XLB",1.35267096419657,1.796696558545849e-05,0.03593393117091698,1.3526529972309844
1,2006-08-01,"XLF,XLP,XLU",0.7502563371767312,7.001383035876024e-06,0.014002766071752049,0.7502493357936953
0,2006-09-01,"XLF,XLV,XLB",1.3997497653318167,0.0004748203248981229,0.9496406497962457,1.3992749450069186
1,2006-09-01,"XLK,XLP,XLU",0.7706621284534004,0.0002597066533478626,0.5194133066957252,0.7704024218000526
0,2006-10-02,"XLF,XLV,XLI",1.4138200953851003,0.00047402395617558745,0.9480479123511749,1.4133460714289248
1,2006-10-02,"XLK,XLE,XLU",0.7723628934309377,0.0002601578639487815,0.520315727897563,0.7721027355669888
0,2006-11-01,"XLF,XLY,XLV",1.4327805265872076,0.0004831345018835204,0.9662690037670407,1.4322973920853241
1,2006-11-01,"XLK,XLF,XLU",0.8076663465791387,0.0002700722744412006,0.5401445488824013,0.8073962743046974
0,2006-12-01,"XLF,XLP,XLB",1.4474594477742606,0.0009660183995199141,1.9320367990398282,1.4464934293747407
1,2006-12-01,"XLY,XLP,XLU",0.821190782188002,0.0005473692932431275,1.0947385864862549,0.8206434128947588
0,2007-01-03,"XLF,XLP,XLB",1.490668809149976,1.0997409527241237e-05,0.021994819054482473,1.4906578117404488
1,2007-01-03,"XLY,XLP,XLU",0.8409236884586824,3.523118494418859e-06,0.007046236988837717,0.840920165340188
0,2007-02-01,"XLE,XLP,XLV",1.5345974343151658,0.0010285029620893647,2.0570059241787293,1.5335689313530765
1,2007-02-01,"XLK,XLY,XLI",0.8542929242635633,0.0005694337105572828,1.1388674211145655,0.853723490553006
0,2007-03-01,"XLF,XLE,XLV",1.492900763043622,0.0005023388864184499,1.0046777728368999,1.4923984241572035
1,2007-03-01,"XLK,XLI,XLU",0.8298343423640604,0.00027665755704752804,0.5533151140950561,0.8295576848070128
0,2007-04-02,"XLF,XLE,XLP",1.5300335273536305,0.0005288594978422248,1.0577189956844497,1.529504667855788
1,2007-04-02,"XLY,XLI,XLU",0.8530620796133177,0.0002889501040495557,0.5779002080991114,0.8527731295092682
0,2007-05-01,"XLF,XLP,XLI",1.5893735417589165,0.0005387819111668907,1.0775638223337816,1.5888347598477497
1,2007-05-01,"XLE,XLY,XLU",0.8832267111657933,0.0002986365658643566,0.5972731317287131,0.8829280745999288
0,2007-06-01,"XLK,XLF,XLP",1.640275322568101,0.0005555100018487753,1.1110200036975506,1.6397198125662522
1,2007-06-01,"XLY,XLV,XLU",0.914357220607608,0.0003185177963673961,0.6370355927347923,0.9140387028112407
0,2007-07-02,"XLF,XLP,XLU",1.6155508281038622,0.0005503069736137573,1.1006139472275145,1.6150005211302483
1,2007-07-02,"XLY,XLB,XLU",0.8910871130517747,0.0002979857557341934,0.5959715114683868,0.8907891272960404
0,2007-08-01,"XLF,XLY,XLU",1.5383551593124642,0.0005346518527032785,1.0693037054065568,1.5378205074597608
1,2007-08-01,"XLF,XLB,XLU",0.8517266946515609,0.00028395622425456276,0.5679124485091255,0.8514427384273063
0,2007-09-04,"XLF,XLY,XLB",1.5588673560709538,0.0005233689360286342,1.0467378720572684,1.5583439871349252
1,2007-09-04,"XLF,XLP,XLU",0.8616916908449472,0.00028727844335554165,0.5745568867110833,0.8614044124015916
0,2007-10-01,"XLF,XLY,XLB",1.6228422944795482,2.293975301864859e-05,0.04587950603729718,1.6228193547265293
1,2007-10-01,"XLF,XLP,XLU",0.8901334475336888,7.127870103403877e-07,0.0014255740206807754,0.8901327347466785
0,2007-11-01,"XLF,XLY,XLB",1.5467637212246013,2.0593341467619125e-05,0.04118668293523825,1.5467431278831336
1,2007-11-01,"XLF,XLP,XLU",0.8735219079563059,1.966586757293662e-05,0.03933173514587324,0.8735022420887328
0,2007-12-03,"XLF,XLB,XLU",1.49760075592382,0.0005028756847421347,1.0057513694842695,1.4970978802390777
1,2007-12-03,"XLP,XLB,XLU",0.8859819293426013,0.0002953765392040678,0.5907530784081356,0.8856865528033971
0,2008-01-02,"XLF,XLP,XLB",1.4569990450262797,0.000506809060829529,1.013618121659058,1.4564922359654502
1,2008-01-02,"XLY,XLP,XLU",0.8769031410632602,0.00029688136968423893,0.5937627393684779,0.8766062596935759
0,2008-02-01,"XLF,XLP,XLB",1.4588898276901459,2.1794323095162937e-05,0.043588646190325875,1.4588680333670507
1,2008-02-01,"XLY,XLP,XLU",0.8603739954656838,1.1488816669120827e-05,0.022977633338241654,0.8603625066490146
0,2008-03-03,"XLF,XLY,XLB",1.3963007774219114,0.0005133066800249429,1.0266133600498857,1.3957874707418865
1,2008-03-03,"XLF,XLP,XLU",0.8308156641718155,0.0002817242675382554,0.5634485350765108,0.8305339399042772
0,2008-04-01,"XLF,XLI,XLB",1.4341382793561253,0.0004904180768671153,0.9808361537342305,1.4336478612792583
1,2008-04-01,"XLE,XLP,XLU",0.8622613601916177,0.0002914175832517958,0.5828351665035916,0.8619699426083658
0,2008-05-01,"XLF,XLI,XLB",1.4625076010928837,6.535960215199199e-06,0.013071920430398398,1.4625010651326684
1,2008-05-01,"XLE,XLP,XLU",0.8891919769725556,9.585169880048317e-06,0.019170339760096633,0.8891823918026754
0,2008-06-02,"XLF,XLI,XLB",1.4291011150595088,4.432021034010783e-05,0.08864042068021566,1.4290567948491684
1,2008-06-02,"XLE,XLP,XLU",0.9192576288042785,1.4252047367143889e-05,0.028504094734287777,0.9192433767569114
0,2008-07-01,"XLF,XLI,XLB",1.2665480164738747,2.180685265462834e-05,0.04361370530925668,1.26652620962122
1,2008-07-01,"XLE,XLP,XLU",0.914648349424257,1.3703800798281374e-05,0.027407601596562747,0.9146346456234586
0,2008-08-01,"XLF,XLP,XLB",1.2834703850201465,0.0004468991779964038,0.8937983559928075,1.28302348584215
1,2008-08-01,"XLY,XLP,XLU",0.8429920458779612,0.0002862821882345363,0.5725643764690727,0.8427057636897266
0,2008-09-02,"XLF,XLI,XLB",1.2922960957973944,0.0004446529046805379,0.8893058093610758,1.291851442892714
1,2008-09-02,"XLE,XLP,XLU",0.8839368966822947,0.00030908614767357945,0.6181722953471589,0.8836278105346211
0,2008-10-01,"XLP,XLI,XLB",1.1504961776321787,0.00041352156288504335,0.8270431257700867,1.1500826560692936
1,2008-10-01,"XLE,XLY,XLP",0.8148613364718442,0.00028242328495328413,0.5648465699065682,0.8145789131868909
0,2008-11-03,"XLK,XLI,XLB",0.9543400557334116,0.000337547479434884,0.675094958869768,0.9540025082539767
1,2008-11-03,"XLE,XLP,XLV",0.6736480663203895,0.00023183027135884981,0.46366054271769963,0.6734162360490307
0,2008-12-01,"XLK,XLI,XLB",0.8039496766108118,6.804589355513868e-06,0.013609178711027736,0.8039428720214563
1,2008-12-01,"XLE,XLP,XLV",0.6089163354391969,5.4588048282398495e-06,0.010917609656479699,0.6089108766343685
0,2009-01-02,"XLK,XLP,XLI",0.9159053693527645,0.0003061042392417614,0.6122084784835228,0.9155992651135227
1,2009-01-02,"XLE,XLY,XLV",0.6796718919258582,0.00022659506315247813,0.45319012630495625,0.6794452968627056
0,2009-02-02,"XLK,XLP,XLI",0.8145813396214585,1.8370239790251957e-05,0.036740479580503915,0.8145629693816682
1,2009-02-02,"XLE,XLY,XLV",0.620205606326764,1.575310104141618e-05,0.03150620208283236,0.6201898532257226
0,2009-03-02,"XLK,XLP,XLI",0.7132960518268203,2.2331883118178368e-05,0.04466376623635673,0.713273719943702
1,2009-03-02,"XLE,XLY,XLV",0.5254756103778541,7.43360154679433e-06,0.01486720309358866,0.5254681767763073
0,2009-04-01,"XLK,XLP,XLI",0.8185182571782043,1.583124750612941e-05,0.03166249501225882,0.8185024259306981
1,2009-04-01,"XLE,XLY,XLV",0.6030888573324934,7.846332086875657e-06,0.015692664173751314,0.6030810110004066
0,2009-05-01,"XLK,XLI,XLU",0.8963974655653366,0.00030059056478474745,0.6011811295694949,0.8960968750005518
1,2009-05-01,"XLE,XLV,XLB",0.6525106723660823,0.00023443953213997105,0.4688790642799421,0.6522762328339423
0,2009-06-01,"XLK,XLE,XLI",0.9407041236331408,0.00031693512209878634,0.6338702441975727,0.940387188511042
1,2009-06-01,"XLE,XLV,XLI",0.7172870624393237,0.00024397259225507648,0.48794518451015295,0.7170430898470685
0,2009-07-01,"XLK,XLE,XLI",0.8957998175991215,1.8706684331254136e-05,0.03741336866250827,0.8957811109147903
1,2009-07-01,"XLE,XLV,XLI",0.6848236769134217,1.5449177212713647e-05,0.030898354425427293,0.684808227736209
0,2009-08-03,"XLK,XLI,XLU",0.9788114025549219,0.00032646606603126284,0.6529321320625256,0.9784849364888907
1,2009-08-03,"XLE,XLV,XLB",0.7416803651322239,0.0002524712202746776,0.5049424405493552,0.7414278939119492
0,2009-09-01,"XLK,XLI,XLU",0.9727122156476748,4.596994380691222e-06,0.009193988761382443,0.972707618653294
1,2009-09-01,"XLE,XLV,XLB",0.7246786674671769,6.639755626402094e-06,0.013279511252804188,0.7246720277115504
0,2009-10-01,"XLK,XLE,XLU",1.0019868007592958,0.0003422713493984968,0.6845426987969936,1.0016445294098972
1,2009-10-01,"XLV,XLI,XLB",0.7448376738343632,0.00025303528275006526,0.5060705655001305,0.744584638551613
0,2009-11-02,"XLF,XLE,XLU",1.025358683363682,0.00035530649203410834,0.7106129840682167,1.025003376871648
1,2009-11-02,"XLI,XLB,XLU",0.7419180005136914,0.00024746119352049914,0.4949223870409982,0.7416705393201709
0,2009-12-01,"XLF,XLE,XLU",1.0730364836741815,7.858806576827499e-06,0.015717613153654997,1.0730286248676046
1,2009-12-01,"XLI,XLB,XLU",0.8114281938166146,6.229503836283595e-06,0.01245900767256719,0.8114219643127781
0,2010-01-04,"XLF,XLE,XLU",1.0978565736333026,6.459880725093847e-06,0.012919761450187695,1.0978501137525776
1,2010-01-04,"XLI,XLB,XLU",0.8355572845850587,2.783105449158746e-06,0.005566210898317492,0.8355545014796095
0,2010-02-01,"XLF,XLV,XLU",1.0594920955574452,0.000356332048204718,0.712664096409436,1.0591357635092402
1,2010-02-01,"XLK,XLB,XLU",0.7962136406247416,0.00027418611304131935,0.5483722260826387,0.7959394545117003
0,2010-03-01,"XLE,XLY,XLV",1.0672731590576805,0.0007113968732262492,1.4227937464524985,1.0665617621844543
1,2010-03-01,"XLK,XLF,XLI",0.8095655725766144,0.0005396204449769135,1.079240889953827,0.8090259521316375
0,2010-04-01,"XLE,XLY,XLV",1.1121617763517002,9.261548373019985e-06,0.01852309674603997,1.112152514803327
1,2010-04-01,"XLK,XLF,XLI",0.8703769940140147,6.1706039179690035e-06,0.012341207835938006,0.8703708234100966
0,2010-05-03,"XLE,XLY,XLV",1.1379127963584459,2.3277047913395854e-05,0.04655409582679171,1.1378895193105325
1,2010-05-03,"XLK,XLF,XLI",0.9020107848095663,5.87788593620947e-06,0.01175577187241894,0.90200490692363
0,2010-06-01,"XLE,XLY,XLU",1.0057296592511116,0.0003541070763619899,0.7082141527239798,1.0053755521747496
1,2010-06-01,"XLF,XLI,XLB",0.7960177129444936,0.00027161955004764373,0.5432391000952874,0.7957460933944459
0,2010-07-01,"XLE,XLY,XLV",0.9786682280779468,0.0003426534020149863,0.6853068040299726,0.9783255746759318
1,2010-07-01,"XLK,XLF,XLI",0.757496716475002,0.00025304689468126656,0.5060937893625331,0.7572436695803207
0,2010-08-02,"XLE,XLY,XLV",1.0631397672838052,1.48608843238352e-05,0.0297217686476704,1.0631249063994814
1,2010-08-02,"XLK,XLF,XLI",0.8413355374805707,4.639341135458803e-06,0.009278682270917604,0.8413308981394352
0,2010-09-01,"XLE,XLY,XLI",1.0324309279600614,0.00035045322515848097,0.700906450316962,1.0320804747349028
1,2010-09-01,"XLF,XLE,XLI",0.793853669764087,0.0002673444323400658,0.5346888646801315,0.7935863253317468
0,2010-10-01,"XLE,XLY,XLP",1.1087272324100708,0.0003696373503617505,0.739274700723501,1.1083575950597089
1,2010-10-01,"XLF,XLY,XLI",0.8413092725161446,0.00028779329439816036,0.5755865887963207,0.8410214792217463
0,2010-11-01,"XLF,XLE,XLY",1.1533578875099082,0.00038451671528918433,0.7690334305783686,1.152973370794619
1,2010-11-01,"XLF,XLI,XLU",0.8645536578292239,0.0002948196262188729,0.5896392524377458,0.8642588382030049
0,2010-12-01,"XLE,XLY,XLU",1.2109673112302581,0.00040402564822831865,0.8080512964566373,1.2105632855820296
1,2010-12-01,"XLF,XLI,XLB",0.8767278746301297,0.0002925907527599111,0.5851815055198222,0.8764352838773697
0,2011-01-03,"XLE,XLY,XLB",1.260949866750832,0.0004244369391800192,0.8488738783600385,1.2605254298116522
1,2011-01-03,"XLF,XLP,XLI",0.9477720546890895,0.000323496488666203,0.6469929773324059,0.9474485582004232
0,2011-02-01,"XLF,XLE,XLY",1.3002088605498257,0.00044910910986612244,0.8982182197322448,1.2997597514399595
1,2011-02-01,"XLF,XLI,XLU",0.9678334986459658,0.0003226649437059396,0.6453298874118791,0.9675108337022598
0,2011-03-01,"XLF,XLY,XLB",1.321177047898905,0.00045392605876539094,0.9078521175307819,1.3207231218401396
1,2011-03-01,"XLF,XLP,XLU",0.9555272254979061,0.00031927764045514706,0.6385552809102941,0.9552079478574509
0,2011-04-01,"XLE,XLY,XLB",1.3524665645603564,0.0004525404152839935,0.9050808305679869,1.3520140241450724
1,2011-04-01,"XLF,XLP,XLI",0.971403141871561,0.00032753709921231076,0.6550741984246216,0.9710756047723487
0,2011-05-02,"XLF,XLY,XLB",1.369286465117174,0.0004575101694051496,0.9150203388102991,1.3688289549477688
1,2011-05-02,"XLF,XLP,XLU",0.988431623189832,0.00033951409718538096,0.6790281943707619,0.9880921090926466
0,2011-06-01,"XLF,XLY,XLB",1.3044590328172223,8.335352853131195e-06,0.01667070570626239,1.304450697464369
1,2011-06-01,"XLF,XLP,XLU",0.975756652693486,1.6084812200321515e-05,0.032169624400643027,0.9757405678812857
0,2011-07-01,"XLF,XLE,XLB",1.3495148205698424,0.00045410164077209895,0.9082032815441978,1.3490607189290702
1,2011-07-01,"XLP,XLI,XLU",0.9876330783101043,0.00033606133765227167,0.6721226753045433,0.9872970169724519
0,2011-08-01,"XLF,XLE,XLB",1.3044587613187777,1.6519980378896404e-05,0.03303996075779281,1.3044422413383987
1,2011-08-01,"XLP,XLI,XLU",0.9435790318114328,1.5379480002204016e-05,0.03075896000440803,0.9435636523314306
0,2011-09-01,"XLF,XLE,XLB",1.1737275370874678,8.904333309455282e-06,0.017808666618910562,1.1737186327541584
1,2011-09-01,"XLP,XLI,XLU",0.9243198900384917,1.7227617801513635e-05,0.03445523560302727,0.92430266242069
0,2011-10-03,"XLE,XLI,XLB",0.986500773629166,0.0003385407351897406,0.6770814703794812,0.9861622328939763
1,2011-10-03,"XLE,XLP,XLI",0.874157490615934,0.00030662887869647683,0.6132577573929536,0.8738508617372374
0,2011-11-01,"XLK,XLP,XLI",1.1538133459515714,0.0007782891826406789,1.5565783652813576,1.1530350567689307
1,2011-11-01,"XLE,XLY,XLV",0.9840158765302962,0.0006559012674756182,1.3118025349512363,0.9833599752628206
0,2011-12-01,"XLK,XLP,XLB",1.1934364092318557,0.0004040691659328432,0.8081383318656864,1.1930323400659226
1,2011-12-01,"XLY,XLP,XLV",1.013156208846597,0.000342528288618388,0.685056577236776,1.0128136805579784
0,2012-01-03,"XLK,XLP,XLI",1.2111139243554856,0.00040714865041466074,0.8142973008293215,1.210706775705071
1,2012-01-03,"XLE,XLY,XLV",1.0434299332162167,0.00035091747938322703,0.7018349587664541,1.0430790157368335
0,2012-02-01,"XLK,XLP,XLI",1.2563243257227243,1.7695514840058768e-05,0.035391029680117536,1.2563066302078842
1,2012-02-01,"XLE,XLY,XLV",1.071324874364227,9.808547039040577e-06,0.019617094078081154,1.071315065817188
0,2012-03-01,"XLK,XLP,XLI",1.304746104437579,1.1769439161328277e-05,0.023538878322656553,1.3047343349984177
1,2012-03-01,"XLE,XLY,XLV",1.1147870505621515,1.2319553210892926e-05,0.02463910642178585,1.1147747310089406
0,2012-04-02,"XLP,XLI,XLU",1.3497637576197925,0.00045931811164174707,0.9186362232834941,1.3493044395081508
1,2012-04-02,"XLE,XLY,XLB",1.1319624084224928,0.0003970913849134741,0.7941827698269482,1.1315653170375795
0,2012-05-01,"XLE,XLI,XLU",1.3497255613274641,0.0004564217307091154,0.9128434614182307,1.349269139596755
1,2012-05-01,"XLE,XLI,XLB",1.1303796283775915,0.0003828371385432533,0.7656742770865066,1.1299967912390483
0,2012-06-01,"XLE,XLP,XLU",1.242710410643763,0.0004422542120494243,0.8845084240988486,1.2422681564317135
1,2012-06-01,"XLY,XLI,XLB",1.0034236690499982,0.0003345303114018997,0.6690606228037994,1.0030891387385963
0,2012-07-02,"XLP,XLI,XLU",1.3206459028948108,0.0004451085274096037,0.8902170548192074,1.3202007943674012
1,2012-07-02,"XLE,XLY,XLB",1.0619678429682615,0.0003549297903844461,0.7098595807688921,1.061612913177877
0,2012-08-01,"XLK,XLP,XLI",1.3337023546001086,0.0004463799927044877,0.8927599854089754,1.333255974607404
1,2012-08-01,"XLE,XLY,XLV",1.0736921506445336,0.00036629533973977645,0.7325906794795529,1.0733258553047937
0,2012-09-04,"XLE,XLI,XLU",1.3614067081449734,0.0009114098145976102,1.8228196291952206,1.3604952983303757
1,2012-09-04,"XLE,XLI,XLB",1.1002998650672102,0.0007370953092832769,1.4741906185665539,1.0995627697579269
0,2012-10-01,"XLE,XLV,XLU",1.3940998861680378,0.00047441523773703124,0.9488304754740624,1.3936254709303009
1,2012-10-01,"XLK,XLI,XLB",1.1456178443225418,0.0003874055685644566,0.7748111371289131,1.1452304387539773
0,2012-11-01,"XLK,XLE,XLU",1.3875881888031374,0.00047019533348131447,0.940390666962629,1.387117993469656
1,2012-11-01,"XLV,XLI,XLB",1.1302200860626748,0.00037680282915908474,0.7536056583181695,1.1298432832335157
0,2012-12-03,"XLK,XLE,XLV",1.3552102579624719,0.00045181205466326784,0.9036241093265357,1.3547584459078084
1,2012-12-03,"XLK,XLV,XLI",1.116446188112959,0.0003722107644984027,0.7444215289968055,1.1160739773484607
0,2013-01-02,"XLK,XLE,XLV",1.3941825761434679,4.823183782121737e-06,0.009646367564243474,1.3941777529596857
1,2013-01-02,"XLK,XLV,XLI",1.1582795141445503,9.880868603329484e-06,0.01976173720665897,1.158269633275947
0,2013-02-01,"XLK,XLE,XLV",1.4546877838664325,2.142080873085875e-05,0.042841617461717496,1.4546663630577017
1,2013-02-01,"XLK,XLV,XLI",1.1982400131805246,1.436203905992789e-05,0.028724078119855778,1.1982256511414646
0,2013-03-01,"XLK,XLE,XLV",1.458053816555474,4.812021054264509e-06,0.009624042108529018,1.4580490045344197
1,2013-03-01,"XLK,XLV,XLI",1.2066923034556165,3.49446388924507e-06,0.006988927778490139,1.2066888089917271
0,2013-04-01,"XLK,XLE,XLI",1.5047976170971578,0.0005133952663439567,1.0267905326879134,1.5042842218308137
1,2013-04-01,"XLE,XLV,XLI",1.241714259169198,0.0004203074632795333,0.8406149265590666,1.2412939517059185
0,2013-05-01,"XLK,XLV,XLI",1.4945182092127713,0.0004989671304442481,0.9979342608884961,1.494019242082327
1,2013-05-01,"XLK,XLE,XLV",1.2337313307055875,0.0004196309569092157,0.8392619138184314,1.2333116997486782
0,2013-06-03,"XLK,XLE,XLV",1.5658890123717333,0.0005321906270650671,1.064381254130134,1.5653568217446683
1,2013-06-03,"XLK,XLV,XLI",1.286770805147787,0.00043345654088431946,0.8669130817686389,1.2863373486069027
0,2013-07-01,"XLK,XLE,XLV",1.5327831759166277,6.392288344530761e-06,0.012784576689061522,1.5327767836282833
1,2013-07-01,"XLK,XLV,XLI",1.265931636167796,5.525278510861625e-06,0.01105055702172325,1.2659261108892848
0,2013-08-01,"XLK,XLE,XLV",1.6249840555531014,8.804681653318381e-06,0.01760936330663676,1.6249752508714481
1,2013-08-01,"XLK,XLV,XLI",1.3438814634287335,7.872259712883439e-06,0.01574451942576688,1.3438735911690205
0,2013-09-03,"XLK,XLE,XLV",1.5848925224339114,5.630943551644174e-06,0.011261887103288348,1.5848868914903596
1,2013-09-03,"XLK,XLV,XLI",1.3035258998653594,4.508944098361667e-06,0.009017888196723334,1.303521390921261
0,2013-10-01,"XLK,XLE,XLV",1.63340565288045,5.520096093720728e-06,0.011040192187441455,1.6334001327843561
1,2013-10-01,"XLK,XLV,XLI",1.360106448874396,6.579447538192812e-06,0.013158895076385624,1.3600998694268578
0,2013-11-01,"XLK,XLE,XLY",1.6932871607307922,0.0005670701726073438,1.1341403452146877,1.692720090558185
1,2013-11-01,"XLF,XLV,XLI",1.417659697219744,0.0004749348801135379,0.9498697602270758,1.4171847623396303
0,2013-12-02,"XLK,XLE,XLY",1.7262525330388456,8.426056122547599e-06,0.016852112245095197,1.726244106982723
1,2013-12-02,"XLF,XLV,XLI",1.4676355432423285,5.048814647997918e-06,0.010097629295995836,1.4676304944276806
0,2014-01-02,"XLK,XLE,XLY",1.7635078032421667,4.729237154202926e-06,0.009458474308405851,1.7635030740050124
1,2014-01-02,"XLF,XLV,XLI",1.492413226408186,7.58029068347213e-06,0.015160581366944259,1.4924056461175026
0,2014-02-03,"XLK,XLE,XLY",1.6585197982476774,1.3398830682432418e-05,0.026797661364864833,1.6585063994169948
1,2014-02-03,"XLF,XLV,XLI",1.4343814751299973,1.6902047819805033e-05,0.033804095639610066,1.4343645730821775
0,2014-03-03,"XLK,XLE,XLY",1.769486676411843,8.554887894443309e-06,0.017109775788886616,1.7694781215239486
1,2014-03-03,"XLF,XLV,XLI",1.5239121064372467,6.561444049466847e-06,0.013122888098933694,1.5239055449931973
0,2014-04-01,"XLK,XLE,XLY",1.8020221202158235,1.426689224435307e-05,0.028533784488706138,1.802007853323579
1,2014-04-01,"XLF,XLV,XLI",1.558445202724863,1.0967286541374966e-05,0.02193457308274993,1.5584342354383214
0,2014-05-01,"XLK,XLF,XLY",1.8096833664899266,0.0006267723631909576,1.2535447263819153,1.8090565941267356
1,2014-05-01,"XLF,XLV,XLU",1.5462017641695627,0.0005211890771481612,1.0423781542963222,1.5456805750924145
0,2014-06-02,"XLK,XLF,XLY",1.8566675468432807,6.2779072835254526e-06,0.012555814567050905,1.856661268935997
1,2014-06-02,"XLF,XLV,XLU",1.560369174272515,1.273552712910353e-05,0.02547105425820706,1.5603564387453859
0,2014-07-01,"XLK,XLF,XLY",1.9094158359110178,1.4047331096356809e-06,0.0028094662192713615,1.9094144311779082
1,2014-07-01,"XLF,XLV,XLU",1.6096657719207628,1.995446127508682e-06,0.003990892255017364,1.6096637764746353
0,2014-08-01,"XLF,XLB,XLU",1.8748907151368799,0.0012561509943370848,2.5123019886741695,1.8736345641425425
1,2014-08-01,"XLP,XLB,XLU",1.5591025886935714,0.0010515314003017077,2.103062800603415,1.5580510572932695
0,2014-09-02,"XLK,XLF,XLU",1.9519489666308782,0.0006543240326307318,1.3086480652614636,1.9512946425982474
1,2014-09-02,"XLV,XLB,XLU",1.614497199861677,0.0005391521570520699,1.0783043141041397,1.613958047704625
0,2014-10-01,"XLK,XLF,XLU",1.9221032828552707,7.022803000214073e-06,0.014045606000428146,1.9220962600522702
1,2014-10-01,"XLV,XLB,XLU",1.5903209282543513,1.0448453258518287e-05,0.020896906517036573,1.5903104798010927
0,2014-11-03,"XLK,XLF,XLU",2.026598390853706,1.723026241294978e-05,0.03446052482589956,2.0265811605912933
1,2014-11-03,"XLV,XLB,XLU",1.663900102202401,2.8475941627477296e-05,0.056951883254954594,1.6638716262607731
0,2014-12-01,"XLK,XLP,XLU",2.0613445662211465,0.000693864199389396,1.387728398778792,2.060650702021757
1,2014-12-01,"XLY,XLV,XLB",1.6917690717142218,0.0005663189713734671,1.1326379427469342,1.6912027527428481
0,2015-01-02,"XLK,XLP,XLU",2.074523549540145,2.1793210982371025e-05,0.04358642196474205,2.0745017563291626
1,2015-01-02,"XLY,XLV,XLB",1.6974418579004198,6.59436178203765e-06,0.0131887235640753,1.6974352635386376
0,2015-02-02,"XLK,XLP,XLI",2.077737492072566,0.0007096247077326194,1.4192494154652389,2.0770278673648335
1,2015-02-02,"XLE,XLY,XLV",1.6917856085576444,0.000569928085450915,1.13985617090183,1.6912156804721934
0,2015-03-02,"XLK,XLP,XLI",2.1851348515912723,1.754856070901445e-05,0.0350971214180289,2.1851173030305633
1,2015-03-02,"XLE,XLY,XLV",1.771743271194737,2.312516390866459e-05,0.046250327817329184,1.7717201460308283
0,2015-04-01,"XLK,XLE,XLU",2.109326977035949,0.001411789019297429,2.823578038594858,2.1079151880166513
1,2015-04-01,"XLV,XLI,XLB",1.7490369708495832,0.001165830342176026,2.331660684352052,1.747871140507407
0,2015-05-01,"XLK,XLE,XLU",2.1852261921236953,2.5774630474093618e-05,0.05154926094818724,2.1852004174932214
1,2015-05-01,"XLV,XLI,XLB",1.7927886004987466,1.2775133984295972e-05,0.025550267968591944,1.792775825364762
0,2015-06-01,"XLK,XLE,XLU",2.1521302248523493,3.011731224549047e-05,0.06023462449098094,2.152100107540104
1,2015-06-01,"XLV,XLI,XLB",1.8037313072634253,1.7394611002430115e-05,0.03478922200486023,1.8037139126524226
0,2015-07-01,"XLK,XLE,XLU",2.0534783705760953,6.901529234164982e-06,0.013803058468329965,2.053471469046861
1,2015-07-01,"XLV,XLI,XLB",1.7689697524774755,1.3249122216618947e-05,0.026498244433237894,1.7689565033552586
0,2015-08-03,"XLK,XLE,XLI",2.0477325259714045,0.0007384740602739073,1.4769481205478145,2.0469940519111307
1,2015-08-03,"XLE,XLV,XLI",1.7382472474709483,0.0005795123345460738,1.1590246690921475,1.7376677351364023
0,2015-09-01,"XLK,XLE,XLI",1.9026167944138286,9.647706775913368e-06,0.019295413551826734,1.9026071467070524
1,2015-09-01,"XLE,XLV,XLI",1.6020306431028994,1.4505899346018926e-05,0.02901179869203785,1.6020161372035535
0,2015-10-01,"XLK,XLE,XLI",1.893531245938445,1.991284005775912e-05,0.039825680115518236,1.893511333098387
1,2015-10-01,"XLE,XLV,XLI",1.5723262487643255,1.116681690258542e-05,0.02233363380517084,1.572315081947423
0,2015-11-02,"XLK,XLE,XLI",2.1160501813612798,1.1250932737093932e-05,0.022501865474187865,2.1160389304285427
1,2015-11-02,"XLE,XLV,XLI",1.7438528485470097,1.3758976646206678e-05,0.027517953292413355,1.7438390895703635
0,2015-12-01,"XLK,XLE,XLU",2.1115493326691266,0.0007129736833938123,1.4259473667876246,2.1108363589857326
1,2015-12-01,"XLV,XLI,XLB",1.7316594836998518,0.0005774517949808786,1.1549035899617572,1.7310820319048708
0,2016-01-04,"XLK,XLE,XLU",2.009808897871678,4.5496400618921296e-05,0.09099280123784259,2.009763401471059
1,2016-01-04,"XLV,XLI,XLB",1.6584058801138204,1.4005870524068153e-05,0.028011741048136307,1.6583918742432964
0,2016-02-01,"XLE,XLI,XLU",2.0030799187393535,0.0006993449788488391,1.3986899576976781,2.0023805737605045
1,2016-02-01,"XLE,XLI,XLB",1.55091631183111,0.0005303369104119171,1.0606738208238342,1.5503859749206979
0,2016-03-01,"XLE,XLP,XLI",2.058910581917403,0.0006954691305235016,1.3909382610470031,2.0582151127868795
1,2016-03-01,"XLE,XLY,XLI",1.6439793151502164,0.0005716921584940796,1.143384316988159,1.643407622991722
0,2016-04-01,"XLP,XLI,XLU",2.169117087073677,0.0007267144459537287,1.4534288919074574,2.1683903726277234
1,2016-04-01,"XLE,XLY,XLB",1.7294681740118651,0.0005810842814555549,1.1621685629111098,1.7288870897304094
0,2016-05-02,"XLE,XLP,XLI",2.1535116906278824,0.0007224626890811148,1.4449253781622295,2.1527892279388015
1,2016-05-02,"XLE,XLY,XLI",1.8212525567992557,0.0006313826192715293,1.2627652385430586,1.820621174179984
0,2016-06-01,"XLE,XLP,XLI",2.145010356332417,6.6613299069697154e-06,0.01332265981393943,2.14500369500251
1,2016-06-01,"XLE,XLY,XLI",1.802137361944022,2.302731540896386e-06,0.004605463081792771,1.802135059212481
0,2016-07-01,"XLP,XLI,XLU",2.2020307988303895,0.0007461269104596651,1.4922538209193301,2.2012846719199297
1,2016-07-01,"XLE,XLY,XLB",1.826930668393238,0.0006174434480385609,1.2348868960771218,1.8263132249451992
0,2016-08-01,"XLY,XLP,XLI",2.218177228071287,0.0007466367998802852,1.4932735997605704,2.2174305912714067
1,2016-08-01,"XLF,XLE,XLY",1.8450659720791824,0.0006516917777825871,1.303383555565174,1.8444142803013999
0,2016-09-01,"XLP,XLI,XLU",2.2118016400948237,0.0007401267515505115,1.480253503101023,2.211061513343273
1,2016-09-01,"XLE,XLY,XLB",1.8890633882184955,0.0006522081186587643,1.3044162373175285,1.8884111800998364
0,2016-10-03,"XLF,XLY,XLU",2.192108160124844,0.0014611619130977134,2.9223238261954267,2.1906469982117467
1,2016-10-03,"XLF,XLB,XLU",1.8991205283739738,0.001279650136803774,2.559300273607548,1.89784087823717
0,2016-11-01,"XLY,XLP,XLU",2.188955390935305,0.0007512370636794499,1.5024741273588997,2.1882041538716255
1,2016-11-01,"XLF,XLY,XLB",1.8996215830170324,0.0006497433737730883,1.2994867475461764,1.8989718396432593
0,2016-12-01,"XLP,XLI,XLU",2.164519980131818,0.0007698363904836778,1.5396727809673556,2.163750143741334
1,2016-12-01,"XLE,XLY,XLB",2.086106508822816,0.0007369397169981031,1.473879433996206,2.0853695691058176
0,2017-01-03,"XLY,XLV,XLB",2.234233005301756,0.002233116447078217,4.466232894156434,2.231999888854678
1,2017-01-03,"XLK,XLF,XLP",2.112696838367719,0.0021116410178587896,4.223282035717579,2.1105851973498595
0,2017-02-01,"XLF,XLV,XLB",2.304282682167769,0.0007783165050114369,1.5566330100228738,2.303504365662757
1,2017-02-01,"XLK,XLP,XLU",2.1333741957676042,0.0007148064969231828,1.4296129938463658,2.132659389270681
0,2017-03-01,"XLF,XLV,XLB",2.431213281755136,2.7135034293437776e-05,0.05427006858687555,2.431186146720843
1,2017-03-01,"XLK,XLP,XLU",2.2568679000894827,4.3518604280282645e-06,0.00870372085605653,2.2568635482290547
0,2017-04-03,"XLY,XLV,XLU",2.3589453208285827,0.0015723681525269674,3.1447363050539345,2.3573729526760556
1,2017-04-03,"XLK,XLF,XLB",2.2598213943669014,0.0015062965468201311,3.012593093640262,2.2583150978200814
0,2017-05-01,"XLY,XLV,XLU",2.3950929245811508,1.1196859135866322e-05,0.022393718271732643,2.3950817277220144
1,2017-05-01,"XLK,XLF,XLB",2.2927722447233108,1.1487630239449431e-05,0.022975260478898862,2.2927607570930713
0,2017-06-01,"XLY,XLV,XLU",2.4675508504203663,1.980535944935796e-05,0.039610718898715924,2.467531045060917
1,2017-06-01,"XLK,XLF,XLB",2.3233891000323146,1.601138874181185e-05,0.0320227774836237,2.3233730886435726
0,2017-07-03,"XLY,XLV,XLU",2.446881532687598,3.655233656006901e-05,0.07310467312013802,2.4468449803510373
1,2017-07-03,"XLK,XLF,XLB",2.358432612801292,4.054310237121084e-05,0.08108620474242167,2.3583920696989207
0,2017-08-01,"XLY,XLV,XLU",2.4966568468056143,1.3215460132104007e-05,0.026430920264208013,2.4966436313454823
1,2017-08-01,"XLK,XLF,XLB",2.4167148620465317,2.554693651419021e-05,0.05109387302838042,2.4166893151100175
0,2017-09-01,"XLY,XLV,XLU",2.519231507430533,2.071787261972041e-05,0.041435745239440824,2.5192107895579134
1,2017-09-01,"XLK,XLF,XLB",2.430448576313504,2.0528889566534757e-05,0.041057779133069516,2.4304280474239377
0,2017-10-02,"XLY,XLV,XLU",2.521530507075927,2.0003115034432417e-05,0.040006230068864834,2.5215105039608923
1,2017-10-02,"XLK,XLF,XLB",2.5190023880523293,2.0962663264417537e-05,0.04192532652883507,2.518981425389065
0,2017-11-01,"XLY,XLV,XLU",2.5516834032783073,2.27869532445788e-05,0.0455739064891576,2.5516606163250626
1,2017-11-01,"XLK,XLF,XLB",2.617836404449351,2.052532511596944e-05,0.04105065023193888,2.617815879124235
0,2017-12-01,"XLF,XLP,XLU",2.639732053046107,0.0017634676375571493,3.5269352751142984,2.63796858540855
1,2017-12-01,"XLY,XLB,XLU",2.6529910439190467,0.0017827322469018533,3.565464493803707,2.651208311672145
0,2018-01-02,"XLK,XLF,XLU",2.606797941944619,0.0009165878120612761,1.8331756241225523,2.605881354132557
1,2018-01-02,"XLV,XLB,XLU",2.6677984256186793,0.0009531275603633234,1.9062551207266467,2.666845298058316
0,2018-02-01,"XLY,XLV,XLU",2.689343248878315,0.0018522447807172474,3.7044895614344946,2.6874910040975974
1,2018-02-01,"XLK,XLF,XLB",2.69182458095836,0.0017942506788590968,3.5885013577181937,2.690030330279501
0,2018-03-01,"XLE,XLY,XLU",2.581695218635774,0.0008607085242993078,1.7214170485986156,2.5808345101114747
1,2018-03-01,"XLF,XLI,XLB",2.5771704121918644,0.0008769986132591561,1.7539972265183121,2.576293413578605
0,2018-04-02,"XLY,XLV,XLU",2.569658614802276,0.000888028061947551,1.7760561238951018,2.568770586740328
1,2018-04-02,"XLK,XLF,XLB",2.467411348719624,0.0008343865715210359,1.6687731430420718,2.4665769621481024
0,2018-05-01,"XLY,XLV,XLU",2.6660897671690083,1.4619943124175638e-05,0.029239886248351277,2.666075147225884
1,2018-05-01,"XLK,XLF,XLB",2.531581175833451,9.48748285723139e-06,0.018974965714462777,2.531571688350594
0,2018-06-01,"XLV,XLB,XLU",2.680929382782983,0.0009190164208739055,1.8380328417478111,2.680010366362109
1,2018-06-01,"XLK,XLP,XLB",2.6246856937284226,0.0008750410714213777,1.7500821428427553,2.623810652657001
0,2018-07-02,"XLE,XLB,XLU",2.7174944515767523,0.0009339157324320171,1.8678314648640342,2.7165605358443203
1,2018-07-02,"XLP,XLI,XLB",2.633783513927993,0.0008965177352041171,1.793035470408234,2.6328869961927888
0,2018-08-01,"XLE,XLB,XLU",2.7548446716337773,1.0686369299481302e-05,0.021372738598962604,2.7548339852644776
1,2018-08-01,"XLP,XLI,XLB",2.7359290901270588,1.564992969423401e-05,0.03129985938846802,2.735913440197364
0,2018-09-04,"XLE,XLB,XLU",2.751483050670115,2.3172718620659894e-05,0.04634543724131979,2.7514598779514943
1,2018-09-04,"XLP,XLI,XLB",2.7559735810225563,1.0699163833642945e-05,0.021398327667285888,2.7559628818587227
0,2018-10-01,"XLK,XLE,XLU",2.7747391693064807,0.0009456345619643197,1.8912691239286394,2.7737935347445157
1,2018-10-01,"XLV,XLI,XLB",2.7934384933851995,0.0009445950675277219,1.8891901350554439,2.7924938983176713
0,2018-11-01,"XLK,XLE,XLU",2.6138115575076037,7.05844715731927e-05,0.1411689431463854,2.6137409730360304
1,2018-11-01,"XLV,XLI,XLB",2.571796893676157,2.0356117261153996e-05,0.04071223452230799,2.571776537558896
0,2018-12-03,"XLK,XLE,XLU",2.6474961319898114,3.2753623070201576e-05,0.06550724614040315,2.6474633783667407
1,2018-12-03,"XLV,XLI,XLB",2.675950406018736,1.8624322525869764e-05,0.037248645051739526,2.67593178169621
0,2019-01-02,"XLK,XLE,XLP",2.386773632724902,0.0008239516435526048,1.6479032871052097,2.3859496810813496
1,2019-01-02,"XLY,XLV,XLI",2.4123484002863824,0.0008199829183600538,1.6399658367201075,2.4115284173680225
0,2019-02-01,"XLK,XLE,XLP",2.5759220600076307,2.3846435925754307e-05,0.04769287185150861,2.575898213571705
1,2019-02-01,"XLY,XLV,XLI",2.6124142530972225,2.1688008129101433e-05,0.043376016258202865,2.6123925650890936
0,2019-03-01,"XLK,XLE,XLP",2.673141034735573,2.7725148746954976e-05,0.05545029749390995,2.673113309586826
1,2019-03-01,"XLY,XLV,XLI",2.720146157945961,1.8958066382985918e-05,0.03791613276597183,2.720127199879578
0,2019-04-01,"XLK,XLE,XLP",2.7688967118572845,1.764441035646691e-05,0.03528882071293382,2.768879067446928
1,2019-04-01,"XLY,XLV,XLI",2.756231063197073,2.381185057992791e-05,0.047623701159855814,2.7562072513464932
0,2019-05-01,"XLP,XLI,XLU",2.799459605379647,0.0018659954043523726,3.731990808704745,2.7975936099752947
1,2019-05-01,"XLE,XLY,XLB",2.7673662723405044,0.0018446034143246156,3.689206828649231,2.76552166892618
0,2019-06-03,"XLE,XLP,XLI",2.738177570833461,0.0009524437131779107,1.9048874263558213,2.7372251271202828
1,2019-06-03,"XLE,XLY,XLI",2.5910165207644424,0.000888712702434593,1.777425404869186,2.5901278080620074
0,2019-07-01,"XLK,XLP,XLI",2.9192015857597617,0.0009921571552205012,1.9843143104410024,2.9182094286045412
1,2019-07-01,"XLE,XLY,XLV",2.8067654942245013,0.0009375522863843173,1.8751045727686346,2.805827941938117
0,2019-08-01,"XLP,XLI,XLU",2.9299688034695337,0.0009952225541531002,1.9904451083062005,2.9289735809153807
1,2019-08-01,"XLE,XLY,XLB",2.74172405498172,0.0009289045217052834,1.8578090434105667,2.740795150460015
0,2019-09-03,"XLP,XLI,XLU",2.996546018589659,4.2746262928221865e-05,0.08549252585644374,2.9965032723267306
1,2019-09-03,"XLE,XLY,XLB",2.6521693941677484,3.1290289669690775e-05,0.06258057933938155,2.652138103878079
0,2019-10-01,"XLP,XLI,XLU",3.0467544590199687,7.716481317774139e-06,0.015432962635548275,3.0467467425386507
1,2019-10-01,"XLE,XLY,XLB",2.691216319038954,5.625582615910507e-06,0.011251165231821014,2.6912106934563385
0,2019-11-01,"XLE,XLP,XLU",3.0967074438194673,0.0010746907325284185,2.149381465056837,3.0956327530869387
1,2019-11-01,"XLY,XLI,XLB",2.762805204579784,0.0009299546460480679,1.8599092920961358,2.761875249933736
0,2019-12-02,"XLE,XLP,XLU",3.082204005311837,2.11783113703522e-05,0.0423566227407044,3.0821828270004668
1,2019-12-02,"XLY,XLI,XLB",2.772388084904021,5.094538567175788e-06,0.010189077134351576,2.772382990365454
0,2020-01-02,"XLY,XLV,XLU",3.1953402315607673,0.0021395126318711714,4.2790252637423425,3.193200718928896
1,2020-01-02,"XLK,XLF,XLB",2.873280900008533,0.0019233994751856722,3.8467989503713444,2.8713575005333474
0,2020-02-03,"XLP,XLI,XLU",3.2554571546620577,0.0021699431125892735,4.339886225178547,3.253287211549468
1,2020-02-03,"XLE,XLY,XLB",2.8468007405533076,0.0019180510195810222,3.836102039162044,2.8448826895337267
0,2020-03-02,"XLP,XLI,XLU",3.0921341530247006,1.8911269775261696e-05,0.03782253955052339,3.092115241754925
1,2020-03-02,"XLE,XLY,XLB",2.6331757897267485,3.08462871498692e-05,0.0616925742997384,2.633144943439598
0,2020-04-01,"XLP,XLI,XLU",2.505834345291795,7.337482562538595e-05,0.14674965125077188,2.5057609704661696
1,2020-04-01,"XLE,XLY,XLB",1.9071970564533587,0.00010953070117233305,0.2190614023446661,1.9070875257521864
0,2020-05-01,"XLK,XLP,XLU",2.7179369285452624,0.0009225420418262573,1.8450840836525146,2.717014386503436
1,2020-05-01,"XLY,XLV,XLB",2.3372796793273247,0.000824703339842131,1.649406679684262,2.3364549759874826
0,2020-06-01,"XLK,XLI,XLU",2.914117931969112,0.0009715345664174404,1.9430691328348808,2.9131463974026945
1,2020-06-01,"XLE,XLV,XLB",2.537963309944441,0.0008798931857048938,1.7597863714097877,2.537083416758736
0,2020-07-01,"XLK,XLE,XLU",2.9602890110976707,0.0010371569700238763,2.0743139400477526,2.959251854127647
1,2020-07-01,"XLV,XLI,XLB",2.5018182303228422,0.0008340784231781437,1.6681568463562875,2.5009841518996643
0,2020-08-03,"XLK,XLE,XLU",3.0600377629451145,5.4171761637943015e-05,0.10834352327588603,3.0599835911834763
1,2020-08-03,"XLV,XLI,XLB",2.6455478075435614,4.219699451879722e-06,0.008439398903759443,2.6455435878441094
0,2020-09-01,"XLK,XLE,XLU",3.1267302997267867,9.276127458889832e-05,0.18552254917779665,3.126637538452198
1,2020-09-01,"XLV,XLI,XLB",2.8011629315237943,4.633954130971579e-05,0.09267908261943159,2.8011165919824847
0,2020-10-01,"XLK,XLE,XLU",2.923291355084995,0.00010595907923447129,0.21191815846894257,2.9231853960057608
1,2020-10-01,"XLV,XLI,XLB",2.7425718188653176,5.350755650758876e-06,0.010701511301517752,2.742566468109667
0,2020-11-02,"XLK,XLE,XLU",2.950816657204832,6.532352690855559e-05,0.13064705381711117,2.950751333677923
1,2020-11-02,"XLV,XLI,XLB",2.7793374693608053,2.6436900240770502e-05,0.052873800481541,2.779311032460564
0,2020-12-01,"XLF,XLE,XLU",3.306129440695415,0.001227549602663777,2.455099205327554,3.304901891092751
1,2020-12-01,"XLI,XLB,XLU",3.0531889761424016,0.0010178993085989004,2.0357986171978006,3.052171076833803
0,2021-01-04,"XLF,XLE,XLU",3.358193579712008,4.6382399018755406e-05,0.09276479803751081,3.358147197312989
1,2021-01-04,"XLI,XLB,XLU",3.017755196001792,1.5555412919219358e-05,0.031110825838438716,3.017739640588873
0,2021-02-01,"XLF,XLE,XLU",3.4404901285910423,2.0910213473687266e-05,0.041820426947374534,3.4404692183775687
1,2021-02-01,"XLI,XLB,XLU",3.0275547252848467,1.8614180455662767e-05,0.03722836091132553,3.027536111104391
0,2021-03-01,"XLF,XLE,XLU",3.8288716882724647,0.00018091633737740465,0.3618326747548093,3.8286907719350873
1,2021-03-01,"XLI,XLB,XLU",3.1237003985668106,7.73149518279223e-05,0.1546299036558446,3.1236230836149828
0,2021-04-01,"XLF,XLE,XLB",4.01875279811604,0.001378403849585021,2.756807699170042,4.017374394266455
1,2021-04-01,"XLP,XLI,XLU",3.3374624452408828,0.0011146307115350203,2.2292614230700405,3.3363478145293475
0,2021-05-03,"XLF,XLY,XLV",4.186312737001643,0.0027904100896528196,5.580820179305639,4.183522326911989
1,2021-05-03,"XLK,XLF,XLU",3.466587742127394,0.002310673382521176,4.621346765042351,3.464277068744872
0,2021-06-01,"XLF,XLY,XLV",4.1951436547077225,6.423419800656993e-05,0.12846839601313986,4.195079420509716
1,2021-06-01,"XLK,XLF,XLU",3.4737498050871687,5.324103436789318e-05,0.10648206873578636,3.4736965640528004
0,2021-07-01,"XLF,XLY,XLV",4.28334454541891,6.944205896142819e-05,0.13888411792285638,4.283275103359948
1,2021-07-01,"XLK,XLF,XLU",3.5223781408605106,7.171428692009596e-05,0.14342857384019192,3.52230642657359
0,2021-08-02,"XLY,XLV,XLB",4.3360549582308225,0.0014516506493438418,2.9033012986876834,4.334603307581479
1,2021-08-02,"XLK,XLF,XLP",3.5942559902769036,0.0012361496935299398,2.4722993870598797,3.5930198405833735
0,2021-09-01,"XLF,XLV,XLB",4.429570913607766,0.0014767697661636162,2.953539532327232,4.428094143841602
1,2021-09-01,"XLK,XLP,XLU",3.718572862829489,0.0012571149327504174,2.514229865500835,3.717315747896739
0,2021-10-01,"XLY,XLV,XLB",4.271080799841582,0.0014805168588204363,2.9610337176408725,4.269600282982761
1,2021-10-01,"XLK,XLF,XLP",3.5172396070741363,0.0011726086371309007,2.345217274261801,3.5160669984370054
0,2021-11-01,"XLV,XLB,XLU",4.617243659422635,0.001611629579269197,3.2232591585383936,4.615632029843366
1,2021-11-01,"XLK,XLP,XLB",3.696399088576679,0.0012522993491678692,2.5045986983357382,3.695146789227511
0,2021-12-01,"XLV,XLB,XLU",4.511286964977379,1.310582900890911e-05,0.026211658017818218,4.51127385914837
1,2021-12-01,"XLK,XLP,XLB",3.687821341712106,4.1535064197685045e-05,0.08307012839537009,3.6877798066479084
0,2022-01-03,"XLV,XLB,XLU",4.8686406661426265,9.770902888595613e-06,0.019541805777191223,4.868630895239738
1,2022-01-03,"XLK,XLP,XLB",3.981857094269878,3.690613608850246e-05,0.07381227217700492,3.9818201881337894
0,2022-02-01,"XLV,XLB,XLU",4.652207605805529,1.9340485836613518e-05,0.03868097167322704,4.652188265319692
1,2022-02-01,"XLK,XLP,XLB",3.807257605742161,4.1107610725102493e-05,0.08221522145020499,3.807216498131436
0,2022-03-01,"XLI,XLB,XLU",4.524560557792646,0.0015429689459724627,3.0859378919449254,4.523017588846674
1,2022-03-01,"XLE,XLP,XLB",3.6305576080064483,0.001214587865165143,2.429175730330286,3.6293430201412833
0,2022-04-01,"XLV,XLB,XLU",4.9273713743809,0.0016427309132791797,3.2854618265583593,4.92572864346762
1,2022-04-01,"XLK,XLP,XLB",3.8991464687710984,0.0013481948989470373,2.6963897978940747,3.897798273872151
0,2022-05-02,"XLP,XLB,XLU",4.636053005726555,0.0015566161015040012,3.1132322030080024,4.634496389625051
1,2022-05-02,"XLY,XLP,XLB",3.7123385087185157,0.0012382828955257992,2.4765657910515984,3.7111002258229893
0,2022-06-01,"XLP,XLI,XLB",4.6594834048287135,0.001624623435359454,3.249246870718908,4.657858781393354
1,2022-06-01,"XLE,XLY,XLP",3.574270129189837,0.0012422492139205078,2.4844984278410154,3.573027879975916
0,2022-07-01,"XLP,XLI,XLB",4.378546910523339,9.899784195915973e-05,0.19799568391831945,4.378447912681381
1,2022-07-01,"XLE,XLY,XLP",3.27467027768098,0.0001051958735203245,0.210391747040649,3.274565081807459
0,2022-08-01,"XLP,XLI,XLB",4.615420299583368,4.7566915505240396e-05,0.09513383101048078,4.615372732667863
1,2022-08-01,"XLE,XLY,XLP",3.5550457793662864,9.071166187790947e-05,0.18142332375581893,3.554955067704408
0,2022-09-01,"XLP,XLI,XLB",4.472409832775702,1.348900207214543e-05,0.026978004144290857,4.47239634377363
1,2022-09-01,"XLE,XLY,XLP",3.503051551064314,4.383248925346328e-05,0.08766497850692656,3.50300771857506
0,2022-10-03,"XLP,XLI,XLB",4.1736769321265434,2.339003799127004e-05,0.04678007598254008,4.173653542088552
1,2022-10-03,"XLE,XLY,XLP",3.292166512625588,4.647331155054324e-05,0.09294662310108648,3.292120039314037
0,2022-11-01,"XLP,XLI,XLB",4.494200390743975,3.8558924163237696e-05,0.07711784832647539,4.494161831819812
1,2022-11-01,"XLE,XLY,XLP",3.5799745338098847,0.00011718691667250503,0.23437383334501005,3.5798573468932124
0,2022-12-01,"XLP,XLI,XLB",4.875718888653274,4.5868771271118215e-05,0.09173754254223643,4.875673019882003
1,2022-12-01,"XLE,XLY,XLP",3.680816372468237,3.7598866203348627e-05,0.07519773240669725,3.6807787736020336
0,2023-01-03,"XLP,XLI,XLB",4.693768821333114,3.2496101722694906e-05,0.0649922034453898,4.6937363252313915
1,2023-01-03,"XLE,XLY,XLP",3.426738569581551,6.147063016512212e-05,0.12294126033024422,3.4266770989513855
0,2023-02-01,"XLK,XLP,XLB",4.914724419539471,0.0017103548812611154,3.4207097625222307,4.91301406465821
1,2023-02-01,"XLY,XLP,XLV",3.684262659457601,0.0013128076496179166,2.6256152992358333,3.682949851807983
0,2023-03-01,"XLK,XLP,XLB",4.75516551201685,9.778439101779556e-06,0.019556878203559114,4.755155733577748
1,2023-03-01,"XLY,XLP,XLV",3.508519748007971,1.1400583989409908e-05,0.022801167978819814,3.508508347423981
0,2023-04-03,"XLY,XLI,XLB",5.007023335456685,0.003438452573317122,6.876905146634243,5.003584882883367
1,2023-04-03,"XLF,XLE,XLP",3.654361974272779,0.002435835343624582,4.871670687249163,3.651926138929154
0,2023-05-01,"XLY,XLB,XLU",4.956605529902095,0.0016561900823379222,3.312380164675844,4.954949339819757
1,2023-05-01,"XLF,XLP,XLB",3.689823965351221,0.0012301463461747695,2.460292692349539,3.6885938190050456
0,2023-06-01,"XLY,XLI,XLU",4.830664464065705,0.0016796591859849655,3.359318371969931,4.828984804879719
1,2023-06-01,"XLF,XLE,XLB",3.506018519990883,0.0011761886349513264,2.352377269902653,3.5048423313559316
0,2023-07-03,"XLE,XLY,XLU",5.235362124702602,0.0018300664854136158,3.6601329708272314,5.233532058217189
1,2023-07-03,"XLF,XLI,XLB",3.7605472931455344,0.0012674921954320426,2.5349843908640852,3.759279800950102
0,2023-08-01,"XLF,XLY,XLU",5.36351842158925,0.0018660106356631599,3.7320212713263197,5.361652410953587
1,2023-08-01,"XLF,XLB,XLU",3.88448717730114,0.0013038077426223743,2.6076154852447484,3.8831833695585174
0,2023-09-01,"XLF,XLY,XLU",5.210040795143975,4.68571366169922e-05,0.0937142732339844,5.209993938007358
1,2023-09-01,"XLF,XLB,XLU",3.766148778008243,3.152603996567005e-05,0.0630520799313401,3.766117251968277
0,2023-10-02,"XLY,XLB,XLU",4.8763589241306615,0.0016801608585559574,3.3603217171119146,4.874678763272105
1,2023-10-02,"XLF,XLP,XLB",3.497250272468839,0.001165944414892095,2.33188882978419,3.4960843280539464
0,2023-11-01,"XLE,XLY,XLU",4.894085816503857,0.0017094566387350922,3.4189132774701845,4.892376359865121
1,2023-11-01,"XLF,XLI,XLB",3.4541678717493767,0.0011584234403952736,2.316846880790547,3.4530094483089813
0,2023-12-01,"XLE,XLY,XLU",5.159524866576328,9.214641402901192e-05,0.18429282805802383,5.1594327201622985
1,2023-12-01,"XLF,XLI,XLB",3.8072259680915055,9.147855315095099e-06,0.0182957106301902,3.8072168202361905
0,2024-01-02,"XLE,XLY,XLU",5.270210636769848,2.717039295679513e-05,0.05434078591359026,5.270183466376891
1,2024-01-02,"XLF,XLI,XLB",3.9647638376840995,1.237202218897815e-05,0.024744044377956298,3.9647514656619105
0,2024-02-01,"XLE,XLY,XLU",5.16868125186682,1.0735379517161858e-05,0.021470759034323716,5.168670516487303
1,2024-02-01,"XLF,XLI,XLB",3.9969102046015426,3.8739699459268476e-05,0.07747939891853695,3.9968714649020827
0,2024-03-01,"XLE,XLY,XLU",5.3280783269530545,7.79108914392499e-05,0.1558217828784998,5.328000416061615
1,2024-03-01,"XLF,XLI,XLB",4.195005105467683,1.5597051351888047e-05,0.031194102703776094,4.194989508416331
0,2024-04-01,"XLE,XLV,XLU",5.603009668003864,0.0018679812195378776,3.735962439075755,5.6011416867843264
1,2024-04-01,"XLK,XLI,XLB",4.380536487310524,0.0014774072802866158,2.9548145605732317,4.379059080030237
0,2024-05-01,"XLY,XLV,XLU",5.530267439317791,0.0018945614024794071,3.789122804958814,5.528372877915312
1,2024-05-01,"XLK,XLF,XLB",4.176669228257542,0.0014264940020306443,2.8529880040612885,4.175242734255511
0,2024-06-03,"XLY,XLV,XLB",5.716536123204055,0.0019613696074006503,3.9227392148013007,5.714574753596654
1,2024-06-03,"XLK,XLF,XLP",4.357807324587585,0.0014780380377106286,2.956076075421257,4.356329286549874
0,2024-07-01,"XLV,XLB,XLU",5.730521496404775,0.0019910624868590765,3.982124973718153,5.728530433917916
1,2024-07-01,"XLK,XLP,XLB",4.464311882514048,0.0015369133503091064,3.0738267006182127,4.462774969163739
0,2024-08-01,"XLY,XLV,XLU",6.097906835773016,0.0020733327291257023,4.146665458251404,6.09583350304389
1,2024-08-01,"XLK,XLF,XLB",4.481829784698363,0.001612929969966742,3.225859939933484,4.480216854728396
0,2024-09-03,"XLY,XLV,XLU",6.248472727789469,3.2442068626682196e-05,0.0648841372533644,6.248440285720841
1,2024-09-03,"XLK,XLF,XLB",4.562154330340297,5.164387320405317e-05,0.10328774640810634,4.562102686467093
0,2024-10-01,"XLP,XLV,XLU",6.539716061098042,0.002318009061603127,4.636018123206254,6.537398052036439
1,2024-10-01,"XLK,XLY,XLB",4.705525523039,0.0015687699693412238,3.1375399386824476,4.703956753069659
0,2024-11-01,"XLY,XLP,XLV",6.303584324300317,0.002101545032272151,4.203090064544302,6.301482779268044
1,2024-11-01,"XLK,XLF,XLY",4.685013438341023,0.001561931468025012,3.123862936050024,4.683451506872997
0,2024-12-02,"XLY,XLP,XLV",6.624449180214071,0.00014584062861187542,0.2916812572237508,6.624303339585459
1,2024-12-02,"XLK,XLF,XLY",5.0960701315189825,5.360300762049641e-05,0.10720601524099282,5.096016528511361
0,2025-01-02,"XLY,XLP,XLV",6.356276136266571,6.549761409893673e-05,0.13099522819787346,6.356210638652472
1,2025-01-02,"XLK,XLF,XLY",4.971078176292131,3.904679843537928e-05,0.07809359687075856,4.971039129493695
0,2025-02-03,"XLE,XLP,XLV",6.606119143840328,0.0022600932483312955,4.520186496662591,6.603859050591996
1,2025-02-03,"XLK,XLY,XLI",5.102997082154152,0.0017751908434497836,3.5503816868995672,5.101221891310702
0,2025-03-03,"XLE,XLP,XLV",6.744008677545426,7.070635093704803e-05,0.14141270187409605,6.743937971194489
1,2025-03-03,"XLK,XLY,XLI",4.874570782891748,5.152479964985646e-05,0.10304959929971291,4.874519258092098
0,2025-04-01,"XLE,XLP,XLV",6.80055077435898,0.00015806235434280902,0.31612470868561804,6.800392712004637
1,2025-04-01,"XLK,XLY,XLI",4.680278848609634,3.844201420895388e-05,0.07688402841790776,4.680240406595424
0,2025-05-01,"XLE,XLP,XLV",6.357553213852232,0.00017073126622503255,0.3414625324500651,6.357382482586006
1,2025-05-01,"XLK,XLY,XLI",4.713780289993306,2.6769439714188882e-05,0.05353887942837776,4.713753520553592
0,2025-06-02,"XLE,XLP,XLV",6.389772402897381,7.160311167082578e-05,0.14320622334165156,6.38970079978571
1,2025-06-02,"XLK,XLY,XLI",5.110821845134752,1.4404619922549044e-05,0.02880923984509809,5.110807440514829
0,2025-07-01,"XLY,XLP,XLV",6.547203212404863,0.002243204463698138,4.486408927396276,6.544960007941165
1,2025-07-01,"XLK,XLF,XLY",5.350318590619848,0.0018278023223628197,3.6556046447256394,5.348490788297485
0,2025-08-01,"XLE,XLY,XLV",6.385788244611795,0.0021642251826081826,4.328450365216365,6.3836240194291864
1,2025-08-01,"XLK,XLF,XLI",5.331440582726227,0.0018138188352365327,3.6276376704730655,5.329626763890991
0,2025-09-02,"XLE,XLY,XLU",6.7476033423345,0.0022495760434520754,4.499152086904151,6.745353766291047
1,2025-09-02,"XLF,XLI,XLB",5.4339140348022745,0.0018360327536847214,3.672065507369443,5.4320780020485895
0,2025-10-01,"XLE,XLV,XLU",6.971081531740259,0.002408908024173548,4.817816048347096,6.968672623716085
1,2025-10-01,"XLK,XLI,XLB",5.428656605321427,0.0018573118390936285,3.714623678187257,5.4267992934823335
0,2025-11-03,"XLE,XLV,XLU",6.982358653103554,3.576861812333254e-05,0.07153723624666508,6.98232288448543
1,2025-11-03,"XLK,XLI,XLB",5.471534118219948,9.49611243231876e-05,0.1899222486463752,5.471439157095624
0,2025-12-01,"XLY,XLP,XLU",7.224244682825449,0.00491105671041233,9.82211342082466,7.219333626115036
1,2025-12-01,"XLF,XLY,XLB",5.4290208943038705,0.0036187441388461057,7.237488277692211,5.425402150165024
