start,end,ticker,pnl_return_contribution,average_daily_portfolio_weight
2000-01-01,2000-12-31,XLK,-0.07993086585763566,0.2766004666941662
2000-01-01,2000-12-31,XLF,0.02174614367087649,0.11117937263453137
2000-01-01,2000-12-31,XLE,0.08848920812286849,0.28150865339134046
2000-01-01,2000-12-31,XLY,0.0,0.0
2000-01-01,2000-12-31,XLP,0.0,0.0
2000-01-01,2000-12-31,XLV,-0.01136722710654213,0.14077703289792953
2000-01-01,2000-12-31,XLI,0.02614518748335666,0.1106489374487287
2000-01-01,2000-12-31,XLB,-0.04036048976026145,0.02524474377599638
2000-01-01,2000-12-31,XLU,-0.0027474519806303327,0.05404079315730734
2000-01-01,2000-12-31,SPY,0.0,0.0
2000-01-01,2000-12-31,COST,-0.003368839425653461,
2001-01-01,2001-12-31,XLK,0.0,0.0
2001-01-01,2001-12-31,XLF,-0.034099564756845495,0.22792613147428592
2001-01-01,2001-12-31,XLE,0.0007993472012081183,0.0
2001-01-01,2001-12-31,XLY,0.02650837812477711,0.1076066701095177
2001-01-01,2001-12-31,XLP,-0.022975051622240342,0.2216976439810137
2001-01-01,2001-12-31,XLV,0.0,0.0
2001-01-01,2001-12-31,XLI,0.0,0.0
2001-01-01,2001-12-31,XLB,-0.017906858549116313,0.19380067024880124
2001-01-01,2001-12-31,XLU,-0.030012669951667306,0.24896888418638147
2001-01-01,2001-12-31,SPY,0.0,0.0
2001-01-01,2001-12-31,COST,-0.0013479910576315204,
2002-01-01,2002-12-31,XLK,0.0,0.0
2002-01-01,2002-12-31,XLF,0.0007004219570119378,0.055074739890584784
2002-01-01,2002-12-31,XLE,0.0,0.0
2002-01-01,2002-12-31,XLY,-0.064746348653568,0.333256691685362
2002-01-01,2002-12-31,XLP,-0.05643882342609287,0.13755231997024114
2002-01-01,2002-12-31,XLV,0.0004714812046693572,0.17030057287938388
2002-01-01,2002-12-31,XLI,0.0,0.0
2002-01-01,2002-12-31,XLB,-0.0036520681974485797,0.30381567557442823
2002-01-01,2002-12-31,XLU,0.0,0.0
2002-01-01,2002-12-31,SPY,0.0,0.0
2002-01-01,2002-12-31,COST,-0.002084854218330232,
2003-01-01,2003-12-31,XLK,0.05768879589646686,0.14094523468275563
2003-01-01,2003-12-31,XLF,0.026318518449198726,0.1416326127231048
2003-01-01,2003-12-31,XLE,0.03734673016349883,0.08104414191588295
2003-01-01,2003-12-31,XLY,0.06310773653039627,0.1418522979391678
2003-01-01,2003-12-31,XLP,0.0,0.0
2003-01-01,2003-12-31,XLV,0.026621770220754116,0.19289081667878163
2003-01-01,2003-12-31,XLI,0.0,0.0
2003-01-01,2003-12-31,XLB,0.04683314843530664,0.21936453196582162
2003-01-01,2003-12-31,XLU,0.04185547725048545,0.08227036409448563
2003-01-01,2003-12-31,SPY,0.0,0.0
2003-01-01,2003-12-31,COST,-0.004858142759257072,
2004-01-01,2004-12-31,XLK,-0.007562382960893386,0.1374078839386883
2004-01-01,2004-12-31,XLF,-0.016149936059707496,0.02730179800229687
2004-01-01,2004-12-31,XLE,0.06461412236127287,0.22347288125667122
2004-01-01,2004-12-31,XLY,0.007458719854703188,0.05156695072038801
2004-01-01,2004-12-31,XLP,0.0,0.0
2004-01-01,2004-12-31,XLV,0.0,0.0
2004-01-01,2004-12-31,XLI,0.02135540185790899,0.1998842589547533
2004-01-01,2004-12-31,XLB,0.03257578463573197,0.27582496875182727
2004-01-01,2004-12-31,XLU,0.027129571852348912,0.08454125837537504
2004-01-01,2004-12-31,SPY,0.0,0.0
2004-01-01,2004-12-31,COST,-0.003471119063375773,
2005-01-01,2005-12-31,XLK,-0.008191638015385135,0.056377762708035
2005-01-01,2005-12-31,XLF,0.0,0.0
2005-01-01,2005-12-31,XLE,0.1266220170185784,0.3342919220795341
2005-01-01,2005-12-31,XLY,0.0,0.0
2005-01-01,2005-12-31,XLP,0.0,0.0
2005-01-01,2005-12-31,XLV,0.015970708975205892,0.08603893101513369
2005-01-01,2005-12-31,XLI,-0.0005146501349203182,0.08138338355344744
2005-01-01,2005-12-31,XLB,-0.010691196141283815,0.10867480398677073
2005-01-01,2005-12-31,XLU,0.055147030143937695,0.333233196657079
2005-01-01,2005-12-31,SPY,0.0,0.0
2005-01-01,2005-12-31,COST,-0.0026968851075898632,
2006-01-01,2006-12-31,XLK,-0.014519208392126412,0.02910851010035713
2006-01-01,2006-12-31,XLF,0.025239401594653918,0.19601758960972449
2006-01-01,2006-12-31,XLE,0.012400740864029836,0.27514979047798144
2006-01-01,2006-12-31,XLY,0.0,0.0
2006-01-01,2006-12-31,XLP,0.005532092264941041,0.028971258160254205
2006-01-01,2006-12-31,XLV,0.006337717628406757,0.025708257012637726
2006-01-01,2006-12-31,XLI,-0.006280972934265709,0.08483077784076781
2006-01-01,2006-12-31,XLB,0.019819894576722223,0.22671484387384955
2006-01-01,2006-12-31,XLU,0.0019739771534931683,0.13349897292442767
2006-01-01,2006-12-31,SPY,0.0,0.0
2006-01-01,2006-12-31,COST,-0.004212836394889937,
2007-01-01,2007-12-31,XLK,0.017359612694030777,0.08546593381249239
2007-01-01,2007-12-31,XLF,-0.01712206772052371,0.05395443940432926
2007-01-01,2007-12-31,XLE,0.04007584547656566,0.137760554453309
2007-01-01,2007-12-31,XLY,-0.0039054537529943003,0.0808097607007546
2007-01-01,2007-12-31,XLP,0.007714389750401013,0.028907218106557577
2007-01-01,2007-12-31,XLV,-0.010331532851353848,0.027987823228385358
2007-01-01,2007-12-31,XLI,-0.004805780222389498,0.11375699295806457
2007-01-01,2007-12-31,XLB,0.06666145166033641,0.30912536427267034
2007-01-01,2007-12-31,XLU,0.004431662220900291,0.162231913063437
2007-01-01,2007-12-31,SPY,0.0,0.0
2007-01-01,2007-12-31,COST,-0.0035244379479407706,
2008-01-01,2008-12-31,XLK,-0.006660369540953878,0.0
2008-01-01,2008-12-31,XLF,0.0,0.0
2008-01-01,2008-12-31,XLE,-0.12723324541561384,0.3297801822911293
2008-01-01,2008-12-31,XLY,0.0,0.0
2008-01-01,2008-12-31,XLP,-0.051138641167866664,0.2264060098261353
2008-01-01,2008-12-31,XLV,-9.915513237380192e-05,0.0544911761538763
2008-01-01,2008-12-31,XLI,0.014154563336876815,0.026864676259072042
2008-01-01,2008-12-31,XLB,-0.0662601767074669,0.24900496027031124
2008-01-01,2008-12-31,XLU,-0.061340465343230066,0.11345299519947583
2008-01-01,2008-12-31,SPY,0.0,0.0
2008-01-01,2008-12-31,COST,-0.002256939438227859,
2009-01-01,2009-12-31,XLK,0.06708202620637767,0.16619404484769434
2009-01-01,2009-12-31,XLF,0.0,0.0
2009-01-01,2009-12-31,XLE,0.016346306622279233,0.0
2009-01-01,2009-12-31,XLY,0.06498347838106475,0.14281862191354608
2009-01-01,2009-12-31,XLP,0.024224837812258867,0.24884751848022546
2009-01-01,2009-12-31,XLV,0.02764567529914492,0.279321621465778
2009-01-01,2009-12-31,XLI,0.0,0.0
2009-01-01,2009-12-31,XLB,0.04374797681570689,0.05546673083622833
2009-01-01,2009-12-31,XLU,-0.0317377974341579,0.10735146245652781
2009-01-01,2009-12-31,SPY,0.0,0.0
2009-01-01,2009-12-31,COST,-0.002161452546490254,
2010-01-01,2010-12-31,XLK,-0.017075620239270436,0.10875358303128148
2010-01-01,2010-12-31,XLF,0.007681460108047672,0.1660409604117181
2010-01-01,2010-12-31,XLE,0.0,0.0
2010-01-01,2010-12-31,XLY,0.0659878941250896,0.3091602475658578
2010-01-01,2010-12-31,XLP,0.014146601426977854,0.027415146835300705
2010-01-01,2010-12-31,XLV,0.0,0.0
2010-01-01,2010-12-31,XLI,0.06893491758542633,0.2833762730222578
2010-01-01,2010-12-31,XLB,0.003814313520097063,0.07785308111209249
2010-01-01,2010-12-31,XLU,-0.0015258957908579765,0.027400708021491586
2010-01-01,2010-12-31,SPY,0.0,0.0
2010-01-01,2010-12-31,COST,-0.0030398920995394264,
2011-01-01,2011-12-31,XLK,0.0037051562877585312,0.0
2011-01-01,2011-12-31,XLF,0.0,0.0
2011-01-01,2011-12-31,XLE,-0.017009394565357164,0.279547910127115
2011-01-01,2011-12-31,XLY,-0.0022896705880293975,0.19230112514530392
2011-01-01,2011-12-31,XLP,0.02575513119311759,0.054189798939826506
2011-01-01,2011-12-31,XLV,0.018544567485057842,0.05558583753694935
2011-01-01,2011-12-31,XLI,0.03275850479888747,0.1661636205751592
2011-01-01,2011-12-31,XLB,-0.10020715452201077,0.19629838689560705
2011-01-01,2011-12-31,XLU,0.020634623435669363,0.055913320780038946
2011-01-01,2011-12-31,SPY,0.0,0.0
2011-01-01,2011-12-31,COST,-0.0034522382122829614,
2012-01-01,2012-12-31,XLK,-0.0284390152803015,0.19165419976934528
2012-01-01,2012-12-31,XLF,0.027751529983544354,0.05575803925226041
2012-01-01,2012-12-31,XLE,0.008971425715629878,0.0
2012-01-01,2012-12-31,XLY,0.004972800581984835,0.16535071794509
2012-01-01,2012-12-31,XLP,0.02239326642925772,0.2238109666813807
2012-01-01,2012-12-31,XLV,0.03302010031738063,0.16822935665163238
2012-01-01,2012-12-31,XLI,0.0,0.0
2012-01-01,2012-12-31,XLB,0.0,0.0
2012-01-01,2012-12-31,XLU,0.01247946895536677,0.19519671970029123
2012-01-01,2012-12-31,SPY,0.0,0.0
2012-01-01,2012-12-31,COST,-0.003878057021947948,
2013-01-01,2013-12-31,XLK,0.0,0.0
2013-01-01,2013-12-31,XLF,0.08451671139604985,0.2503649442807073
2013-01-01,2013-12-31,XLE,0.0,0.0
2013-01-01,2013-12-31,XLY,0.1264047803765423,0.30408266585580257
2013-01-01,2013-12-31,XLP,0.007004520750772283,0.05749130547371226
2013-01-01,2013-12-31,XLV,0.1354506632869516,0.3335401138350726
2013-01-01,2013-12-31,XLI,0.031749757053425025,0.054520970554705304
2013-01-01,2013-12-31,XLB,0.0,0.0
2013-01-01,2013-12-31,XLU,0.0,0.0
2013-01-01,2013-12-31,SPY,0.0,0.0
2013-01-01,2013-12-31,COST,-0.0016456564057721684,
2014-01-01,2014-12-31,XLK,0.02609103056682089,0.13969196207708925
2014-01-01,2014-12-31,XLF,0.0,0.0
2014-01-01,2014-12-31,XLE,0.005886421286728663,0.027620033988989677
2014-01-01,2014-12-31,XLY,-0.012076539934841186,0.10770334536775052
2014-01-01,2014-12-31,XLP,0.0,0.0
2014-01-01,2014-12-31,XLV,0.06162001157424625,0.3064258453207985
2014-01-01,2014-12-31,XLI,-2.5140329298610142e-05,0.19321493955268346
2014-01-01,2014-12-31,XLB,0.01255094567471046,0.19585018863668374
2014-01-01,2014-12-31,XLU,0.012342579770557237,0.029493685056004845
2014-01-01,2014-12-31,SPY,0.0,0.0
2014-01-01,2014-12-31,COST,-0.001802357569711425,
2015-01-01,2015-12-31,XLK,-0.009096226773065501,0.1669636282698914
2015-01-01,2015-12-31,XLF,0.0,0.0
2015-01-01,2015-12-31,XLE,0.0,0.0
2015-01-01,2015-12-31,XLY,0.01769000512256467,0.25286585377780013
2015-01-01,2015-12-31,XLP,0.0016468085931437759,0.16575377779135994
2015-01-01,2015-12-31,XLV,0.023916965023643655,0.334342745865682
2015-01-01,2015-12-31,XLI,0.0,0.0
2015-01-01,2015-12-31,XLB,0.0,0.0
2015-01-01,2015-12-31,XLU,-0.016089601532080215,0.08007399429526658
2015-01-01,2015-12-31,SPY,0.0,0.0
2015-01-01,2015-12-31,COST,-0.0017834045826301314,
2016-01-01,2016-12-31,XLK,0.014059465906378004,0.2176059968953221
2016-01-01,2016-12-31,XLF,0.0,0.0
2016-01-01,2016-12-31,XLE,0.0,0.0
2016-01-01,2016-12-31,XLY,0.001863632972063147,0.13598662703389292
2016-01-01,2016-12-31,XLP,0.030173648341234753,0.2526231995138959
2016-01-01,2016-12-31,XLV,-0.025445510437618824,0.02517232366771237
2016-01-01,2016-12-31,XLI,0.029983955624657783,0.08771282659701714
2016-01-01,2016-12-31,XLB,-0.008679411787648894,0.027644057298760166
2016-01-01,2016-12-31,XLU,0.028806590227963027,0.2532549689933994
2016-01-01,2016-12-31,SPY,0.0,0.0
2016-01-01,2016-12-31,COST,-0.0037888983738090434,
2017-01-01,2017-12-31,XLK,0.07340194016868129,0.25231705524360937
2017-01-01,2017-12-31,XLF,0.06296325844041503,0.3061106379897456
2017-01-01,2017-12-31,XLE,-0.026884592526987217,0.08151080745746414
2017-01-01,2017-12-31,XLY,0.0,0.0
2017-01-01,2017-12-31,XLP,0.0012138334202644956,0.0
2017-01-01,2017-12-31,XLV,0.0,0.0
2017-01-01,2017-12-31,XLI,0.05141231877572613,0.2514062144143534
2017-01-01,2017-12-31,XLB,0.012336424225933361,0.08286055791507743
2017-01-01,2017-12-31,XLU,-0.022941534901434652,0.0257947269797501
2017-01-01,2017-12-31,SPY,0.0,0.0
2017-01-01,2017-12-31,COST,-0.0028722171630510772,
2018-01-01,2018-12-31,XLK,-0.0028523000645662372,0.3337864327458129
2018-01-01,2018-12-31,XLF,-0.02092278940556369,0.10961729447108572
2018-01-01,2018-12-31,XLE,0.007164914227900729,0.11050042252801882
2018-01-01,2018-12-31,XLY,-0.04316903296887987,0.19520203025513952
2018-01-01,2018-12-31,XLP,0.0,0.0
2018-01-01,2018-12-31,XLV,-0.012918692462889738,0.11318764506640154
2018-01-01,2018-12-31,XLI,-0.017342854234478823,0.11010963357571463
2018-01-01,2018-12-31,XLB,0.008727634282818052,0.027596541357826892
2018-01-01,2018-12-31,XLU,-0.00293915311737636,0.0
2018-01-01,2018-12-31,SPY,0.0,0.0
2018-01-01,2018-12-31,COST,-0.002784165266330129,
2019-01-01,2019-12-31,XLK,0.01978136645772863,0.16952637967999212
2019-01-01,2019-12-31,XLF,0.0,0.0
2019-01-01,2019-12-31,XLE,0.0,0.0
2019-01-01,2019-12-31,XLY,0.1147214248117166,0.19083160314990294
2019-01-01,2019-12-31,XLP,0.03170042073647311,0.1710039691630737
2019-01-01,2019-12-31,XLV,0.0035070442845659714,0.1355701353065353
2019-01-01,2019-12-31,XLI,0.0,0.0
2019-01-01,2019-12-31,XLB,0.0,0.0
2019-01-01,2019-12-31,XLU,0.09245024657354303,0.33306791270049585
2019-01-01,2019-12-31,SPY,0.0,0.0
2019-01-01,2019-12-31,COST,-0.0026748107331119528,
2020-01-01,2020-12-31,XLK,0.12717118047420609,0.3349754552674428
2020-01-01,2020-12-31,XLF,-0.009812835532950304,0.027195811354199472
2020-01-01,2020-12-31,XLE,0.0,0.0
2020-01-01,2020-12-31,XLY,0.08407471573771273,0.1698612344898946
2020-01-01,2020-12-31,XLP,-0.031235709124726806,0.11084510320549926
2020-01-01,2020-12-31,XLV,0.04330554949423748,0.1939457512219554
2020-01-01,2020-12-31,XLI,-0.007792113701881729,0.02761361981755582
2020-01-01,2020-12-31,XLB,0.0051945000328142915,0.028740527882963333
2020-01-01,2020-12-31,XLU,-0.041368356074833385,0.1068224967604893
2020-01-01,2020-12-31,SPY,0.0,0.0
2020-01-01,2020-12-31,COST,-0.0027436126779515958,
2021-01-01,2021-12-31,XLK,0.04610914657692104,0.13721661818676673
2021-01-01,2021-12-31,XLF,0.03194928156434838,0.22492047954187097
2021-01-01,2021-12-31,XLE,0.06424259812669908,0.16835966577704872
2021-01-01,2021-12-31,XLY,0.03676371535372059,0.10928052956277587
2021-01-01,2021-12-31,XLP,0.0,0.0
2021-01-01,2021-12-31,XLV,0.0,0.0
2021-01-01,2021-12-31,XLI,0.026814541175639153,0.13997614976024608
2021-01-01,2021-12-31,XLB,0.03183691564769094,0.22024655717129157
2021-01-01,2021-12-31,XLU,0.0,0.0
2021-01-01,2021-12-31,SPY,0.0,0.0
2021-01-01,2021-12-31,COST,-0.0027317880606113347,
2022-01-01,2022-12-31,XLK,-0.07174130636818928,0.1309954247417659
2022-01-01,2022-12-31,XLF,-0.05263098146994715,0.07840002151173785
2022-01-01,2022-12-31,XLE,0.18576490026457684,0.3399504437038396
2022-01-01,2022-12-31,XLY,0.0,0.0
2022-01-01,2022-12-31,XLP,0.02469558932336837,0.22718801659425975
2022-01-01,2022-12-31,XLV,0.0,0.0
2022-01-01,2022-12-31,XLI,0.0,0.0
2022-01-01,2022-12-31,XLB,0.0,0.0
2022-01-01,2022-12-31,XLU,0.010295626612420002,0.22346609344839694
2022-01-01,2022-12-31,SPY,0.0,0.0
2022-01-01,2022-12-31,COST,-0.001608454411588062,
2023-01-01,2023-12-31,XLK,0.08515700715434447,0.22615118346601737
2023-01-01,2023-12-31,XLF,0.0,0.0
2023-01-01,2023-12-31,XLE,-0.04753153322191138,0.1651268895137687
2023-01-01,2023-12-31,XLY,0.05162487060958045,0.08138860227714081
2023-01-01,2023-12-31,XLP,0.02141810836633649,0.0794838351614031
2023-01-01,2023-12-31,XLV,-0.006377740553466917,0.056106896424797936
2023-01-01,2023-12-31,XLI,0.046692729084060004,0.2511425339447171
2023-01-01,2023-12-31,XLB,-0.030792822157766474,0.057440300789909186
2023-01-01,2023-12-31,XLU,-0.012692620888084375,0.08315975842224577
2023-01-01,2023-12-31,SPY,0.0,0.0
2023-01-01,2023-12-31,COST,-0.0030335630347536257,
2024-01-01,2024-12-31,XLK,0.028888580941218066,0.25618381215832825
2024-01-01,2024-12-31,XLF,0.05717685853914052,0.2533873181713165
2024-01-01,2024-12-31,XLE,0.0027669324011360442,0.05391185387638527
2024-01-01,2024-12-31,XLY,-0.007373547621671672,0.10878541937184952
2024-01-01,2024-12-31,XLP,0.0,0.0
2024-01-01,2024-12-31,XLV,0.0,0.0
2024-01-01,2024-12-31,XLI,0.057135636047191775,0.2446403109734274
2024-01-01,2024-12-31,XLB,0.0,0.0
2024-01-01,2024-12-31,XLU,-0.024111300415223656,0.08309128544869307
2024-01-01,2024-12-31,SPY,0.0,0.0
2024-01-01,2024-12-31,COST,-0.0026130138176531387,
2025-01-01,2025-12-31,XLK,0.042135549193247475,0.11407226053951423
2025-01-01,2025-12-31,XLF,0.03594450094859376,0.27591313126463163
2025-01-01,2025-12-31,XLE,0.0,0.0
2025-01-01,2025-12-31,XLY,0.0207439068553462,0.2474643334160819
2025-01-01,2025-12-31,XLP,0.0,0.0
2025-01-01,2025-12-31,XLV,0.0,0.0
2025-01-01,2025-12-31,XLI,0.03980640423681541,0.1414834761598367
2025-01-01,2025-12-31,XLB,0.0,0.0
2025-01-01,2025-12-31,XLU,0.03736266992940898,0.2210667986199356
2025-01-01,2025-12-31,SPY,0.0,0.0
2025-01-01,2025-12-31,COST,-0.0027258265131830366,
