kind,start,end,mom_total_return,ew_total_return,spy_total_return,mom_cagr,ew_cagr,spy_cagr,active_total_vs_ew,active_total_vs_spy,cagr_difference_vs_ew,cagr_difference_vs_spy,mom_max_drawdown,outcome_vs_ew
calendar_year,2000-01-01,2000-12-31,-0.001394334853621948,0.027727452964859456,-0.088949743434292627,-0.0013991197402237754,0.027823983440166344,-0.089241149108525764,-0.029121787818481404,0.087555408580670679,-0.02922310318039012,0.087842029368301988,-0.13648966301781251,loss_underperform
calendar_year,2001-01-01,2001-12-31,-0.079034410611515948,-0.067312885008950829,-0.11758510439948633,-0.078672773908016747,-0.06700291300921335,-0.11705859380508243,-0.011721525602565119,0.03855069378797038,-0.011669860898803397,0.038385819897065687,-0.22678155474486628,loss_underperform
calendar_year,2002-01-01,2002-12-31,-0.12575019133375953,-0.18340415522155895,-0.21584621282362682,-0.12583066000291177,-0.18351747016105624,-0.21597679584551943,0.05765396388779942,0.090096021489867284,0.057686810158144475,0.090146135842607666,-0.27065768621817932,loss_outperform
calendar_year,2003-01-01,2003-12-31,0.29491403418684814,0.28336782969197105,0.2818154286123371,0.29514327582137101,0.28358715290929193,0.28203342370334905,0.011546204494877088,0.013098605574511035,0.011556122912079081,0.013109852118021958,-0.12284653674459756,profit_outperform
calendar_year,2004-01-01,2004-12-31,0.1259501624779884,0.14136032113467389,0.10697939927377553,0.1256764900218772,0.1410511179592433,0.10674887430474422,-0.015410158656685491,0.01897076320421287,-0.015374627937366103,0.018927615717132973,-0.1008627324812239,profit_underperform
calendar_year,2005-01-01,2005-12-31,0.17564538673854146,0.07921820956826342,0.048282431598708042,0.17629886402135475,0.079500788622606233,0.048452190222645131,0.096427177170278044,0.12736295513983342,0.096798075398748518,0.12784667379870962,-0.10324095687392898,profit_outperform
calendar_year,2006-01-01,2006-12-31,0.046290806360964165,0.16188680865921978,0.15845231004682248,0.046453408506130778,0.16248564283047706,0.15903759122867989,-0.11559600229825562,-0.11216150368585831,-0.11603223432434628,-0.11258418272254911,-0.13109502802322015,profit_underperform
calendar_year,2007-01-01,2007-12-31,0.096553689307030899,0.095458678996833024,0.051462341445182025,0.096071845094056307,0.094982532499963801,0.051210770280419871,0.0010950103101978748,0.045091347861848874,0.0010893125940925064,0.044861074813636437,-0.11690363894365907,profit_outperform
calendar_year,2008-01-01,2008-12-31,-0.30083442940885596,-0.35209476237135051,-0.36794992672701921,-0.30032151846934929,-0.35151828087132209,-0.36735543391514813,0.051260332962494548,0.067115497318163242,0.051196762401972795,0.067033915445798842,-0.42218750948344219,loss_outperform
calendar_year,2009-01-01,2009-12-31,0.21013105115618291,0.28225395739318371,0.26351804831071446,0.21028914824583533,0.28247232752834828,0.26372048698215123,-0.072122906237000795,-0.053386997154531546,-0.072183179282512944,-0.053431338736315892,-0.21074003894471405,profit_underperform
calendar_year,2010-01-01,2010-12-31,0.13892377863597094,0.16089709809107222,0.15056116000810404,0.13902525952017575,0.16101573278129022,0.15067168994661051,-0.021973319455101281,-0.011637381372133104,-0.021990473261114474,-0.011646430426434762,-0.18647154558037971,profit_underperform
calendar_year,2011-01-01,2011-12-31,-0.02156047468718969,0.031595881739269194,0.018949989905040709,-0.021633708069326962,0.031706086307018211,0.019015680269089508,-0.053156356426458884,-0.0405104645922304,-0.053339794376345173,-0.04064938833841647,-0.25575669037233895,loss_underperform
calendar_year,2012-01-01,2012-12-31,0.077271519680913947,0.14711089788540144,0.15990304888949169,0.076889243961751008,0.14636042220374956,0.15908290908196965,-0.06983937820448749,-0.082631529208577748,-0.069471178241998555,-0.08219366512021864,-0.073856268594862384,profit_underperform
calendar_year,2013-01-01,2013-12-31,0.38348077645796685,0.30871887053370028,0.32307731844074161,0.38378840071689968,0.30896006337789639,0.32333104766829734,0.07476190592426657,0.060403458017225242,0.074828337339003292,0.060457353048602336,-0.054722625776223444,profit_outperform
calendar_year,2014-01-01,2014-12-31,0.10458695103921234,0.13279399426290794,0.13463834668095087,0.10466221037168699,0.13289074143921087,0.13473651576723156,-0.028207043223695605,-0.030051395641738532,-0.028228531067523877,-0.030074305395544565,-0.081666398869549961,profit_underperform
calendar_year,2015-01-01,2015-12-31,0.016284545851574572,-0.013148802223589495,0.012343213003269682,0.016295790040579794,-0.01315774874147968,0.01235171925746692,0.029433348075164067,0.0039413328483048904,0.029453538782059474,0.0039440707831128741,-0.1144452341624399,profit_outperform
calendar_year,2016-01-01,2016-12-31,0.066973472473219609,0.14453937560136554,0.11997869714569553,0.067020848689335111,0.14464521296505795,0.12006562134794208,-0.07756590312814593,-0.053005224672475926,-0.077624364275722835,-0.053044772658606965,-0.10772663568253049,profit_underperform
calendar_year,2017-01-01,2017-12-31,0.14862943043954724,0.1924543313886804,0.21705408553941719,0.14917614336399576,0.19317531930295662,0.21787534428727628,-0.043824900949133161,-0.068424655099869947,-0.043999175938960855,-0.068699200923280523,-0.058069772124732189,profit_underperform
calendar_year,2018-01-01,2018-12-31,-0.087036439009367084,-0.06265483705738939,-0.04568981688514695,-0.086639938202050182,-0.062365590896395373,-0.045476980913887521,-0.024381601951977694,-0.041346622124220134,-0.024274347305654809,-0.04116295728816266,-0.21004872483535175,loss_underperform
calendar_year,2019-01-01,2019-12-31,0.25948569213091544,0.27695052035083378,0.31223832707766608,0.25968472683046318,0.27716436172031567,0.31248258281900276,-0.017464828219918349,-0.052752634946750643,-0.017479634889852491,-0.052797855988539588,-0.049638472238546449,profit_underperform
calendar_year,2020-01-01,2020-12-31,0.16679331862662616,0.10116587670356769,0.18331629250712878,0.16642454773018711,0.10094844159160932,0.18290821354434184,0.065627441923058472,-0.016522973880502612,0.065476106138577794,-0.016483665814154724,-0.30259744434841451,profit_outperform
calendar_year,2021-01-01,2021-12-31,0.23498441038440743,0.29713330874371446,0.28728753560423925,0.23516295326731496,0.29736446488466428,0.28751021797415688,-0.062148898359307037,-0.052303125219831825,-0.062201511617349325,-0.052347264706841923,-0.076206521033541974,profit_underperform
calendar_year,2022-01-01,2022-12-31,0.094775373950640507,-0.052306556020861539,-0.18175362063962319,0.095115849407607422,-0.052481382175104008,-0.18231707183450618,0.14708192997150205,0.2765289945902637,0.14759723158271143,0.27743292124211361,-0.13772087858949433,profit_outperform
calendar_year,2023-01-01,2023-12-31,0.10446443535833838,0.13957024605310564,0.26175790333652604,0.10484135469579425,0.14008164592022809,0.26276574440258349,-0.035105810694767259,-0.15729346797818766,-0.03524029122443384,-0.15792438970678924,-0.12478201319503368,profit_underperform
calendar_year,2024-01-01,2024-12-31,0.11187014607413581,0.15730778965688286,0.2488646294579695,0.11098940027648219,0.15604498456168536,0.24679233331657358,-0.045437643582747045,-0.13699448338383369,-0.045055584285203176,-0.13580293304009139,-0.089816852694553306,profit_underperform
calendar_year,2025-01-01,2025-12-31,0.1732672046502286,0.13418939827937559,0.17719063776702648,0.17339562202801684,0.13428722105795043,0.17732217664437044,0.039077806370853008,-0.0039234331167978809,0.039108400970066404,-0.0039265546163536058,-0.15490782673871917,profit_outperform
