universe,kind,start,end,mom_total_return,ew_total_return,spy_total_return,mom_cagr,ew_cagr,spy_cagr,active_total_vs_ew,active_total_vs_spy,cagr_difference_vs_ew,cagr_difference_vs_spy,mom_max_drawdown,outcome_vs_ew
nine,common_history,2020-01-01,2025-12-31,1.2594993650449893,1.0150868888810507,1.2894915707781651,0.1454828167545501,0.12383890189389613,0.14800249502812424,0.24441247616393857,-0.029992205733175847,0.021643914860653979,-0.002519678273574133,-0.3025974443484144,profit_outperform
nine,calendar_year,2020-01-01,2020-12-31,0.15990652569384833,0.095886881904517773,0.17176681298076413,0.15955399759198685,0.095681278740720632,0.17138626018189584,0.06401964378933056,-0.011860287286915794,0.063872718851266219,-0.011832262589908993,-0.3025974443484144,profit_outperform
nine,calendar_year,2021-01-01,2021-12-31,0.23498441038440721,0.29713330874371557,0.28728753560423614,0.23516295326731473,0.29736446488466539,0.28751021797415377,-0.062148898359308369,-0.052303125219828939,-0.062201511617350658,-0.052347264706839036,-0.076206521033542196,profit_underperform
nine,calendar_year,2022-01-01,2022-12-31,0.094775373950640951,-0.052306556020862427,-0.18175362063962208,0.095115849407607866,-0.052481382175104896,-0.18231707183450507,0.14708192997150338,0.27652899459026303,0.14759723158271276,0.27743292124211294,-0.13772087858949456,profit_outperform
nine,calendar_year,2023-01-01,2023-12-31,0.10446443535833816,0.13957024605310586,0.2617579033365236,0.10484135469579403,0.14008164592022831,0.26276574440258105,-0.035105810694767703,-0.15729346797818544,-0.035240291224434284,-0.15792438970678702,-0.12478201319503335,profit_underperform
nine,calendar_year,2024-01-01,2024-12-31,0.11187014607413737,0.15730778965688286,0.24886462945796861,0.11098940027648374,0.15604498456168536,0.24679233331657269,-0.045437643582745491,-0.13699448338383124,-0.045055584285201622,-0.13580293304008895,-0.089816852694553195,profit_underperform
nine,calendar_year,2025-01-01,2025-12-31,0.17326720465022882,0.13418939827937604,0.17719063776702826,0.17339562202801706,0.13428722105795088,0.17732217664437222,0.039077806370852786,-0.0039234331167994352,0.039108400970066182,-0.0039265546163551601,-0.15490782673871928,profit_outperform
nine,five_year_block,2020-01-01,2024-12-31,0.92581822460347785,0.77667582851509742,0.94487748825544648,0.13998645452429082,0.12176308848553319,0.14223307416099695,0.14914239608838042,-0.019059263651968639,0.018223366038757627,-0.0022466196367061375,-0.3025974443484144,profit_outperform
nine,remaining_years,2025-01-01,2025-12-31,0.17326720465022882,0.13418939827937604,0.17719063776702826,0.17339562202801706,0.13428722105795088,0.17732217664437222,0.039077806370852786,-0.0039234331167994352,0.039108400970066182,-0.0039265546163551601,-0.15490782673871928,profit_outperform
nine,rolling_36m,2020-01-01,2022-12-31,0.56822902273936404,0.34715701265130661,0.23424350384909398,0.16193306269130492,0.10450822150980055,0.072723556935764933,0.22107201008805744,0.33398551889027006,0.057424841181504371,0.089209505755539986,-0.3025974443484144,profit_outperform
nine,rolling_36m,2020-02-01,2023-01-31,0.58888152331242272,0.43558673830786976,0.32532711777909107,0.16685049590911483,0.12805741949890215,0.09841147350344337,0.15329478500455296,0.26355440553333165,0.038793076410212679,0.068439022405671457,-0.3025974443484144,profit_outperform
nine,rolling_36m,2020-03-01,2023-02-28,0.63410553341137033,0.53513355962670084,0.40308103390381067,0.1778151881120098,0.15354507286390517,0.11948016053871835,0.098971973784669487,0.23102449950755966,0.024270115248104629,0.058335027573291454,-0.27095040710419505,profit_outperform
nine,rolling_36m,2020-04-01,2023-03-31,0.81995023304196302,0.82820900190205871,0.6627319043654043,0.22108494959548208,0.22293048437660401,0.18483486715495623,-0.0082587688600956888,0.15721832867655872,-0.0018455347811219269,0.036250082440525855,-0.13772087858949456,profit_underperform
nine,rolling_36m,2020-05-01,2023-04-30,0.70990783691321635,0.63367000433772858,0.49895131358899691,0.1963354028444193,0.1782394315577287,0.14483598033066136,0.076237832575487774,0.21095652332421944,0.018095971286690604,0.051499422513757942,-0.13772087858949456,profit_outperform
nine,rolling_36m,2020-06-01,2023-05-31,0.60239624424515448,0.51470982360060602,0.43738631297589436,0.16998114529444996,0.14826286685391565,0.12840408979181972,0.087686420644548457,0.16500993126926011,0.021718278440534311,0.041577055502630245,-0.13772087858949456,profit_outperform
nine,rolling_36m,2020-07-01,2023-06-30,0.68987879976304511,0.61060986525418914,0.50385879179244308,0.19125263515413993,0.17231424723353883,0.14580174134129531,0.07926893450885597,0.18602000797060203,0.018938387920601096,0.045450893812844617,-0.13772087858949456,profit_outperform
nine,rolling_36m,2020-08-01,2023-07-31,0.63624281626038837,0.5868731726148777,0.4667071190990395,0.17850494176325804,0.16652269340145298,0.13628108667328109,0.049369643645510664,0.16953569716134886,0.011982248361805059,0.042223855089976947,-0.13772087858949456,profit_outperform
nine,rolling_36m,2020-09-01,2023-08-31,0.47682091519535907,0.48198744505109725,0.34873279219389497,0.13888866550491774,0.14021612995348365,0.10493899910015925,-0.0051665298557381778,0.1280881230014641,-0.0013274644485659071,0.033949666404758494,-0.13772087858949456,profit_underperform
nine,rolling_36m,2020-10-01,2023-09-30,0.43611035762963613,0.46515189736274776,0.33473383516115662,0.1284433264744762,0.13601134302501316,0.10119716631185072,-0.029041539733111632,0.1013765224684795,-0.0075680165505369601,0.027246160162625488,-0.13772087858949456,profit_underperform
nine,rolling_36m,2020-11-01,2023-10-31,0.45199739271463546,0.45356012154411474,0.33914823708180886,0.1323385612380803,0.13274455372605498,0.10221565390231424,-0.0015627288294792763,0.1128491556328266,-0.00040599248797468235,0.030122907335766058,-0.13772087858949456,profit_underperform
nine,rolling_36m,2020-12-01,2023-11-30,0.45905729294117803,0.38903488467419911,0.31809323346255147,0.13430080773531583,0.11584438885928749,0.096502000804682408,0.070022408266978919,0.14096405947862656,0.018456418876028335,0.037798806930633422,-0.13772087858949456,profit_outperform
nine,rolling_36m,2021-01-01,2023-12-31,0.49326962452969014,0.40085630527054117,0.32903277202553993,0.14338402882925072,0.11923334125446239,0.099720115722887304,0.092413319259148974,0.16423685250415021,0.024150687574788332,0.043663913106363417,-0.13772087858949456,profit_outperform
nine,rolling_36m,2021-02-01,2024-01-31,0.49285306697616504,0.41109001601642459,0.36410023194386332,0.14271937878023921,0.12148835539881953,0.1089131743415086,0.081763050959740458,0.12875283503230173,0.021231023381419689,0.033806204438730614,-0.13772087858949456,profit_outperform
nine,rolling_36m,2021-03-01,2024-02-29,0.56486351088092857,0.41611157180607639,0.39645930386665418,0.1606269449089146,0.12269713720591069,0.1174901357724647,0.14875193907485218,0.16840420701427439,0.037929807703003915,0.043136809136449905,-0.13772087858949456,profit_outperform
nine,rolling_36m,2021-04-01,2024-03-31,0.52120811421057467,0.39278186971762619,0.37949810435395559,0.15048865552156721,0.11707338714977555,0.11350169540646671,0.12842624449294848,0.14171000985661908,0.033415268371791651,0.036986960115100498,-0.13772087858949456,profit_outperform
nine,rolling_36m,2021-05-01,2024-04-30,0.39123741698594161,0.29551516382364551,0.25734977131491377,0.11632207548909257,0.090114920995976844,0.079305707480213261,0.0957222531622961,0.13388764567102784,0.026207154493115725,0.037016368008879308,-0.13772087858949456,profit_outperform
nine,rolling_36m,2021-06-01,2024-05-31,0.38231062109485636,0.31450931394599424,0.31232997050606692,0.11360185850178683,0.095142967249787214,0.094539205109775759,0.067801307148862122,0.069980650588789439,0.018458891251999621,0.019062653392011075,-0.13772087858949456,profit_outperform
nine,rolling_36m,2021-07-01,2024-06-30,0.43060452463152443,0.3107801063122515,0.32882658747591509,0.1269970768261246,0.094559266598505554,0.099567608438000832,0.11982441831927293,0.10177793715560934,0.032437810227619046,0.027429468388123768,-0.13772087858949456,profit_outperform
nine,rolling_36m,2021-08-01,2024-07-31,0.43480771056421164,0.33687101045692747,0.312867291858272,0.12772968731191736,0.10149351221002911,0.094868698560274245,0.097936700107284169,0.12194041870593963,0.026236175101888248,0.032860988751643117,-0.13772087858949456,profit_outperform
nine,rolling_36m,2021-09-01,2024-08-31,0.45186679863839752,0.34482565652659702,0.30471528817389437,0.13243311555389581,0.10387027234908497,0.092777196740000845,0.10704114211180049,0.14715151046450314,0.028562843204810839,0.039655918813894964,-0.13772087858949456,profit_outperform
nine,rolling_36m,2021-10-01,2024-09-30,0.4799678809874206,0.4195586379004872,0.3972388057431846,0.13956163178466929,0.12384446258074089,0.11792456869002921,0.060409243086933406,0.082729075244236006,0.015717169203928405,0.021637063094640085,-0.13772087858949456,profit_outperform
nine,rolling_36m,2021-11-01,2024-10-31,0.36310311897775494,0.30292217227478191,0.29398030804636366,0.10853909143285478,0.092012631611505302,0.089513884315309822,0.060180946702973026,0.069122810931391276,0.016526459821349482,0.019025207117544962,-0.13772087858949456,profit_outperform
nine,rolling_36m,2021-12-01,2024-11-30,0.49411066839930551,0.40324661504898396,0.38225106591111979,0.14331895143900897,0.11963962468799716,0.11402364466095172,0.09086405335032155,0.11185960248818572,0.023679326751011809,0.029295306778057251,-0.13772087858949456,profit_outperform
nine,rolling_36m,2022-01-01,2024-12-31,0.34440718570455409,0.24984988308543565,0.28936385575588797,0.10365627183659076,0.077155955114347252,0.088387231675001399,0.094557302619118433,0.05504332994866612,0.026500316722243511,0.015269040161589365,-0.13772087858949456,profit_outperform
nine,rolling_36m,2022-02-01,2025-01-31,0.35623909877888527,0.32613432965759093,0.39770835069283361,0.10688378329820614,0.098634379129728167,0.11804975304570542,0.030104769121294339,-0.041469251913948346,0.0082494041684779695,-0.011165969747499283,-0.13772087858949456,profit_outperform
nine,rolling_36m,2022-03-01,2025-02-28,0.33473072041095353,0.34380919620119665,0.42193592644252886,0.10100261703671221,0.10349265023047471,0.12447132486105961,-0.0090784757902431235,-0.087205206031575333,-0.0024900331937625086,-0.023468707824347401,-0.13772087858949456,profit_underperform
nine,rolling_36m,2022-04-01,2025-03-31,0.23394232830201189,0.24368680921057018,0.29406262153589124,0.072567613618144566,0.075382937402798778,0.0897074463045473,-0.009744480908558284,-0.060120293233879352,-0.0028153237846542112,-0.017139832686402734,-0.13772087858949456,profit_underperform
nine,rolling_36m,2022-05-01,2025-04-30,0.32020081143817403,0.29138915569992552,0.40626978893922239,0.096901195575385346,0.088872081997177554,0.12021136804683419,0.028811655738248509,-0.08606897750104836,0.0080291135782077916,-0.023310172471448842,-0.17004175367725538,profit_outperform
nine,rolling_36m,2022-06-01,2025-05-31,0.30386981891868392,0.31947506291160588,0.49128007767404225,0.09254094033125182,0.096885303785129162,0.14259599490799646,-0.015605243992921958,-0.18741025875535833,-0.0043443634538773424,-0.05005505457674464,-0.17004175367725538,profit_underperform
nine,rolling_36m,2022-07-01,2025-06-30,0.43780029214102356,0.48795563801175579,0.7088218953820602,0.12863677938294749,0.14160765359301508,0.1954953938088515,-0.050155345870732226,-0.27102160324103663,-0.012970874210067596,-0.066858614425904017,-0.17004175367725538,profit_underperform
nine,rolling_36m,2022-08-01,2025-07-31,0.39090074738574687,0.38938783973470636,0.60076811397905194,0.11600849459780171,0.11560454297717127,0.16941835555298868,0.0015129076510405071,-0.20986736659330507,0.00040395162063044943,-0.053409860955186961,-0.17004175367725538,profit_outperform
nine,rolling_36m,2022-09-01,2025-08-31,0.43266570311821306,0.46035904479036627,0.703104925849245,0.12753893222993318,0.13476928818190981,0.19454844947640493,-0.027693341672153204,-0.27043922273103194,-0.0072303559519766303,-0.06700951724647175,-0.17004175367725538,profit_underperform
nine,rolling_36m,2022-10-01,2025-09-30,0.6556799104457629,0.62618559468525703,0.94343252075276096,0.18297475492875526,0.17590972049414244,0.2478657958723629,0.029494315760505874,-0.28775261030699806,0.0070650344346128158,-0.064891040943607647,-0.17004175367725538,profit_outperform
nine,rolling_36m,2022-11-01,2025-10-31,0.5019076253924164,0.48368275124028481,0.84019619045827909,0.14516388488231913,0.14051408968176138,0.22537186271902043,0.018224874152131587,-0.33828856506586269,0.0046497952005577492,-0.080207977836701305,-0.17004175367725538,profit_outperform
nine,rolling_36m,2022-12-01,2025-11-30,0.41199966422784651,0.42682846397167018,0.74668389726323925,0.12208241948744858,0.12600305195276551,0.20466767479467096,-0.014828799743823673,-0.33468423303539274,-0.0039206324653169311,-0.082585255307222383,-0.17004175367725538,profit_underperform
nine,rolling_36m,2023-01-01,2025-12-31,0.44079680472825467,0.49580699944931261,0.85497558920763161,0.12929482451800811,0.14347172942325725,0.22841226804642112,-0.055010194721057948,-0.41417878447937695,-0.014176904905249144,-0.099117443528413007,-0.17004175367725538,profit_underperform
eleven,common_history,2020-01-01,2025-12-31,1.4974193693081044,0.97088465592523621,1.2894915707781651,0.16475200799727885,0.11969309311880405,0.14800249502812424,0.52653471338286817,0.20792779852993926,0.045058914878474798,0.016749512969154612,-0.3025974443484144,profit_outperform
eleven,calendar_year,2020-01-01,2020-12-31,0.19707835799034656,0.099944380662262855,0.17176681298076413,0.19663717884192633,0.099729687931406463,0.17138626018189584,0.097133977328083709,0.025311545009582437,0.096907490910519867,0.025250918660030486,-0.3025974443484144,profit_outperform
eleven,calendar_year,2021-01-01,2021-12-31,0.19403720109208611,0.29944291061856587,0.28728753560423614,0.1941822446690733,0.29967606195272456,0.28751021797415377,-0.10540570952647976,-0.093250334512150035,-0.10549381728365126,-0.093327973305080469,-0.081719294378789775,profit_underperform
eleven,calendar_year,2022-01-01,2022-12-31,0.092778437667195401,-0.10681345535355369,-0.18175362063962208,0.09311143861440474,-0.1071598654765471,-0.18231707183450507,0.19959189302074909,0.27453205830681748,0.20027130409095184,0.27542851044890981,-0.13772087858949467,profit_outperform
eleven,calendar_year,2023-01-01,2023-12-31,0.14126755614159592,0.17042875145893155,0.2617579033365236,0.14178555334888276,0.17106144483372243,0.26276574440258105,-0.029161195317335631,-0.12049034719492768,-0.029275891484839667,-0.12098019105369828,-0.10027152491410674,profit_underperform
eleven,calendar_year,2024-01-01,2024-12-31,0.19706512863515835,0.16425375565574463,0.24886462945796861,0.19545716439231464,0.16293136793675567,0.24679233331657269,0.032811372979413722,-0.051799500822810263,0.032525796455558975,-0.051335168924258046,-0.088510043499493207,profit_outperform
eleven,calendar_year,2025-01-01,2025-12-31,0.17034437071780784,0.13291800179343038,0.17719063776702826,0.17047046852074232,0.13301484450926671,0.17732217664437222,0.037426368924377451,-0.0068462670492204225,0.037455624011475619,-0.006851708123629896,-0.15480094835866465,profit_outperform
eleven,five_year_block,2020-01-01,2024-12-31,1.1339183848736427,0.73965340192784379,0.94487748825544648,0.16361292055293952,0.11705049079057295,0.14223307416099695,0.39426498294579893,0.18904089661819623,0.046562429762366575,0.02137984639194257,-0.3025974443484144,profit_outperform
eleven,remaining_years,2025-01-01,2025-12-31,0.17034437071780784,0.13291800179343038,0.17719063776702826,0.17047046852074232,0.13301484450926671,0.17732217664437222,0.037426368924377451,-0.0068462670492204225,0.037455624011475619,-0.006851708123629896,-0.15480094835866465,profit_outperform
eleven,rolling_36m,2020-01-01,2022-12-31,0.56196951715436949,0.27664486132880772,0.23424350384909398,0.16038400967572364,0.084878037682034391,0.072723556935764933,0.28532465582556177,0.32772601330527551,0.075505971993689247,0.087660452739958705,-0.3025974443484144,profit_outperform
eleven,rolling_36m,2020-02-01,2023-01-31,0.58253958433230046,0.37141072341261139,0.32532711777909107,0.16529630552993724,0.11099494844342495,0.09841147350344337,0.21112886091968908,0.2572124665532094,0.054301357086512292,0.066884832026493868,-0.3025974443484144,profit_outperform
eleven,rolling_36m,2020-03-01,2023-02-28,0.62758308511807703,0.45332696953436669,0.40308103390381067,0.17624639327476999,0.13268399997633584,0.11948016053871835,0.17425611558371035,0.22450205121426636,0.043562393298434143,0.056766232736051636,-0.27095040710419505,profit_outperform
eleven,rolling_36m,2020-04-01,2023-03-31,0.81268599517685947,0.73389239515406257,0.6627319043654043,0.21945703712428455,0.20151339958082026,0.18483486715495623,0.078793600022796895,0.14995409081145517,0.017943637543464286,0.03462216996932832,-0.13772087858949467,profit_outperform
eleven,rolling_36m,2020-05-01,2023-04-30,0.6567835653360401,0.55638053364850726,0.49895131358899691,0.18378405060284053,0.15931036446842151,0.14483598033066136,0.10040303168753284,0.15783225174704318,0.024473686134419026,0.038948070272179169,-0.13772087858949467,profit_outperform
eleven,rolling_36m,2020-06-01,2023-05-31,0.55377214901433702,0.44989145272433584,0.43738631297589436,0.15803872913870021,0.1316632625104015,0.12840408979181972,0.10388069629000118,0.11638583603844266,0.026375466628298705,0.029634639346880487,-0.13772087858949467,profit_outperform
eleven,rolling_36m,2020-07-01,2023-06-30,0.63853387389360194,0.53664551043718034,0.50385879179244308,0.17905510713996731,0.15407445239819517,0.14580174134129531,0.1018883634564216,0.13467508210115886,0.024980654741772135,0.033253365798671997,-0.13772087858949467,profit_outperform
eleven,rolling_36m,2020-08-01,2023-07-31,0.60185444970931368,0.51185692409332062,0.4667071190990395,0.17018466257436793,0.14783082073499831,0.13628108667328109,0.089997525615993057,0.13514733061027417,0.022353841839369615,0.033903575901086835,-0.13772087858949467,profit_outperform
eleven,rolling_36m,2020-09-01,2023-08-31,0.46153433016461975,0.41244647269841606,0.34873279219389497,0.13494278406192151,0.12208280268487615,0.10493899910015925,0.049087857466203699,0.11280153797072479,0.01285998137704536,0.030003784961762259,-0.13772087858949467,profit_outperform
eleven,rolling_36m,2020-10-01,2023-09-30,0.45081566033127118,0.3963879125683718,0.33473383516115662,0.13228803582033488,0.11792502792022619,0.10119716631185072,0.054427747762899381,0.11608182517011456,0.014363007900108693,0.031090869508484165,-0.13772087858949467,profit_outperform
eleven,rolling_36m,2020-11-01,2023-10-31,0.47881093180395884,0.38659885287395035,0.33914823708180886,0.13926467537875098,0.11508032355701969,0.10221565390231424,0.09221207893000849,0.13966269472214998,0.024184351821731287,0.037049021476436739,-0.13772087858949467,profit_outperform
eleven,rolling_36m,2020-12-01,2023-11-30,0.47309166531795399,0.33922630531977127,0.31809323346255147,0.137928564733794,0.10233505671710574,0.096502000804682408,0.13386535999818272,0.15499843185540252,0.035593508016688258,0.041426563929111593,-0.13772087858949467,profit_outperform
eleven,rolling_36m,2021-01-01,2023-12-31,0.4891465723289028,0.35845218846600657,0.32903277202553993,0.14232808109723538,0.1077957626152144,0.099720115722887304,0.13069438386289622,0.16011380030336286,0.034532318482020985,0.042607965374348078,-0.13772087858949467,profit_outperform
eleven,rolling_36m,2021-02-01,2024-01-31,0.50778650093690514,0.36649621669394916,0.36410023194386332,0.14651272486109557,0.10956130812947529,0.1089131743415086,0.14129028424295598,0.14368626899304182,0.036951416731620279,0.037599550519586966,-0.13772087858949467,profit_outperform
eleven,rolling_36m,2021-03-01,2024-02-29,0.56465925748593637,0.36865267706676019,0.39645930386665418,0.16057654934966248,0.11003836035610171,0.1174901357724647,0.19600658041917618,0.16819995361928219,0.050538188993560773,0.04308641357719778,-0.13772087858949467,profit_outperform
eleven,rolling_36m,2021-04-01,2024-03-31,0.51475415754228937,0.34470079008800902,0.37949810435395559,0.14885521154508896,0.10403564308821611,0.11350169540646671,0.17005336745428035,0.13525605318833378,0.044819568456872849,0.035353516138622254,-0.13772087858949467,profit_outperform
eleven,rolling_36m,2021-05-01,2024-04-30,0.38487067439703626,0.2358271951945965,0.25734977131491377,0.11461697894932921,0.073113332711662649,0.079305707480213261,0.14904347920243977,0.12752090308212249,0.041503646237666558,0.035311271469115946,-0.13772087858949467,profit_outperform
eleven,rolling_36m,2021-06-01,2024-05-31,0.40153996994930918,0.26167059395688952,0.31232997050606692,0.11872664097103058,0.080311883460470135,0.094539205109775759,0.13986937599241966,0.08920999944324226,0.038414757510560449,0.024187435861254825,-0.13772087858949467,profit_outperform
eleven,rolling_36m,2021-07-01,2024-06-30,0.45777595897813539,0.25766284848778898,0.32882658747591509,0.13409876206715321,0.079546033679710026,0.099567608438000832,0.20011311049034641,0.1289493715022203,0.054552728387443183,0.034531153629152378,-0.13772087858949467,profit_outperform
eleven,rolling_36m,2021-08-01,2024-07-31,0.45374666076075365,0.2792057678158224,0.312867291858272,0.13266424941880373,0.085440906166170283,0.094868698560274245,0.17454089294493125,0.14087936890248165,0.047223343252633443,0.037795550858529481,-0.13772087858949467,profit_outperform
eleven,rolling_36m,2021-09-01,2024-08-31,0.47090081243169513,0.286415388857713,0.30471528817389437,0.13736377095975305,0.087640527390973944,0.092777196740000845,0.18448542357398212,0.16618552425780075,0.049723243568779107,0.044586574219752206,-0.13772087858949467,profit_outperform
eleven,rolling_36m,2021-10-01,2024-09-30,0.50159392967208793,0.36905755379945648,0.3972388057431846,0.14508416935426083,0.11035928675372153,0.11792456869002921,0.13253637587263145,0.10435512392890334,0.034724882600539297,0.02715960066423162,-0.13772087858949467,profit_outperform
eleven,rolling_36m,2021-11-01,2024-10-31,0.43063080564071132,0.26561141794328824,0.29398030804636366,0.12651321166385832,0.081509281167231107,0.089513884315309822,0.16501938769742308,0.13665049759434766,0.045003930496627209,0.036999327348548494,-0.13772087858949467,profit_outperform
eleven,rolling_36m,2021-12-01,2024-11-30,0.64448363295552569,0.36689866870367283,0.38225106591111979,0.18048146802998266,0.10988103427290397,0.11402364466095172,0.27758496425185286,0.2622325670444059,0.070600433757078696,0.066457823369030944,-0.13772087858949467,profit_outperform
eleven,rolling_36m,2022-01-01,2024-12-31,0.49292285996709539,0.21712393009050501,0.28936385575588797,0.14287629075806363,0.067673455428100437,0.088387231675001399,0.27579892987659038,0.20355900421120743,0.075202835329963191,0.05448905908306223,-0.13772087858949467,profit_outperform
eleven,rolling_36m,2022-02-01,2025-01-31,0.55355143675884477,0.30258511905072538,0.39770835069283361,0.15813894252704785,0.092093884023460193,0.11804975304570542,0.25096631770811939,0.15584308606601116,0.066045058503587661,0.040089189481342435,-0.13772087858949467,profit_outperform
eleven,rolling_36m,2022-03-01,2025-02-28,0.52762382268051367,0.33625232355869428,0.42193592644252886,0.15166141333747318,0.10142074651318178,0.12447132486105961,0.19137149912181939,0.1056878962379848,0.050240666824291402,0.027190088476413576,-0.13772087858949467,profit_outperform
eleven,rolling_36m,2022-04-01,2025-03-31,0.38948883833818093,0.23618662056300921,0.29406262153589124,0.11585430247614559,0.073217332902612009,0.0897074463045473,0.15330221777517172,0.095426216802289687,0.042636969573533579,0.026146856171598287,-0.13772087858949467,profit_outperform
eleven,rolling_36m,2022-05-01,2025-04-30,0.45418728666450625,0.29360256937736873,0.40626978893922239,0.13277854309120318,0.089493119481862893,0.12021136804683419,0.16058471728713752,0.047917497725283864,0.04328542360934029,0.012567175044368994,-0.15480094835866465,profit_outperform
eleven,rolling_36m,2022-06-01,2025-05-31,0.4411463322044531,0.329362797820141,0.49128007767404225,0.12963705082756527,0.099620267989211087,0.14259599490799646,0.1117835343843121,-0.050133745469589153,0.030016782838354183,-0.01295894408043119,-0.15480094835866465,profit_outperform
eleven,rolling_36m,2022-07-01,2025-06-30,0.62893788412183338,0.49967544430253996,0.7088218953820602,0.17657259721245455,0.14459640715736755,0.1954953938088515,0.12926243981929342,-0.079884011260226817,0.031976190055087006,-0.018922796596396951,-0.15480094835866465,profit_outperform
eleven,rolling_36m,2022-08-01,2025-07-31,0.55462007490860565,0.40103227287599919,0.60076811397905194,0.15809414584256043,0.11870611908503426,0.16941835555298868,0.15358780203260647,-0.04614803907044629,0.039388026757526173,-0.011324209710428246,-0.15480094835866465,profit_outperform
eleven,rolling_36m,2022-09-01,2025-08-31,0.59129313168120445,0.47954919374685812,0.703104925849245,0.16777087183578221,0.13972616385941072,0.19454844947640493,0.11174393793434634,-0.11181179416804055,0.028044707976371486,-0.026777577640622718,-0.15480094835866465,profit_outperform
eleven,rolling_36m,2022-10-01,2025-09-30,0.86507716026995296,0.66535358396667932,0.94343252075276096,0.23086858003258692,0.18527368728678706,0.2478657958723629,0.19972357630327364,-0.078355360482808001,0.045594892745799864,-0.016997215839775981,-0.15480094835866465,profit_outperform
eleven,rolling_36m,2022-11-01,2025-10-31,0.6791212948078611,0.53209803672412259,0.84019619045827909,0.18853025787605882,0.15278441721779257,0.22537186271902043,0.14702325808373851,-0.16107489565041799,0.035745840658266248,-0.036841604842961617,-0.15480094835866465,profit_outperform
eleven,rolling_36m,2022-12-01,2025-11-30,0.56419630247216324,0.46925415389676606,0.74668389726323925,0.16109391749562385,0.13707228387981218,0.20466767479467096,0.094942148575397178,-0.18248759479107601,0.024021633615811666,-0.043573757299047111,-0.15480094835866465,profit_outperform
eleven,rolling_36m,2023-01-01,2025-12-31,0.59889123435517355,0.54380024987828057,0.85497558920763161,0.16912844013304928,0.15555885771085154,0.22841226804642112,0.055090984476892979,-0.25608435485245806,0.013569582422197746,-0.059283827913371834,-0.15480094835866465,profit_outperform
