execution_date,nine_selected,eleven_selected,added,removed
2020-01-02,"XLK,XLI,XLF","XLK,XLI,XLF",,
2020-02-03,"XLK,XLU,XLP","XLK,XLU,XLP",,
2020-03-02,"XLK,XLU,XLP","XLK,XLU,XLP",,
2020-04-01,"XLK,XLU,XLP","XLK,XLU,XLC",XLC,XLP
2020-05-01,"XLK,XLV,XLU","XLK,XLV,XLU",,
2020-06-01,"XLK,XLV,XLP","XLK,XLV,XLC",XLC,XLP
2020-07-01,"XLK,XLV,XLY","XLK,XLV,XLC",XLC,XLY
2020-08-03,"XLK,XLV,XLY","XLK,XLV,XLC",XLC,XLY
2020-09-01,"XLK,XLV,XLY","XLK,XLV,XLC",XLC,XLY
2020-10-01,"XLK,XLY,XLV","XLK,XLC,XLY",XLC,XLV
2020-11-02,"XLK,XLY,XLV","XLK,XLY,XLC",XLC,XLV
2020-12-01,"XLK,XLY,XLB","XLK,XLY,XLC",XLC,XLB
2021-01-04,"XLK,XLY,XLB","XLK,XLY,XLC",XLC,XLB
2021-02-01,"XLK,XLY,XLB","XLK,XLY,XLB",,
2021-03-01,"XLK,XLY,XLB","XLK,XLY,XLB",,
2021-04-01,"XLE,XLB,XLY","XLE,XLB,XLY",,
2021-05-03,"XLI,XLB,XLF","XLI,XLB,XLF",,
2021-06-01,"XLF,XLI,XLB","XLF,XLI,XLB",,
2021-07-01,"XLF,XLB,XLI","XLF,XLB,XLI",,
2021-08-02,"XLE,XLF,XLI","XLE,XLF,XLI",,
2021-09-01,"XLF,XLE,XLB","XLF,XLE,XLB",,
2021-10-01,"XLE,XLF,XLI","XLE,XLF,XLC",XLC,XLI
2021-11-01,"XLE,XLF,XLK","XLE,XLF,XLC",XLC,XLK
2021-12-01,"XLE,XLF,XLK","XLE,XLF,XLRE",XLRE,XLK
2022-01-03,"XLE,XLK,XLF","XLE,XLRE,XLK",XLRE,XLF
2022-02-01,"XLE,XLF,XLK","XLE,XLRE,XLF",XLRE,XLK
2022-03-01,"XLE,XLK,XLP","XLE,XLRE,XLK",XLRE,XLP
2022-04-01,"XLE,XLK,XLF","XLE,XLK,XLRE",XLRE,XLF
2022-05-02,"XLE,XLU,XLK","XLE,XLRE,XLU",XLRE,XLK
2022-06-01,"XLE,XLU,XLP","XLE,XLU,XLP",,
2022-07-01,"XLE,XLU,XLP","XLE,XLU,XLP",,
2022-08-01,"XLE,XLU,XLP","XLE,XLU,XLP",,
2022-09-01,"XLE,XLU,XLP","XLE,XLU,XLP",,
2022-10-03,"XLE,XLU,XLP","XLE,XLU,XLP",,
2022-11-01,"XLE,XLU,XLP","XLE,XLU,XLP",,
2022-12-01,"XLE,XLP,XLU","XLE,XLP,XLU",,
2023-01-03,"XLE,XLP,XLU","XLE,XLP,XLU",,
2023-02-01,"XLE,XLV,XLU","XLE,XLV,XLU",,
2023-03-01,"XLE,XLU,XLV","XLE,XLU,XLV",,
2023-04-03,"XLE,XLI,XLP","XLE,XLI,XLP",,
2023-05-01,"XLE,XLI,XLK","XLE,XLI,XLK",,
2023-06-01,"XLK,XLI,XLP","XLK,XLI,XLP",,
2023-07-03,"XLK,XLI,XLY","XLK,XLC,XLI",XLC,XLY
2023-08-01,"XLK,XLI,XLB","XLK,XLC,XLI",XLC,XLB
2023-09-01,"XLK,XLI,XLB","XLK,XLC,XLI",XLC,XLB
2023-10-02,"XLK,XLI,XLE","XLK,XLC,XLI",XLC,XLE
2023-11-01,"XLK,XLY,XLI","XLC,XLK,XLY",XLC,XLI
2023-12-01,"XLK,XLY,XLI","XLC,XLK,XLY",XLC,XLI
2024-01-02,"XLK,XLY,XLI","XLK,XLC,XLY",XLC,XLI
2024-02-01,"XLK,XLY,XLI","XLK,XLC,XLY",XLC,XLI
2024-03-01,"XLK,XLY,XLI","XLK,XLC,XLY",XLC,XLI
2024-04-01,"XLK,XLF,XLY","XLK,XLC,XLF",XLC,XLY
2024-05-01,"XLK,XLF,XLI","XLK,XLC,XLF",XLC,XLI
2024-06-03,"XLF,XLI,XLE","XLF,XLI,XLE",,
2024-07-01,"XLF,XLK,XLE","XLC,XLF,XLK",XLC,XLE
2024-08-01,"XLK,XLF,XLI","XLK,XLC,XLF",XLC,XLI
2024-09-03,"XLF,XLK,XLI","XLF,XLC,XLK",XLC,XLI
2024-10-01,"XLF,XLK,XLU","XLF,XLK,XLC",XLC,XLU
2024-11-01,"XLF,XLI,XLU","XLF,XLC,XLI",XLC,XLU
2024-12-02,"XLF,XLU,XLI","XLC,XLF,XLU",XLC,XLI
2025-01-02,"XLF,XLU,XLI","XLF,XLC,XLU",XLC,XLI
2025-02-03,"XLY,XLU,XLF","XLY,XLC,XLU",XLC,XLF
2025-03-03,"XLF,XLU,XLY","XLC,XLF,XLU",XLC,XLY
2025-04-01,"XLF,XLU,XLY","XLC,XLF,XLU",XLC,XLY
2025-05-01,"XLF,XLU,XLY","XLF,XLC,XLU",XLC,XLY
2025-06-02,"XLF,XLY,XLU","XLF,XLC,XLY",XLC,XLU
2025-07-01,"XLF,XLU,XLI","XLF,XLU,XLC",XLC,XLI
2025-08-01,"XLF,XLI,XLY","XLC,XLF,XLI",XLC,XLY
2025-09-02,"XLK,XLY,XLI","XLC,XLK,XLY",XLC,XLI
2025-10-01,"XLF,XLK,XLY","XLC,XLF,XLK",XLC,XLY
2025-11-03,"XLK,XLY,XLF","XLC,XLK,XLY",XLC,XLF
2025-12-01,"XLK,XLU,XLI","XLK,XLC,XLU",XLC,XLI
