universe,kind,start,end,ticker,pnl_return_contribution
nine,calendar_year,2020-01-01,2020-12-31,XLK,0.12012219702123805
nine,calendar_year,2020-01-01,2020-12-31,XLF,-0.009754916992177051
nine,calendar_year,2020-01-01,2020-12-31,XLE,0.0
nine,calendar_year,2020-01-01,2020-12-31,XLY,0.07967403389946366
nine,calendar_year,2020-01-01,2020-12-31,XLP,-0.031051345829688697
nine,calendar_year,2020-01-01,2020-12-31,XLV,0.043049946083208335
nine,calendar_year,2020-01-01,2020-12-31,XLI,-0.007746122117325277
nine,calendar_year,2020-01-01,2020-12-31,XLB,0.005163840407374021
nine,calendar_year,2020-01-01,2020-12-31,XLU,-0.036990604501349646
nine,calendar_year,2020-01-01,2020-12-31,SPY,0.0
nine,calendar_year,2020-01-01,2020-12-31,COST,-0.0025605022768947104
nine,calendar_year,2021-01-01,2021-12-31,XLK,0.046109146576921035
nine,calendar_year,2021-01-01,2021-12-31,XLF,0.03194928156434837
nine,calendar_year,2021-01-01,2021-12-31,XLE,0.06424259812669908
nine,calendar_year,2021-01-01,2021-12-31,XLY,0.036763715353720604
nine,calendar_year,2021-01-01,2021-12-31,XLP,0.0
nine,calendar_year,2021-01-01,2021-12-31,XLV,0.0
nine,calendar_year,2021-01-01,2021-12-31,XLI,0.02681454117563916
nine,calendar_year,2021-01-01,2021-12-31,XLB,0.031836915647690964
nine,calendar_year,2021-01-01,2021-12-31,XLU,0.0
nine,calendar_year,2021-01-01,2021-12-31,SPY,0.0
nine,calendar_year,2021-01-01,2021-12-31,COST,-0.002731788060611335
nine,calendar_year,2022-01-01,2022-12-31,XLK,-0.0717413063681893
nine,calendar_year,2022-01-01,2022-12-31,XLF,-0.05263098146994715
nine,calendar_year,2022-01-01,2022-12-31,XLE,0.18576490026457684
nine,calendar_year,2022-01-01,2022-12-31,XLY,0.0
nine,calendar_year,2022-01-01,2022-12-31,XLP,0.024695589323368374
nine,calendar_year,2022-01-01,2022-12-31,XLV,0.0
nine,calendar_year,2022-01-01,2022-12-31,XLI,0.0
nine,calendar_year,2022-01-01,2022-12-31,XLB,0.0
nine,calendar_year,2022-01-01,2022-12-31,XLU,0.010295626612420013
nine,calendar_year,2022-01-01,2022-12-31,SPY,0.0
nine,calendar_year,2022-01-01,2022-12-31,COST,-0.0016084544115880625
nine,calendar_year,2023-01-01,2023-12-31,XLK,0.08515700715434439
nine,calendar_year,2023-01-01,2023-12-31,XLF,0.0
nine,calendar_year,2023-01-01,2023-12-31,XLE,-0.04753153322191137
nine,calendar_year,2023-01-01,2023-12-31,XLY,0.051624870609580445
nine,calendar_year,2023-01-01,2023-12-31,XLP,0.021418108366336484
nine,calendar_year,2023-01-01,2023-12-31,XLV,-0.006377740553466923
nine,calendar_year,2023-01-01,2023-12-31,XLI,0.04669272908405997
nine,calendar_year,2023-01-01,2023-12-31,XLB,-0.030792822157766454
nine,calendar_year,2023-01-01,2023-12-31,XLU,-0.01269262088808438
nine,calendar_year,2023-01-01,2023-12-31,SPY,0.0
nine,calendar_year,2023-01-01,2023-12-31,COST,-0.003033563034753624
nine,calendar_year,2024-01-01,2024-12-31,XLK,0.028888580941218073
nine,calendar_year,2024-01-01,2024-12-31,XLF,0.05717685853914061
nine,calendar_year,2024-01-01,2024-12-31,XLE,0.0027669324011360547
nine,calendar_year,2024-01-01,2024-12-31,XLY,-0.0073735476216716805
nine,calendar_year,2024-01-01,2024-12-31,XLP,0.0
nine,calendar_year,2024-01-01,2024-12-31,XLV,0.0
nine,calendar_year,2024-01-01,2024-12-31,XLI,0.05713563604719179
nine,calendar_year,2024-01-01,2024-12-31,XLB,0.0
nine,calendar_year,2024-01-01,2024-12-31,XLU,-0.02411130041522371
nine,calendar_year,2024-01-01,2024-12-31,SPY,0.0
nine,calendar_year,2024-01-01,2024-12-31,COST,-0.0026130138176531405
nine,calendar_year,2025-01-01,2025-12-31,XLK,0.042135549193247496
nine,calendar_year,2025-01-01,2025-12-31,XLF,0.03594450094859374
nine,calendar_year,2025-01-01,2025-12-31,XLE,0.0
nine,calendar_year,2025-01-01,2025-12-31,XLY,0.020743906855346207
nine,calendar_year,2025-01-01,2025-12-31,XLP,0.0
nine,calendar_year,2025-01-01,2025-12-31,XLV,0.0
nine,calendar_year,2025-01-01,2025-12-31,XLI,0.03980640423681541
nine,calendar_year,2025-01-01,2025-12-31,XLB,0.0
nine,calendar_year,2025-01-01,2025-12-31,XLU,0.03736266992940897
nine,calendar_year,2025-01-01,2025-12-31,SPY,0.0
nine,calendar_year,2025-01-01,2025-12-31,COST,-0.002725826513183037
eleven,calendar_year,2020-01-01,2020-12-31,XLK,0.12387140623242178
eleven,calendar_year,2020-01-01,2020-12-31,XLF,-0.009754916992177051
eleven,calendar_year,2020-01-01,2020-12-31,XLE,0.0
eleven,calendar_year,2020-01-01,2020-12-31,XLY,0.02954662570143803
eleven,calendar_year,2020-01-01,2020-12-31,XLP,-0.04864192682224776
eleven,calendar_year,2020-01-01,2020-12-31,XLV,0.025585315608474508
eleven,calendar_year,2020-01-01,2020-12-31,XLI,-0.007746122117325277
eleven,calendar_year,2020-01-01,2020-12-31,XLB,0.0
eleven,calendar_year,2020-01-01,2020-12-31,XLU,-0.03635279497377587
eleven,calendar_year,2020-01-01,2020-12-31,XLRE,0.0
eleven,calendar_year,2020-01-01,2020-12-31,XLC,0.12309660738922132
eleven,calendar_year,2020-01-01,2020-12-31,SPY,0.0
eleven,calendar_year,2020-01-01,2020-12-31,COST,-0.002525836035681375
eleven,calendar_year,2021-01-01,2021-12-31,XLK,0.014704819073893314
eleven,calendar_year,2021-01-01,2021-12-31,XLF,0.031676086042031926
eleven,calendar_year,2021-01-01,2021-12-31,XLE,0.06437144241533875
eleven,calendar_year,2021-01-01,2021-12-31,XLY,0.036918821121365325
eleven,calendar_year,2021-01-01,2021-12-31,XLP,0.0
eleven,calendar_year,2021-01-01,2021-12-31,XLV,0.0
eleven,calendar_year,2021-01-01,2021-12-31,XLI,0.005151073382301385
eleven,calendar_year,2021-01-01,2021-12-31,XLB,0.036291359808534575
eleven,calendar_year,2021-01-01,2021-12-31,XLU,0.0
eleven,calendar_year,2021-01-01,2021-12-31,XLRE,0.04370390749773254
eleven,calendar_year,2021-01-01,2021-12-31,XLC,-0.03574852714101373
eleven,calendar_year,2021-01-01,2021-12-31,SPY,0.0
eleven,calendar_year,2021-01-01,2021-12-31,COST,-0.0030317811080971613
eleven,calendar_year,2022-01-01,2022-12-31,XLK,-0.041937850333216606
eleven,calendar_year,2022-01-01,2022-12-31,XLF,-0.017489921632311067
eleven,calendar_year,2022-01-01,2022-12-31,XLE,0.18383863021816332
eleven,calendar_year,2022-01-01,2022-12-31,XLY,0.0
eleven,calendar_year,2022-01-01,2022-12-31,XLP,0.013010964109092728
eleven,calendar_year,2022-01-01,2022-12-31,XLV,0.0
eleven,calendar_year,2022-01-01,2022-12-31,XLI,0.0
eleven,calendar_year,2022-01-01,2022-12-31,XLB,0.0
eleven,calendar_year,2022-01-01,2022-12-31,XLU,0.010341618590456831
eleven,calendar_year,2022-01-01,2022-12-31,XLRE,-0.05309523029495285
eleven,calendar_year,2022-01-01,2022-12-31,XLC,0.0
eleven,calendar_year,2022-01-01,2022-12-31,SPY,0.0
eleven,calendar_year,2022-01-01,2022-12-31,COST,-0.0018897729900365936
eleven,calendar_year,2023-01-01,2023-12-31,XLK,0.08710295183026844
eleven,calendar_year,2023-01-01,2023-12-31,XLF,0.0
eleven,calendar_year,2023-01-01,2023-12-31,XLE,-0.03441259858897417
eleven,calendar_year,2023-01-01,2023-12-31,XLY,0.054156032006782234
eleven,calendar_year,2023-01-01,2023-12-31,XLP,0.02141810836633648
eleven,calendar_year,2023-01-01,2023-12-31,XLV,-0.006377740553466922
eleven,calendar_year,2023-01-01,2023-12-31,XLI,-0.0053802162397143544
eleven,calendar_year,2023-01-01,2023-12-31,XLB,0.0
eleven,calendar_year,2023-01-01,2023-12-31,XLU,-0.012692620888084366
eleven,calendar_year,2023-01-01,2023-12-31,XLRE,0.0
eleven,calendar_year,2023-01-01,2023-12-31,XLC,0.0398522243273954
eleven,calendar_year,2023-01-01,2023-12-31,SPY,0.0
eleven,calendar_year,2023-01-01,2023-12-31,COST,-0.0023985841189462006
eleven,calendar_year,2024-01-01,2024-12-31,XLK,0.028969288675233962
eleven,calendar_year,2024-01-01,2024-12-31,XLF,0.059024328966069746
eleven,calendar_year,2024-01-01,2024-12-31,XLE,0.0046741099934634375
eleven,calendar_year,2024-01-01,2024-12-31,XLY,0.008520154158241483
eleven,calendar_year,2024-01-01,2024-12-31,XLP,0.0
eleven,calendar_year,2024-01-01,2024-12-31,XLV,0.0
eleven,calendar_year,2024-01-01,2024-12-31,XLI,0.022718289703544902
eleven,calendar_year,2024-01-01,2024-12-31,XLB,0.0
eleven,calendar_year,2024-01-01,2024-12-31,XLU,-0.024808728035632756
eleven,calendar_year,2024-01-01,2024-12-31,XLRE,0.0
eleven,calendar_year,2024-01-01,2024-12-31,XLC,0.10068400479081539
eleven,calendar_year,2024-01-01,2024-12-31,SPY,0.0
eleven,calendar_year,2024-01-01,2024-12-31,COST,-0.002716319616576522
eleven,calendar_year,2025-01-01,2025-12-31,XLK,0.04237637724389187
eleven,calendar_year,2025-01-01,2025-12-31,XLF,0.026991358918901056
eleven,calendar_year,2025-01-01,2025-12-31,XLE,0.0
eleven,calendar_year,2025-01-01,2025-12-31,XLY,-0.009528234902830696
eleven,calendar_year,2025-01-01,2025-12-31,XLP,0.0
eleven,calendar_year,2025-01-01,2025-12-31,XLV,0.0
eleven,calendar_year,2025-01-01,2025-12-31,XLI,0.0019738642141051226
eleven,calendar_year,2025-01-01,2025-12-31,XLB,0.0
eleven,calendar_year,2025-01-01,2025-12-31,XLU,0.0362843278727147
eleven,calendar_year,2025-01-01,2025-12-31,XLRE,0.0
eleven,calendar_year,2025-01-01,2025-12-31,XLC,0.07600772209789323
eleven,calendar_year,2025-01-01,2025-12-31,SPY,0.0
eleven,calendar_year,2025-01-01,2025-12-31,COST,-0.0037610447268669397
