holding_month,signal_month,rank_agreement_3,signal_std,stable_names_3_decisions,market_past3,market_past24,selected,H1_recovery,H2_agreement,H3_dispersion,H4_joint,H1_valid,H4_valid,active_net_5bps
2000-01,1999-12,0.38333333333333336,0.1426424007760734,,0.14357663061932735,,"XLE,XLI,XLK",False,True,True,False,False,False,-0.007295949160737281
2000-02,2000-01,0.7833333333333333,0.1727524324382108,,0.021204894730218804,,"XLB,XLE,XLK",False,True,True,False,False,False,0.041334961245743984
2000-03,2000-02,0.9166666666666666,0.18297957657993888,2.0,-0.010815722804891292,,"XLE,XLI,XLK",False,True,True,True,False,True,0.002095691208269468
2000-04,2000-03,0.6166666666666666,0.21634918959980187,2.0,0.02643201899289238,,"XLE,XLI,XLK",False,True,True,True,False,True,-0.027786742166722278
2000-05,2000-04,0.5499999999999999,0.24088078012258027,2.0,0.04227483628702933,,"XLE,XLK,XLV",False,True,True,True,False,True,0.002784567874784538
2000-06,2000-05,-0.33333333333333337,0.17442482156474817,1.0,0.04174950457116022,,"XLI,XLK,XLV",False,False,True,False,False,True,0.03045211959277927
2000-07,2000-06,0.2333333333333333,0.11953686210521403,2.0,-0.03159921474791949,,"XLE,XLK,XLV",False,True,True,True,False,True,-0.0330421695367934
2000-08,2000-07,0.26666666666666666,0.15658666609316327,2.0,-0.012109428493175645,,"XLE,XLK,XLV",False,True,True,True,False,True,0.03146070290020453
2000-09,2000-08,0.7666666666666667,0.11533912266234952,2.0,0.0692510059003213,,"XLF,XLK,XLV",False,True,False,False,False,True,-0.04168412243488595
2000-10,2000-09,0.18333333333333335,0.16259026895441817,1.0,-0.00891654937481734,,"XLE,XLF,XLK",False,True,True,False,False,True,-0.05027900827434151
2000-11,2000-10,0.5833333333333334,0.1422913331331347,1.0,0.0021837927919547973,,"XLE,XLF,XLU",False,True,True,False,False,True,0.011517805789630686
2000-12,2000-11,0.35,0.14528280516264408,2.0,-0.1295108351253943,,"XLE,XLF,XLU",False,True,True,True,False,True,0.01539713590982994
2001-01,2000-12,0.3,0.22500942069789612,2.0,-0.08379522795823102,0.08661603160402676,"XLF,XLP,XLU",False,True,True,True,True,True,-0.06248907468394305
2001-02,2001-01,0.15,0.2255152739431347,2.0,-0.038563566395071414,0.09630922725079794,"XLF,XLP,XLU",False,True,True,True,True,True,0.03521944341655536
2001-03,2001-02,-0.25,0.23058893337548292,3.0,-0.060107153472000574,0.024590914414504006,"XLF,XLP,XLU",False,False,True,True,True,True,0.015855984709073456
2001-04,2001-03,-0.11666666666666665,0.23942293316513497,3.0,-0.1081147324007854,-0.0713336119323198,"XLF,XLP,XLU",False,False,True,True,True,True,-0.04478543734092488
2001-05,2001-04,0.31666666666666665,0.2121180325673144,3.0,-0.07312090541785776,-0.02886661487575304,"XLF,XLP,XLU",False,True,True,True,True,True,0.004246256764995682
2001-06,2001-05,0.21666666666666667,0.17229977177429437,2.0,0.018871563252065737,-0.011712587465600333,"XLB,XLF,XLU",True,True,True,True,True,True,0.0031470340271748665
2001-07,2001-06,-0.3,0.22290777575918222,2.0,0.053635402524637055,-0.08588511541829502,"XLB,XLF,XLU",True,False,True,True,True,True,-0.0014511852365719502
2001-08,2001-07,0.2333333333333333,0.18586938770929295,3.0,-0.03919821059483375,-0.06623825841072328,"XLB,XLF,XLU",False,True,True,True,True,True,0.013400079460202607
2001-09,2001-08,0.7666666666666667,0.21044872951465105,2.0,-0.09111041375688389,-0.11706822822181084,"XLB,XLU,XLY",False,True,True,True,True,True,0.007846491214345885
2001-10,2001-09,0.5333333333333333,0.19929622302099512,1.0,-0.14492807298744137,-0.17061655424107525,"XLB,XLP,XLY",False,True,True,False,True,True,0.00390685240562294
2001-11,2001-10,0.7999999999999999,0.16663552659238534,2.0,-0.1248704612435978,-0.21041086264212217,"XLB,XLP,XLY",False,True,True,True,True,True,0.027343392622762197
2001-12,2001-11,0.2333333333333333,0.12896234279781857,3.0,0.0028733648496717112,-0.16278200462476777,"XLB,XLP,XLY",True,True,True,True,True,True,-0.017937994653054234
2002-01,2001-12,0.33333333333333337,0.10862546483536356,2.0,0.09817319132167612,-0.2035455770330138,"XLB,XLV,XLY",True,True,False,False,True,True,0.02475335175220761
2002-02,2002-01,0.4666666666666666,0.11675818106726013,2.0,0.07343312606524077,-0.1700283259559442,"XLB,XLP,XLY",True,True,False,False,True,True,0.02145835492973136
2002-03,2002-02,0.33333333333333337,0.09877930828975379,2.0,-0.022075631727302758,-0.17231207762881906,"XLB,XLF,XLY",False,True,False,False,True,True,-0.00631756786795834
2002-04,2002-03,0.5666666666666667,0.11935922931882184,2.0,0.004794528123481134,-0.2203350720857491,"XLB,XLP,XLY",True,True,True,True,True,True,0.010032195921972353
2002-05,2002-04,0.33333333333333337,0.11860223318582798,2.0,-0.04427431783978086,-0.2389481001237853,"XLB,XLP,XLY",False,True,True,True,True,True,0.013119303466370691
2002-06,2002-05,0.31666666666666665,0.11701957102892835,3.0,-0.0325944411622755,-0.23137962286399905,"XLB,XLP,XLY",False,True,False,False,True,True,0.007757278010264601
2002-07,2002-06,0.6666666666666667,0.1344605831427966,3.0,-0.13284705422505494,-0.3018502780517026,"XLB,XLP,XLY",False,True,True,True,True,True,-0.0011635134671866831
2002-08,2002-07,0.7833333333333333,0.12994930180393577,2.0,-0.15187211004120726,-0.3466185824543164,"XLB,XLV,XLY",False,True,True,True,True,True,0.007285927259956804
2002-09,2002-08,0.7833333333333333,0.11634833683866992,2.0,-0.14100698462402228,-0.3825214736370105,"XLB,XLV,XLY",False,True,False,False,True,True,0.011299397991206384
2002-10,2002-09,0.5333333333333333,0.14709960081918794,3.0,-0.1697992426204291,-0.4151810046266088,"XLB,XLV,XLY",False,True,True,True,True,True,-0.0058911805550929675
2002-11,2002-10,0.21666666666666667,0.14944455924678995,3.0,-0.024607525829491106,-0.3640853883083922,"XLB,XLV,XLY",False,True,True,True,True,True,0.011333125808931754
2002-12,2002-11,0.21666666666666667,0.12276727477852153,2.0,0.02856099554330216,-0.2703937585552646,"XLF,XLV,XLY",True,True,True,True,True,True,-0.02561128351908848
2003-01,2002-12,0.09999999999999999,0.11666113372169093,1.0,0.0840396166312074,-0.30805101775401267,"XLB,XLF,XLV",True,True,False,False,True,True,0.010423804957344851
2003-02,2003-01,0.25,0.10909650324901077,1.0,-0.023012028803020668,-0.3537992688694027,"XLB,XLE,XLV",False,True,False,False,True,True,0.00792383487887538
2003-03,2003-02,0.26666666666666666,0.08084097264779183,2.0,-0.09217721191639794,-0.2952886334242082,"XLB,XLF,XLV",False,True,False,False,True,True,0.004013404230979178
2003-04,2003-03,0.31666666666666665,0.07038822234354186,2.0,-0.03568312032963572,-0.25185659221990897,"XLB,XLE,XLV",False,True,False,False,True,True,-0.034159062480540126
2003-05,2003-04,-0.2333333333333333,0.05675318767010169,2.0,0.07228152457463799,-0.2524277338779106,"XLB,XLE,XLV",True,False,False,False,True,True,-0.0058781306233219865
2003-06,2003-05,0.11666666666666665,0.048262957292925776,1.0,0.14653604573949575,-0.20698838522633922,"XLF,XLV,XLY",True,True,False,False,True,True,0.007108895464213116
2003-07,2003-06,0.31666666666666665,0.054947657159128804,1.0,0.15627394080893708,-0.1789771638924349,"XLF,XLK,XLV",True,True,False,False,True,True,0.0044509194822084375
2003-08,2003-07,0.06666666666666667,0.06833945728087423,0.0,0.08529032827694594,-0.15556677864569746,"XLK,XLU,XLY",True,True,False,False,True,True,0.004731634995265521
2003-09,2003-08,0.65,0.08198204616412613,1.0,0.05009192526117756,-0.08378849761691187,"XLB,XLK,XLY",True,True,False,False,True,True,-0.021729649549763974
2003-10,2003-09,0.8499999999999999,0.14835344003340162,2.0,0.027693029595157403,-0.013229859207154915,"XLB,XLK,XLY",True,True,True,True,True,True,0.03576837880478245
2003-11,2003-10,0.75,0.08003528142555973,2.0,0.06352946748092525,0.02622477525596323,"XLB,XLK,XLU",False,True,False,False,True,True,0.0017197207840151663
2003-12,2003-11,0.3666666666666667,0.0626986507182793,0.0,0.05341712598450066,-0.03761240305847757,"XLF,XLU,XLY",True,True,False,False,True,True,-0.005102322457200659
2004-01,2003-12,0.45,0.09557669292614177,0.0,0.11861741677145732,0.005140422807471179,"XLB,XLK,XLY",False,True,False,False,True,True,-0.01628193228196495
2004-02,2004-01,-0.16666666666666669,0.11134240999870616,1.0,0.08277555312331564,0.03515633314738187,"XLB,XLK,XLY",False,False,False,False,True,True,-0.006992210886213268
2004-03,2004-02,-0.48333333333333334,0.10381273174662582,2.0,0.08561293926251667,0.0683652659876619,"XLB,XLI,XLK",False,False,False,False,True,True,-0.007355239443381234
2004-04,2004-03,-0.5666666666666667,0.10106805397182901,2.0,0.01991808042825638,0.020269181307342787,"XLB,XLF,XLK",False,False,False,False,True,True,-0.031197104561451305
2004-05,2004-04,-0.26666666666666666,0.07407821292054353,2.0,-0.018779348457997447,0.06277019715833898,"XLB,XLE,XLK",False,False,False,False,True,True,0.0027680604223920824
2004-06,2004-05,0.33333333333333337,0.051033652139583996,1.0,-0.01533936943794445,0.08742109952509702,"XLB,XLE,XLI",False,True,False,False,True,True,0.0298873964670201
2004-07,2004-06,0.6666666666666667,0.06677323058336232,2.0,0.01634008415284316,0.19579881570001323,"XLB,XLE,XLI",False,True,False,False,True,True,0.018616850200760315
2004-08,2004-07,0.9333333333333332,0.08698050217426878,3.0,0.002564975878914577,0.2562918749560845,"XLB,XLE,XLI",False,True,False,False,True,True,-0.00634475239070853
2004-09,2004-08,0.9333333333333332,0.0914696296224167,2.0,-0.011911917537617556,0.2508458274117613,"XLE,XLI,XLU",False,True,False,False,True,True,0.024960761812946375
2004-10,2004-09,0.8666666666666667,0.09712106566614918,2.0,-0.020124037594032362,0.41138695064119934,"XLB,XLE,XLI",False,True,False,False,True,True,-0.011554824160512789
2004-11,2004-10,0.8166666666666667,0.1439946924759024,1.0,0.025543468869029917,0.32088565523340074,"XLB,XLE,XLU",False,True,True,False,True,True,0.015187999401492958
2004-12,2004-11,0.43333333333333335,0.14463202730886213,1.0,0.068594439446515,0.29953099676995376,"XLE,XLI,XLU",False,True,True,False,True,True,-0.022456375590505173
2005-01,2004-12,0.0,0.12248990440086374,2.0,0.0898433779218959,0.41894327314514057,"XLE,XLI,XLU",False,True,True,True,True,True,0.02523122030365843
2005-02,2005-01,0.75,0.10250963083019984,2.0,0.05185483330656071,0.4221054932747279,"XLB,XLE,XLU",False,True,False,False,True,True,0.05402936638953615
2005-03,2005-02,0.5499999999999999,0.11094420074771515,2.0,0.02807548375685376,0.4716704357924333,"XLE,XLI,XLU",False,True,False,False,True,True,0.00919957861883025
2005-04,2005-03,0.8166666666666667,0.16366949376971868,2.0,-0.02024203530291835,0.44166404490661004,"XLB,XLE,XLU",False,True,True,True,True,True,-0.011378271445202759
2005-05,2005-04,0.35,0.16107753597345326,2.0,-0.016548415506721925,0.30429543792841507,"XLB,XLE,XLU",False,True,True,True,True,True,-0.02099444610603851
2005-06,2005-05,-0.2333333333333333,0.15203190378306564,3.0,-0.005642953763767,0.27633655566747417,"XLB,XLE,XLU",False,False,True,True,True,True,0.03061500341515755
2005-07,2005-06,0.03333333333333333,0.1256338349858823,2.0,0.014420264865406596,0.26479822009821863,"XLE,XLI,XLU",False,True,True,True,True,True,0.0009995845716015417
2005-08,2005-07,0.38333333333333336,0.1346998146111135,2.0,0.073342675852339,0.2899368205655295,"XLE,XLU,XLV",False,True,True,True,True,True,0.028419069743192416
2005-09,2005-08,0.7166666666666667,0.1496285606356004,2.0,0.030086404613840267,0.25202080130053495,"XLE,XLK,XLU",False,True,True,True,True,True,0.023011420131374916
2005-10,2005-09,0.6333333333333333,0.15035043883692537,2.0,0.03678261845096875,0.27598492223123205,"XLE,XLK,XLU",False,True,True,True,True,True,-0.03531449198262859
2005-11,2005-10,0.5166666666666667,0.17631207974852806,2.0,-0.02504124422049292,0.18251090925724456,"XLE,XLU,XLV",False,True,True,True,True,True,-0.027008192320878255
2005-12,2005-11,-0.6,0.12025800220473705,2.0,0.02744227767336138,0.22114884223134967,"XLE,XLU,XLV",False,False,True,True,True,True,0.01416410414553182
2006-01,2005-12,-0.5333333333333333,0.12673915599020225,2.0,0.017311328344267407,0.1604270564003909,"XLE,XLF,XLU",False,False,True,True,True,True,0.024448674363794165
2006-02,2006-01,0.3666666666666667,0.1083100558534816,2.0,0.06697626200631901,0.16525633230407277,"XLE,XLU,XLV",False,True,False,False,True,True,-0.023592917530715463
2006-03,2006-02,0.3666666666666667,0.09873777019111062,2.0,0.027906282804272875,0.15623766240431358,"XLE,XLF,XLU",False,True,False,False,True,True,-0.015041394415466591
2006-04,2006-03,0.19999999999999998,0.06884391187295957,2.0,0.04687437100338343,0.19109697933227343,"XLE,XLF,XLU",False,True,False,False,True,True,0.02038458179675806
2006-05,2006-04,0.3,0.09761399636642151,1.0,0.03523782117910401,0.2294048486177671,"XLB,XLE,XLK",False,True,False,False,True,True,-0.029476737774050354
2006-06,2006-05,0.7333333333333334,0.12039687628270422,1.0,-0.0016606297502714806,0.17229992132908056,"XLB,XLE,XLF",False,True,True,False,True,True,0.0035027892707826247
2006-07,2006-06,0.5499999999999999,0.0940293881464031,2.0,-0.015307834972754564,0.15400728715106604,"XLB,XLE,XLI",False,True,False,False,True,True,-0.02032742512963226
2006-08,2006-07,-0.09999999999999999,0.08715656873442516,2.0,-0.023236656403097022,0.19776535133535966,"XLB,XLE,XLI",False,False,False,False,True,True,-0.023972521076586983
2006-09,2006-08,-0.31666666666666665,0.07845213714799244,2.0,0.029075775955241134,0.22092905744556424,"XLB,XLE,XLF",False,False,False,False,True,True,-0.013402980457765779
2006-10,2006-09,-0.09999999999999999,0.056587815736185765,1.0,0.05411206310934902,0.24143570101993217,"XLB,XLF,XLP",False,False,False,False,True,True,-0.005131557019227628
2006-11,2006-10,-0.016666666666666666,0.02957330228393729,2.0,0.08248793128204435,0.26427262879278923,"XLB,XLF,XLI",False,False,False,False,True,True,-0.000598019881284495
2006-12,2006-11,-0.06666666666666667,0.03412331722644704,1.0,0.08043509562115125,0.23445767096738224,"XLB,XLE,XLU",False,False,False,False,True,True,-0.01892046457702079
2007-01,2006-12,0.8499999999999999,0.04681397830565771,1.0,0.06609603078707127,0.21438520446702536,"XLB,XLE,XLU",False,True,False,False,True,True,-0.00808675690241989
2007-02,2007-01,-0.049999999999999996,0.053533229886400115,1.0,0.04906629902996551,0.26092096138706244,"XLF,XLU,XLY",False,False,False,False,True,True,0.007416332218100674
2007-03,2007-02,0.6166666666666666,0.04037527113298049,0.0,0.008434051349598404,0.21087329677793032,"XLB,XLF,XLY",False,True,False,False,True,True,-0.010112114495196334
2007-04,2007-03,0.3666666666666667,0.0754702192414244,1.0,0.006660885358670265,0.24773069384866497,"XLB,XLU,XLY",False,True,False,False,True,True,-0.02388568956676429
2007-05,2007-04,0.25,0.07885372562411329,1.0,0.03567455713584722,0.3278780357456208,"XLB,XLP,XLU",False,True,False,False,True,True,-0.00868592664574841
2007-06,2007-05,-0.16666666666666669,0.06680365793711512,2.0,0.09223043310578594,0.33005812186077277,"XLB,XLU,XLV",False,False,False,False,True,True,-0.010986623283128716
2007-07,2007-06,-0.049999999999999996,0.05548202627730726,2.0,0.06393154606725959,0.3086292655619587,"XLB,XLK,XLU",False,False,False,False,True,True,0.0076150316769655335
2007-08,2007-07,0.5166666666666667,0.07954584929885028,1.0,-0.013095993998887612,0.2209410679749464,"XLB,XLI,XLK",False,True,False,False,True,True,-0.00433730732115345
2007-09,2007-08,0.65,0.10038647551250336,1.0,-0.033223104267886105,0.2483122352031153,"XLB,XLE,XLI",False,True,False,False,True,True,0.024794575576078115
2007-10,2007-09,0.8833333333333333,0.10627415834124435,2.0,0.019104505290079565,0.2863159128585542,"XLB,XLE,XLI",False,True,False,False,True,True,-0.0026900323212031285
2007-11,2007-10,0.6666666666666667,0.12334640694892605,3.0,0.06631657123819723,0.3353484807119189,"XLB,XLE,XLI",False,True,True,True,True,True,-0.008857515666954918
2007-12,2007-11,0.4666666666666666,0.11458379819981444,2.0,0.01202775328984984,0.22958404014446132,"XLB,XLE,XLK",False,True,False,False,True,True,0.03974067299770212
2008-01,2007-12,0.7,0.13453989114436143,2.0,-0.036663265984738014,0.2180689783744143,"XLB,XLE,XLU",False,True,True,True,True,True,-0.026517243858279693
2008-02,2008-01,0.13333333333333333,0.17780824227080805,2.0,-0.10702162545886307,0.11758560917735195,"XLB,XLE,XLU",False,True,True,True,True,True,0.04446969943091894
2008-03,2008-02,0.8666666666666667,0.12089910554217324,2.0,-0.09504743966810347,0.08250649294245394,"XLB,XLE,XLI",False,True,True,True,True,True,0.0028985121464040198
2008-04,2008-03,0.6166666666666666,0.15105479641003186,2.0,-0.09292566519631096,0.05540754354794486,"XLB,XLE,XLP",False,True,True,True,True,True,0.008930578311943105
2008-05,2008-04,0.8833333333333333,0.147846929159014,2.0,0.01146177272499882,0.0919182996453769,"XLB,XLE,XLP",False,True,True,True,True,True,0.019661702284541116
2008-06,2008-05,0.6166666666666666,0.14540796781140156,3.0,0.05398906916156143,0.14284785801081012,"XLB,XLE,XLP",False,True,True,True,True,True,0.04286756360908439
2008-07,2008-06,0.7333333333333334,0.1634760345468583,3.0,-0.02538347171313926,0.044608327915355295,"XLB,XLE,XLP",False,True,True,True,True,True,-0.040416468243958725
2008-08,2008-07,0.5833333333333334,0.19426326814852735,2.0,-0.07808222671661158,0.03060674217099213,"XLB,XLE,XLU",False,True,True,True,True,True,-0.013780838380544003
2008-09,2008-08,-0.11666666666666665,0.14012430855297078,2.0,-0.07777582458475851,0.024183007806934942,"XLB,XLE,XLP",False,False,True,True,True,True,-0.01473845135515539
2008-10,2008-09,-0.26666666666666666,0.11712946174655146,1.0,-0.08844042925541573,-0.09665892999845149,"XLE,XLP,XLU",False,False,False,False,True,True,0.01706154545205607
2008-11,2008-10,0.41666666666666663,0.10394948468531512,2.0,-0.2321179273982127,-0.2689207719125688,"XLE,XLP,XLV",False,True,False,False,True,True,0.040220683096903076
2008-12,2008-11,0.9166666666666666,0.08807629248772471,2.0,-0.2964404350255626,-0.33307076533589086,"XLE,XLP,XLV",False,True,False,False,True,True,-0.005768962015384238
2009-01,2008-12,0.7833333333333333,0.11492353737293641,2.0,-0.21568633883994515,-0.33542315004579226,"XLP,XLU,XLV",False,True,False,False,True,True,0.05869005968493313
2009-02,2009-01,0.9166666666666666,0.12998449847451915,2.0,-0.13763923203825923,-0.3990331734445074,"XLP,XLU,XLV",False,True,True,True,True,True,0.0024854803508459478
2009-03,2009-02,0.6666666666666667,0.15095264105157502,3.0,-0.17271411524376867,-0.45287335227277137,"XLP,XLU,XLV",False,True,True,True,True,True,-0.05031016595070459
2009-04,2009-03,0.38333333333333336,0.1419386448503856,3.0,-0.1124872823119909,-0.41408232425237823,"XLP,XLU,XLV",False,True,True,True,True,True,-0.09071124272490172
2009-05,2009-04,-0.31666666666666665,0.14273168771918984,2.0,0.06296871606760401,-0.3831952985409458,"XLK,XLP,XLV",True,False,True,True,True,True,-0.00697536655580544
2009-06,2009-05,-0.65,0.11340703356385923,2.0,0.26054762457058045,-0.3685588908462274,"XLP,XLV,XLY",True,False,False,False,True,True,0.005959804281610692
2009-07,2009-06,-0.5,0.10665896992576512,2.0,0.16284423323273378,-0.3596101244382348,"XLP,XLV,XLY",True,False,False,False,True,True,-0.004237579719585716
2009-08,2009-07,-0.06666666666666667,0.1052711377328588,2.0,0.13667520319510063,-0.2895898637563402,"XLK,XLP,XLV",True,False,False,False,True,True,-0.014350778545595189
2009-09,2009-08,-0.08333333333333334,0.09636125444369877,2.0,0.11357157017994113,-0.27268134923306164,"XLK,XLP,XLV",True,False,False,False,True,True,-0.008047164025758669
2009-10,2009-09,-0.39999999999999997,0.08175127445099706,2.0,0.1538115456949538,-0.2749622552605625,"XLK,XLV,XLY",True,False,False,False,True,True,0.007418704742920168
2009-11,2009-10,-0.3,0.09407827832582666,1.0,0.05306439374810501,-0.2984188376935357,"XLB,XLK,XLY",True,False,False,False,True,True,0.011628453348204948
2009-12,2009-11,0.16666666666666669,0.12712861688602822,2.0,0.0781151391270345,-0.22518602299960333,"XLB,XLK,XLY",True,True,True,True,True,True,0.01858875366030821
2010-01,2009-12,0.43333333333333335,0.1334966881750725,3.0,0.06108564920255577,-0.20139332498347928,"XLB,XLK,XLY",True,True,True,True,True,True,-0.030680832874409036
2010-02,2010-01,-0.35,0.19733121848980714,2.0,0.04256653411894229,-0.1808927722747511,"XLB,XLF,XLK",True,False,True,True,True,True,0.0059752410708346915
2010-03,2010-02,0.41666666666666663,0.21502988075439208,0.0,0.012699315972240832,-0.13293401344015532,"XLF,XLI,XLY",True,True,True,False,True,True,0.025815287625398975
2010-04,2010-03,0.7,0.16245312439926754,1.0,0.05421541102702565,-0.07184733174743141,"XLF,XLI,XLY",True,True,True,False,True,True,0.022194955504122094
2010-05,2010-04,0.7166666666666667,0.09659234906184853,3.0,0.11089708121326036,-0.10036755414970644,"XLF,XLI,XLY",True,True,False,False,True,True,-0.0063042590590979275
2010-06,2010-05,0.8333333333333333,0.1261635974377766,2.0,-0.008304424939279631,-0.18417986740500913,"XLI,XLK,XLY",False,True,True,True,True,True,-0.02628277263616685
2010-07,2010-06,-0.16666666666666669,0.11730270169967769,2.0,-0.11358027469895615,-0.155839441101992,"XLF,XLI,XLY",False,False,False,False,True,True,0.008865101052428548
2010-08,2010-07,-0.21666666666666667,0.06694430042379829,2.0,-0.06746400077313774,-0.09000600038326001,"XLF,XLI,XLY",False,False,False,False,True,True,-0.02443803727812144
2010-09,2010-08,-0.08333333333333334,0.07770240168096493,2.0,-0.03254018542453074,-0.1441634092362568,"XLI,XLP,XLY",False,False,False,False,True,True,0.01783411828059478
2010-10,2010-09,0.5499999999999999,0.06472879406831566,2.0,0.11161590316390302,0.029425099808080057,"XLI,XLU,XLY",False,True,False,False,True,True,-0.007612520726571592
2010-11,2010-10,0.41666666666666663,0.08320474900963402,2.0,0.08029691765537117,0.28022745672387916,"XLB,XLI,XLY",False,True,False,False,True,True,0.012078211927741389
2010-12,2010-11,0.41666666666666663,0.07598489098900449,2.0,0.13117749343582008,0.37600728882985646,"XLI,XLK,XLY",False,True,False,False,True,True,-0.007145525486165649
2011-01,2010-12,0.7166666666666667,0.07997850108613955,2.0,0.10760825926006268,0.4537547913555511,"XLE,XLI,XLY",False,True,False,False,True,True,0.017098821204672765
2011-02,2011-01,0.5,0.10470123452395144,2.0,0.09171020433605603,0.6207107631763953,"XLB,XLI,XLY",False,True,False,False,True,True,-0.001604241445064325
2011-03,2011-02,0.6333333333333333,0.09755732151349748,1.0,0.12963306418982667,0.8788950212615103,"XLB,XLE,XLI",False,True,False,False,True,True,0.014084501914307879
2011-04,2011-03,0.5666666666666667,0.1053600597841374,1.0,0.05897414747145646,0.7346103443099867,"XLE,XLI,XLY",False,True,False,False,True,True,-0.007389678136315192
2011-05,2011-04,0.3666666666666667,0.09440722954840876,2.0,0.06483262716746196,0.623552672571734,"XLB,XLE,XLI",False,True,False,False,True,True,-0.02115474431440667
2011-06,2011-05,-0.2333333333333333,0.11967622236595352,2.0,0.017544680728358353,0.5166897285478935,"XLB,XLE,XLI",False,False,True,True,True,True,0.0038400774360120016
2011-07,2011-06,-0.2833333333333333,0.1225533535498294,2.0,0.00025858494858987946,0.4920819477370495,"XLB,XLE,XLY",False,False,True,True,True,True,0.009429987628148395
2011-08,2011-07,-0.06666666666666667,0.10345136213369444,2.0,-0.04734140713332857,0.3607153566379291,"XLB,XLE,XLY",False,False,False,False,True,True,-0.02642048612625658
2011-09,2011-08,-0.11666666666666665,0.1220085467690198,3.0,-0.0895034783754367,0.2401005550127462,"XLB,XLE,XLY",False,False,True,True,True,True,-0.04921926100094576
2011-10,2011-09,0.2833333333333333,0.07929970650692232,2.0,-0.13817249133500298,0.11449505990834496,"XLE,XLP,XLY",False,True,False,False,True,True,0.0008395483585863506
2011-11,2011-10,0.7833333333333333,0.09239973002401775,0.0,-0.0245934792677025,0.26036986874203505,"XLP,XLU,XLV",False,True,False,False,True,True,0.009647526748237212
2011-12,2011-11,0.38333333333333336,0.07368008696243933,0.0,0.027954361649236814,0.18240318510060893,"XLE,XLU,XLV",False,True,False,False,True,True,0.006028750450964182
2012-01,2011-12,-0.4666666666666666,0.1062583964706673,2.0,0.11618163275526872,0.1723642823753886,"XLP,XLU,XLV",False,False,False,False,True,True,-0.0402653851535546
2012-02,2012-01,-0.5166666666666667,0.12666466639613322,2.0,0.05301043002963146,0.27299560656051836,"XLP,XLU,XLV",False,False,True,True,True,True,-0.01552053869548109
2012-03,2012-02,-0.5666666666666667,0.09715562546065827,3.0,0.1032002965016483,0.2880699372598776,"XLP,XLU,XLV",False,False,False,False,True,True,0.004053283739406277
2012-04,2012-03,-0.38333333333333336,0.09395769756020876,2.0,0.12690840435663442,0.25320418289966673,"XLK,XLP,XLU",False,False,False,False,True,True,0.0039438498384556375
2012-05,2012-04,0.7833333333333333,0.09223567564553513,1.0,0.06977568980605975,0.22587391411728075,"XLK,XLP,XLY",False,True,False,False,True,True,0.01138748988274263
2012-06,2012-05,0.7333333333333334,0.07996277596941505,1.0,-0.03629987416727609,0.25170787471012845,"XLK,XLU,XLY",False,True,False,False,True,True,-0.015274865693163608
2012-07,2012-06,0.7333333333333334,0.10354439953635394,1.0,-0.028440823895345635,0.37357279929144327,"XLK,XLP,XLU",False,True,False,False,True,True,0.00874842136692533
2012-08,2012-07,0.7999999999999999,0.10073622323720374,1.0,-0.010341308085460299,0.30096508371075226,"XLP,XLU,XLV",False,True,False,False,True,True,-0.030223918851486342
2012-09,2012-08,-0.03333333333333333,0.07130764055925881,1.0,0.07926810220857172,0.39636640417020863,"XLK,XLP,XLY",False,False,False,False,True,True,-0.0017119491112358443
2012-10,2012-09,0.6,0.0625814209735163,0.0,0.06347205385468513,0.3140836522973154,"XLF,XLK,XLY",False,True,False,False,True,True,-0.008180718565657386
2012-11,2012-10,0.33333333333333337,0.060384164608971426,2.0,0.03191194980666556,0.24269670145501898,"XLK,XLV,XLY",False,True,False,False,True,True,0.012455854459453075
2012-12,2012-11,0.5833333333333334,0.07533794088120711,1.0,0.012388991495930535,0.24972958167937942,"XLF,XLV,XLY",False,True,False,False,True,True,0.005886219912067947
2013-01,2012-12,0.38333333333333336,0.07502876682188554,2.0,-0.00382019708996717,0.1818831999567747,"XLF,XLV,XLY",False,True,False,False,True,True,0.009284680887150065
2013-02,2013-01,0.25,0.058374038760128144,3.0,0.06658453503565487,0.2140960836010828,"XLF,XLV,XLY",False,True,False,False,True,True,0.0004450500083248432
2013-03,2013-02,0.5166666666666667,0.06484515849124708,3.0,0.07411426033189517,0.18830831691631755,"XLF,XLV,XLY",False,True,False,False,True,True,0.009916612593985796
2013-04,2013-03,0.7999999999999999,0.053004858007302404,2.0,0.10502665558468816,0.23328075841923845,"XLP,XLV,XLY",False,True,False,False,True,True,0.00780369104812495
2013-05,2013-04,0.5333333333333333,0.06422386170853882,1.0,0.07141047499973308,0.2215959846070541,"XLF,XLP,XLV",False,True,False,False,True,True,0.007139675306008453
2013-06,2013-05,0.6,0.07318983475055883,1.0,0.08288991335047124,0.26461974074500505,"XLF,XLV,XLY",False,True,False,False,True,True,0.010053025238747626
2013-07,2013-06,0.8833333333333333,0.09923529575205328,2.0,0.029353708970900838,0.2691539387752777,"XLF,XLV,XLY",False,True,False,False,True,True,0.007205017259237723
2013-08,2013-07,0.8333333333333333,0.10919301181159372,3.0,0.06214163364797409,0.3619863028201684,"XLF,XLV,XLY",False,True,False,False,True,True,-0.00977446153319017
2013-09,2013-08,0.18333333333333335,0.10695565404881748,3.0,0.006521306053912879,0.39799184608096794,"XLF,XLV,XLY",False,True,False,False,True,True,0.00603685149891886
2013-10,2013-09,0.18333333333333335,0.08689122005857705,3.0,0.052418016139450296,0.5498234356553158,"XLF,XLV,XLY",False,True,False,False,True,True,-0.004380644911498477
2013-11,2013-10,0.48333333333333334,0.0927315006660591,2.0,0.047044235192117645,0.4620159661305654,"XLI,XLV,XLY",False,True,False,False,True,True,0.014862125289867967
2013-12,2013-11,0.7666666666666667,0.07929402552518813,2.0,0.11141026433058276,0.5114897559187779,"XLI,XLV,XLY",False,True,False,False,True,True,-0.0007145981927765277
2014-01,2013-12,0.2333333333333333,0.09627788946309801,3.0,0.10524755370416483,0.5346414155759509,"XLI,XLV,XLY",False,True,False,False,True,True,0.00022141120443486262
2014-02,2014-01,0.43333333333333335,0.08748886226697389,3.0,0.019098489195783497,0.4149321030199542,"XLI,XLV,XLY",False,True,False,False,True,True,0.007159792451757907
2014-03,2014-02,0.16666666666666669,0.0795062694393015,3.0,0.03481417901666117,0.41779424445690116,"XLI,XLV,XLY",False,True,False,False,True,True,-0.020676877732190624
2014-04,2014-03,-0.21666666666666667,0.08638475960755441,3.0,0.017031144896452854,0.38500885240960603,"XLI,XLV,XLY",False,False,False,False,True,True,-0.014378407330220888
2014-05,2014-04,-0.5166666666666667,0.07997121802449834,2.0,0.06151723626383809,0.4040091112661346,"XLB,XLI,XLV",False,False,False,False,True,True,0.008658028771276083
2014-06,2014-05,-0.03333333333333333,0.0405346580739588,2.0,0.03886631986620959,0.5283786414303062,"XLB,XLI,XLV",False,False,False,False,True,True,-0.008354842533415674
2014-07,2014-06,0.21666666666666667,0.057581503509755695,3.0,0.05158997444770974,0.4990969768354927,"XLB,XLI,XLV",False,True,False,False,True,True,0.0030644832335409156
2014-08,2014-07,0.48333333333333334,0.05341515552163346,1.0,0.03029694112775716,0.46166178751443065,"XLB,XLE,XLK",False,True,False,False,True,True,-0.005631965749798518
2014-09,2014-08,0.6,0.04968579899305283,1.0,0.04666655089717775,0.4822107665530042,"XLB,XLK,XLV",False,True,False,False,True,True,0.007219567033748486
2014-10,2014-09,0.39999999999999997,0.046263945180025114,2.0,0.011347591080292707,0.42562102203156615,"XLB,XLK,XLV",False,True,False,False,True,True,-0.008901462448883457
2014-11,2014-10,0.3,0.056969946791984465,3.0,0.04926528043746492,0.48624208263931545,"XLB,XLK,XLV",False,True,False,False,True,True,0.012102039768708606
2014-12,2014-11,0.7,0.07339138589545012,2.0,0.0371606802678226,0.5184783120437395,"XLK,XLU,XLV",False,True,False,False,True,True,-0.0055654016758774905
2015-01,2014-12,0.5666666666666667,0.10648365871347945,2.0,0.049002016429148254,0.5012142611266692,"XLK,XLU,XLV",False,True,False,False,True,True,0.023448841522919595
2015-02,2015-01,0.7333333333333334,0.08556945518745218,2.0,-0.005500211177231318,0.38579492648925484,"XLP,XLU,XLV",False,True,False,False,True,True,-0.04106587503969927
2015-03,2015-02,-0.19999999999999998,0.10298374614525106,2.0,0.022310393914775295,0.44524304225959077,"XLP,XLU,XLV",False,False,False,False,True,True,0.0096943463801763
2015-04,2015-03,0.6666666666666667,0.09955579832671929,1.0,0.008813362939457559,0.3705054078162031,"XLK,XLV,XLY",False,True,False,False,True,True,-0.003902505603727846
2015-05,2015-04,-0.049999999999999996,0.11757662760607214,1.0,0.049839742994558955,0.3578946850123017,"XLK,XLV,XLY",False,False,False,False,True,True,0.01827691242358931
2015-06,2015-05,0.5833333333333334,0.09317564153919092,3.0,0.006752562121479233,0.34362885621613604,"XLK,XLV,XLY",False,True,False,False,True,True,0.011610146119072073
2015-07,2015-06,0.8166666666666667,0.1243177484749813,3.0,0.0020410159084565116,0.3341406546532435,"XLK,XLV,XLY",False,True,True,True,True,True,0.02088698380112164
2015-08,2015-07,0.9666666666666667,0.12418181992608703,2.0,0.014697907063457416,0.29724026555881866,"XLP,XLV,XLY",False,True,True,True,True,True,-0.013336411730191289
2015-09,2015-08,0.7666666666666667,0.15051388430865306,2.0,-0.05924269852784769,0.2558389468273219,"XLP,XLV,XLY",False,True,True,True,True,True,0.007050793237380004
2015-10,2015-09,0.6333333333333333,0.12018198466416809,3.0,-0.06423970349370323,0.18625473474790866,"XLP,XLV,XLY",False,True,True,True,True,True,-0.006817416924057573
2015-11,2015-10,0.3,0.11369719765818018,3.0,-0.007073544519898722,0.230190793754804,"XLP,XLV,XLY",False,True,False,False,True,True,-0.006024960693462811
2015-12,2015-11,0.31666666666666665,0.07554150001333292,2.0,0.06123847676046146,0.19914729399248365,"XLK,XLV,XLY",False,True,False,False,True,True,0.008803840120570894
2016-01,2015-12,0.3666666666666667,0.07838656602948575,2.0,0.07020465614932347,0.14864342947571152,"XLK,XLV,XLY",False,True,False,False,True,True,-0.010859104806378528
2016-02,2016-01,0.2333333333333333,0.09954701661582975,2.0,-0.0627956401399331,0.13133341633795959,"XLK,XLP,XLY",False,True,False,False,True,True,-0.00956124153175586
2016-03,2016-02,0.7333333333333334,0.10451126507383923,1.0,-0.06698015053102879,0.08118757011540456,"XLP,XLU,XLY",False,True,False,False,True,True,0.00693359888624645
2016-04,2016-03,0.65,0.10339021313653683,1.0,0.013292568128683513,0.1444210497959566,"XLK,XLP,XLU",False,True,False,False,True,True,-0.045883645247287275
2016-05,2016-04,-0.65,0.12023044728683893,2.0,0.07058713558787355,0.14099984457629677,"XLP,XLU,XLY",False,False,True,True,True,True,-0.005494355692470476
2016-06,2016-05,-0.8333333333333333,0.07830461523822799,2.0,0.08969951521528086,0.1340916039739113,"XLP,XLU,XLY",False,False,False,False,True,True,0.027498843939157247
2016-07,2016-06,-0.26666666666666666,0.09245309467204607,2.0,0.024568814348259194,0.11501454615944295,"XLK,XLP,XLU",False,False,False,False,True,True,-0.007883585222812295
2016-08,2016-07,0.5499999999999999,0.09353552941764177,2.0,0.05776734117320981,0.17142187237344952,"XLI,XLP,XLU",False,True,False,False,True,True,-0.013260053468499344
2016-09,2016-08,0.016666666666666666,0.07588154012780841,2.0,0.04131959399992802,0.12829803111273264,"XLK,XLP,XLU",False,True,False,False,True,True,0.0019356691206806609
2016-10,2016-09,0.26666666666666666,0.049126025822023224,0.0,0.03777247327184807,0.14414807876880165,"XLB,XLI,XLK",False,True,False,False,True,True,-0.007620691683213554
2016-11,2016-10,0.016666666666666666,0.05193874622727105,1.0,-0.016103447155012218,0.09844284724157482,"XLI,XLK,XLU",False,True,False,False,True,True,-0.023107190914985365
2016-12,2016-11,-0.26666666666666666,0.07039305397226223,1.0,0.01892201076971478,0.10845669381915446,"XLK,XLP,XLU",False,False,False,False,True,True,0.019164487240507677
2017-01,2016-12,0.9,0.09261069684755881,0.0,0.039517069400704985,0.1338028327636902,"XLE,XLF,XLI",False,True,False,False,True,True,-0.028937342586889292
2017-02,2017-01,0.8499999999999999,0.11970396429093291,0.0,0.07678692764107642,0.18933046740079118,"XLB,XLE,XLF",False,True,True,False,True,True,-0.023974275140819845
2017-03,2017-02,-0.5333333333333333,0.1137594410947531,2.0,0.07933455747266027,0.17028607184506672,"XLB,XLE,XLF",False,False,False,False,True,True,-0.01117872693086075
2017-04,2017-03,-0.3666666666666667,0.09203698043737324,1.0,0.0592114359821172,0.19044510186994135,"XLF,XLI,XLK",False,False,False,False,True,True,0.0008819836844959905
2017-05,2017-04,0.19999999999999998,0.08543038768812282,1.0,0.050919771194848806,0.19055399742318557,"XLF,XLI,XLK",False,True,False,False,True,True,0.004348296830680276
2017-06,2017-05,0.41666666666666663,0.0789741139863121,3.0,0.025459058462456996,0.19203118871344116,"XLF,XLI,XLK",False,True,False,False,True,True,0.011000764853041023
2017-07,2017-06,0.6,0.11493383690591832,3.0,0.03070851993714574,0.22450267956585046,"XLF,XLI,XLK",False,True,False,False,True,True,0.0034511862517141445
2017-08,2017-07,0.5833333333333334,0.10155498361179172,3.0,0.041555018636378005,0.22206568313752428,"XLF,XLI,XLK",False,True,False,False,True,True,0.006473920706895342
2017-09,2017-08,0.5166666666666667,0.08811633842919005,3.0,0.030057013281123313,0.3051826268716562,"XLF,XLI,XLK",False,True,False,False,True,True,0.009144957043585311
2017-10,2017-09,0.41666666666666663,0.11234196073349265,3.0,0.044155268660452496,0.3663444892149481,"XLF,XLI,XLK",False,True,False,False,True,True,0.015192611616644536
2017-11,2017-10,0.7333333333333334,0.10487025687662058,3.0,0.047234959690024336,0.2889070478037383,"XLF,XLI,XLK",False,True,False,False,True,True,-0.0009378369696737554
2017-12,2017-11,-0.016666666666666666,0.11064348111411444,1.0,0.07610496774933595,0.3234664397809415,"XLB,XLK,XLU",False,False,False,False,True,True,-0.02256162200788847
2018-01,2017-12,0.33333333333333337,0.10709844562185414,1.0,0.06764351716369865,0.3630746490782839,"XLB,XLK,XLV",False,True,False,False,True,True,0.00613591219109888
2018-02,2018-01,0.16666666666666669,0.07903983194930707,1.0,0.10185087757472777,0.5153401142381018,"XLF,XLI,XLK",False,True,False,False,True,True,0.015994970860471858
2018-03,2018-02,0.9500000000000001,0.10161722835833227,1.0,0.030294817757793746,0.46144866602648626,"XLI,XLK,XLY",False,True,False,False,True,True,-0.014461635081282842
2018-04,2018-03,0.7,0.11629404406134486,2.0,-0.009953068049206593,0.33180476871757536,"XLF,XLI,XLK",False,True,False,False,True,True,-0.02162738060828462
2018-05,2018-04,0.0,0.08206429402948863,2.0,-0.05793054631589967,0.33343245599714866,"XLF,XLI,XLK",False,True,False,False,True,True,0.01471740716865777
2018-06,2018-05,0.25,0.0931621996833589,2.0,0.0013810348274649886,0.3430004850866606,"XLE,XLF,XLK",False,True,False,False,True,True,-0.012290599862572749
2018-07,2018-06,0.48333333333333334,0.11066659116899995,1.0,0.03552416774834666,0.34604528794566036,"XLE,XLK,XLY",False,True,False,False,True,True,-0.017585080249675755
2018-08,2018-07,0.26666666666666666,0.092292919143285,2.0,0.06836501556374763,0.34679199399797156,"XLE,XLK,XLY",False,True,False,False,True,True,0.01052370950628867
2018-09,2018-08,-0.16666666666666669,0.09885461214819125,3.0,0.07630354418078289,0.38811964190830683,"XLE,XLK,XLY",False,False,False,False,True,True,0.004924606960568179
2018-10,2018-09,0.43333333333333335,0.10485918206330778,2.0,0.076511228012075,0.3962914831589204,"XLK,XLV,XLY",False,True,False,False,True,True,-0.017417974372763156
2018-11,2018-10,-0.11666666666666665,0.1028433893921464,2.0,-0.03367894914451719,0.3227340325166388,"XLK,XLV,XLY",False,False,False,False,True,True,0.0033082519793135035
2018-12,2018-11,-0.03333333333333333,0.07007208881768494,3.0,-0.04619982805723599,0.2994014646215195,"XLK,XLV,XLY",False,False,False,False,True,True,0.0027049162957326622
2019-01,2018-12,0.3666666666666667,0.0861938273634606,2.0,-0.13532087838702855,0.16144710723180133,"XLU,XLV,XLY",False,True,False,False,True,True,-0.008148725276063917
2019-02,2019-01,0.5333333333333333,0.09504974675133131,2.0,0.0032381142674549057,0.23238605744080076,"XLU,XLV,XLY",False,True,False,False,True,True,-0.010955910161417837
2019-03,2019-02,-0.09999999999999999,0.08186712247118796,3.0,0.01689609469245501,0.2242323435889335,"XLU,XLV,XLY",False,False,False,False,True,True,0.0062381447187003225
2019-04,2019-03,0.016666666666666666,0.06792502466464419,3.0,0.13525987230405856,0.24483578051753052,"XLU,XLV,XLY",False,True,False,False,True,True,-0.020181322249678724
2019-05,2019-04,0.2333333333333333,0.09163327574690133,1.0,0.09404273498426075,0.28295522626438596,"XLK,XLP,XLU",False,True,False,False,True,True,0.01941266579433476
2019-06,2019-05,0.8333333333333333,0.0961906733162645,1.0,-0.007885505184120234,0.1844243249633961,"XLP,XLU,XLY",False,True,False,False,True,True,-0.023689684635980646
2019-07,2019-06,-0.19999999999999998,0.10435449773195148,2.0,0.04228655100246814,0.2588191201904533,"XLP,XLU,XLV",False,False,False,False,True,True,-0.00411388830159054
2019-08,2019-07,0.6666666666666667,0.091512908986794,2.0,0.016518246791454416,0.2521157058237977,"XLK,XLP,XLU",False,True,False,False,True,True,0.03691366117334127
2019-09,2019-08,0.8499999999999999,0.08361497265412382,2.0,0.06757926395404601,0.2275697682265978,"XLK,XLP,XLU",False,True,False,False,True,True,-0.0007198776036059229
2019-10,2019-09,0.9166666666666666,0.12372900715655576,3.0,0.01754418020727644,0.22673716077371564,"XLK,XLP,XLU",False,True,True,True,True,True,-0.0013617286074798507
2019-11,2019-10,0.48333333333333334,0.09543127062856226,2.0,0.024545966883570358,0.22498784499427282,"XLK,XLU,XLY",False,True,False,False,True,True,-0.014921107812376988
2019-12,2019-11,-0.2833333333333333,0.09906885375150126,2.0,0.07971039176361416,0.2316826658102069,"XLK,XLU,XLY",False,False,False,False,True,True,0.003955890611148982
2020-01,2019-12,0.016666666666666666,0.10340880155794946,1.0,0.08987583229096896,0.2522823982038158,"XLF,XLI,XLK",False,True,False,False,True,True,0.005760376356782726
2020-02,2020-01,0.6833333333333333,0.10243266692478342,1.0,0.06587518271728543,0.18499169868036192,"XLK,XLP,XLU",False,True,False,False,True,True,0.00979762861875988
2020-03,2020-02,0.8666666666666667,0.13445809447220639,1.0,-0.05279308351114309,0.1323538853799462,"XLK,XLP,XLU",False,True,True,False,True,True,0.065436253379349
2020-04,2020-03,0.7166666666666667,0.12905935570202828,3.0,-0.19447699957715114,0.01888328949237561,"XLK,XLP,XLU",False,True,True,True,True,True,-0.053062376073399475
2020-05,2020-04,0.8666666666666667,0.17648070340507346,2.0,-0.09182196163425982,0.14236103524919996,"XLK,XLU,XLV",False,True,True,True,True,True,0.007744742297271401
2020-06,2020-05,0.9,0.16976774667951683,1.0,0.03324605538569747,0.1683866027791161,"XLK,XLP,XLV",False,True,True,False,True,True,0.009698196462891495
2020-07,2020-06,-0.049999999999999996,0.1758262991005892,2.0,0.2016177640245569,0.1823077608936554,"XLK,XLV,XLY",False,False,True,True,True,True,0.009444818930140375
2020-08,2020-07,0.6666666666666667,0.18410386350843166,2.0,0.12901674348839776,0.2072135619533768,"XLK,XLV,XLY",False,True,True,True,True,True,0.033483983383917115
2020-09,2020-08,0.5833333333333334,0.20181644293731152,3.0,0.15288921557899537,0.2515245548097613,"XLK,XLV,XLY",False,True,True,True,True,True,-0.0007791920656057272
2020-10,2020-09,0.6666666666666667,0.25312690124596327,3.0,0.09038329357974106,0.19754313452794992,"XLK,XLV,XLY",False,True,True,True,True,True,-0.020209608454727856
2020-11,2020-10,0.31666666666666665,0.23969307393865613,3.0,0.0040646758697984176,0.25436623026607297,"XLK,XLV,XLY",False,True,True,True,True,True,-0.025100784240253526
2020-12,2020-11,-0.39999999999999997,0.21604860923453756,2.0,0.040649462426948446,0.3654834560619675,"XLB,XLK,XLY",False,False,True,True,True,True,0.002248098897769779
2021-01,2020-12,-0.2333333333333333,0.206976572247761,2.0,0.12118523477705168,0.5527929920833006,"XLB,XLK,XLY",False,False,True,True,True,True,0.0019707885322602925
2021-02,2021-01,0.0,0.1952536538292312,3.0,0.13813755480794532,0.4230333694918724,"XLB,XLK,XLY",False,True,True,True,True,True,-0.023883977516602206
2021-03,2021-02,-0.06666666666666667,0.1827204796535919,3.0,0.05502211469225826,0.4166789025062414,"XLB,XLK,XLY",False,False,True,True,True,True,-0.014804130912677405
2021-04,2021-03,0.6,0.23609620242463386,2.0,0.06351781943529189,0.45466518923389776,"XLB,XLE,XLY",False,True,True,True,True,True,-0.002094101534359183
2021-05,2021-04,0.6166666666666666,0.16266050227402507,1.0,0.13131787064633382,0.47151754675779034,"XLB,XLF,XLI",False,True,True,False,True,True,0.02769867465127951
2021-06,2021-05,0.39999999999999997,0.16172593815804676,1.0,0.10793930185701384,0.5820696526459044,"XLB,XLF,XLI",False,True,True,False,True,True,-0.03953823178016069
2021-07,2021-06,0.2833333333333333,0.16850143732354222,3.0,0.08359320525552372,0.5123147405668287,"XLB,XLF,XLI",False,True,True,True,True,True,-0.003385263404955152
2021-08,2021-07,-0.03333333333333333,0.17355019597414173,2.0,0.05426452550461591,0.5261592726948774,"XLE,XLF,XLI",False,False,True,True,True,True,-0.00875225869782037
2021-09,2021-08,-0.5666666666666667,0.12899891497972177,1.0,0.07855749627768516,0.5983385413227018,"XLB,XLE,XLF",False,False,True,False,True,True,0.03227689419492685
2021-10,2021-09,-0.16666666666666669,0.17827409916483808,2.0,0.005734753046981789,0.4947630989579841,"XLE,XLF,XLI",False,False,True,True,True,True,0.008997613136758398
2021-11,2021-10,0.48333333333333334,0.25458986880308837,2.0,0.050651612622459874,0.5650461304854382,"XLE,XLF,XLK",False,True,True,True,True,True,-0.003184301663314626
2021-12,2021-11,0.65,0.174661045291778,2.0,0.01209020926970883,0.498237676613283,"XLE,XLF,XLK",False,True,True,True,True,True,-0.0255807452766339
2022-01,2021-12,-0.06666666666666667,0.13547904836684624,3.0,0.1106598247604218,0.5232683140218453,"XLE,XLF,XLK",False,False,True,True,True,True,0.06271167718179482
2022-02,2022-01,0.0,0.0885632058530782,3.0,-0.016895523715693694,0.4435122249016361,"XLE,XLF,XLK",False,True,False,False,True,True,0.01373283820786142
2022-03,2022-02,0.5666666666666667,0.089010001152336,2.0,-0.038185935982376185,0.5213424263722599,"XLE,XLK,XLP",False,True,False,False,True,True,-0.012036636399633371
2022-04,2022-03,0.33333333333333337,0.1373419335398252,2.0,-0.0461446760748041,0.8037692161906893,"XLE,XLF,XLK",False,True,True,True,True,True,-0.013536153560456565
2022-05,2022-04,0.5499999999999999,0.17980112927220215,2.0,-0.08141656132927255,0.46005118742959317,"XLE,XLK,XLU",False,True,True,True,True,True,0.05210414052855694
2022-06,2022-05,0.7,0.18118565595150193,1.0,-0.051341414493738746,0.39679657788214895,"XLE,XLP,XLU",False,True,True,False,True,True,0.01031166333789324
2022-07,2022-06,0.8333333333333333,0.23979882595980873,2.0,-0.16110268665598604,0.2592832718176119,"XLE,XLP,XLU",False,True,True,True,True,True,-0.023717522034022442
2022-08,2022-07,0.33333333333333337,0.22419219252873382,3.0,0.004295121771037191,0.29876044224194387,"XLE,XLP,XLU",False,True,True,True,True,True,0.030378080483738468
2022-09,2022-08,-0.18333333333333335,0.2549851666882084,3.0,-0.03885146472072332,0.16449088669833611,"XLE,XLP,XLU",False,False,True,True,True,True,-0.00860108563803419
2022-10,2022-09,-0.26666666666666666,0.227743982552753,3.0,-0.04931142330489091,0.09794989375696428,"XLE,XLP,XLU",False,False,True,True,True,True,0.02053302009391289
2022-11,2022-10,0.5,0.1858840770909664,3.0,-0.058723446457515704,0.21754383191679527,"XLE,XLP,XLU",False,True,True,True,True,True,-0.011191356627837878
2022-12,2022-11,0.4666666666666666,0.29378679039401184,3.0,0.03586866764991514,0.15914115833154585,"XLE,XLP,XLU",False,True,True,True,True,True,0.025144170804633714
2023-01,2022-12,0.48333333333333334,0.2774908913871456,3.0,0.07560919246059705,0.053318365203910645,"XLE,XLP,XLU",False,True,True,True,True,True,-0.04684255299408324
2023-02,2023-01,-0.5499999999999999,0.19363190651870707,2.0,0.05731748147897853,0.1310850542751496,"XLE,XLU,XLV",False,False,True,True,True,True,-0.02696602039620788
2023-03,2023-02,-0.7999999999999999,0.13544800262978055,2.0,-0.0235486046236415,0.07281637581706701,"XLE,XLU,XLV",False,False,True,True,True,True,0.006945202990477961
2023-04,2023-03,-0.4666666666666666,0.09336546068259176,1.0,0.07458228074732864,0.06427671502003784,"XLE,XLI,XLP",False,False,False,False,True,True,0.0022431677176517617
2023-05,2023-04,0.2333333333333333,0.07293206431022685,1.0,0.027153708182036995,0.026942327980952863,"XLE,XLI,XLK",False,True,False,False,True,True,0.017633808179775112
2023-06,2023-05,0.6166666666666666,0.054512935692879266,1.0,0.05850888299410317,0.02495295700816258,"XLI,XLK,XLP",False,True,False,False,True,True,0.0014584722731727506
2023-07,2023-06,0.7833333333333333,0.10208126536102101,2.0,0.08680385217723385,0.06743012788969582,"XLI,XLK,XLY",False,True,False,False,True,True,-0.00867739450761773
2023-08,2023-07,0.7333333333333334,0.0858192277643506,2.0,0.10473027392168954,0.07610021189810823,"XLB,XLI,XLK",False,True,False,False,True,True,-0.002573494053224934
2023-09,2023-08,0.5833333333333334,0.10903206202690292,2.0,0.08178259162550283,0.028017764424352443,"XLB,XLI,XLK",False,True,False,False,True,True,-0.016479720513212892
2023-10,2023-09,0.26666666666666666,0.1454797547033972,2.0,-0.03224193443010026,0.027123814274027103,"XLE,XLI,XLK",False,True,True,True,True,True,-0.0017949163842838622
2023-11,2023-10,-0.2333333333333333,0.11239135652035594,2.0,-0.0832583935141008,-0.06105332619921622,"XLI,XLK,XLY",False,False,False,False,True,True,0.030091566534854897
2023-12,2023-11,0.09999999999999999,0.10744961159976303,2.0,0.017008723129058545,0.033013682353078444,"XLI,XLK,XLY",False,True,False,False,True,True,0.01770706987366566
2024-01,2023-12,0.7333333333333334,0.18919360564863333,3.0,0.116396304099039,0.03242883603445268,"XLI,XLK,XLY",False,True,True,True,True,True,-0.00553582423362764
2024-02,2024-01,0.8666666666666667,0.15110659470054327,3.0,0.15934417079973762,0.10727026396728312,"XLI,XLK,XLY",False,True,True,True,True,True,0.021457190449413188
2024-03,2024-02,0.7333333333333334,0.14319452577754208,3.0,0.11774752380513931,0.20049033249094284,"XLI,XLK,XLY",False,True,True,True,True,True,-0.02651250984953557
2024-04,2024-03,0.13333333333333333,0.1369000946960179,2.0,0.1039011578485316,0.19483464515843352,"XLF,XLK,XLY",False,True,True,True,True,True,-0.018169306040358157
2024-05,2024-04,-0.38333333333333336,0.13352808442933625,1.0,0.042784271002294094,0.2569832705502664,"XLF,XLI,XLK",False,False,True,False,True,True,0.0060825962163617575
2024-06,2024-05,-0.06666666666666667,0.08675934508016112,1.0,0.041191782175533875,0.31758747337294224,"XLE,XLF,XLI",False,False,False,False,True,True,-0.002981382316991854
2024-07,2024-06,-0.08333333333333334,0.06858139525446422,1.0,0.04379082262394385,0.4866628100143606,"XLE,XLF,XLK",False,False,False,False,True,True,-0.020564075662754755
2024-08,2024-07,0.4666666666666666,0.07857753379448004,1.0,0.10081493954861487,0.37778819491256477,"XLF,XLI,XLK",False,True,False,False,True,True,-0.002793053691384273
2024-09,2024-08,0.39999999999999997,0.07289245790276459,2.0,0.07229925871874987,0.46995809610674955,"XLF,XLI,XLK",False,True,False,False,True,True,-0.0021220852022760806
2024-10,2024-09,0.39999999999999997,0.10938375451039732,2.0,0.057513176276096756,0.6537124236152843,"XLF,XLK,XLU",False,True,False,False,True,True,0.0117211388847005
2024-11,2024-10,0.7833333333333333,0.1117932917004827,1.0,0.03553687854185861,0.5157612088413539,"XLF,XLI,XLU",False,True,False,False,True,True,0.015307255013493393
2024-12,2024-11,0.7166666666666667,0.08129052566439013,2.0,0.07223605275544664,0.5215655380920254,"XLF,XLI,XLU",False,True,False,False,True,True,-0.013373684245695294
2025-01,2024-12,0.5499999999999999,0.09630729882348184,3.0,0.024910436354905974,0.5757648164160329,"XLF,XLI,XLU",False,True,False,False,True,True,0.012272338932123095
2025-02,2025-01,0.5,0.11455136454682034,2.0,0.06191209214046678,0.5223480029995957,"XLF,XLU,XLY",False,True,False,False,True,True,-0.015371259995473396
2025-03,2025-02,0.2333333333333333,0.11100654413360433,2.0,-0.010571953306567128,0.541786539912896,"XLF,XLU,XLY",False,True,False,False,True,True,-0.012183218173043797
2025-04,2025-03,-0.19999999999999998,0.10274385659440509,3.0,-0.04266858766490611,0.4038284310424227,"XLF,XLU,XLY",False,False,False,False,True,True,0.015218368902920831
2025-05,2025-04,0.2333333333333333,0.08575882928793153,3.0,-0.07578992585811961,0.36977489300233346,"XLF,XLU,XLY",False,True,False,False,True,True,0.016766279058832545
2025-06,2025-05,0.45,0.0975012030046403,3.0,-0.005077779686367467,0.4491684596928949,"XLF,XLU,XLY",False,True,False,False,True,True,-0.011420413837777144
2025-07,2025-06,0.5833333333333334,0.13031893598562452,2.0,0.10777181348304277,0.43091282181185475,"XLF,XLI,XLU",False,True,True,True,True,True,0.013534132431537227
2025-08,2025-07,0.6,0.11482413937597315,1.0,0.1431971451000611,0.41747065693341545,"XLF,XLI,XLY",False,True,False,False,True,True,0.010781436947328249
2025-09,2025-08,0.39999999999999997,0.13122743294285746,1.0,0.09767228129276773,0.4704544715758445,"XLI,XLK,XLY",False,True,True,False,True,True,0.028464000657645094
2025-10,2025-09,0.5,0.10261408732618188,1.0,0.0812122094469887,0.5986644479022165,"XLF,XLK,XLY",False,True,False,False,True,True,0.012864401193728447
2025-11,2025-10,0.39999999999999997,0.11385765317090818,2.0,0.0820639872011113,0.6730929849048386,"XLF,XLK,XLY",False,True,False,False,True,True,-0.03334291766125319
2025-12,2025-11,0.7,0.11566420470625796,1.0,0.06237442802381432,0.5360470295368434,"XLI,XLK,XLU",False,True,False,False,True,True,-0.0010049043716438
