hypothesis,sample,months,true_months,true_mean,false_mean,true_minus_false_mean
H1_recovery,2010-2017,96,5,0.0034000784533697592,-0.0019784411862644215,0.005378519639634181
H1_recovery,2018-2025,96,0,,0.0007209463350429587,
H1_recovery,without_2022,180,5,0.0034000784533697592,-0.001466629349510545,0.004866707802880304
H2_agreement,2010-2017,96,71,-0.0010384059166906002,-0.003572437423927237,0.0025340315072366368
H2_agreement,2018-2025,96,72,-0.0008875268584040727,0.005546365915384053,-0.006433892773788126
H2_agreement,without_2022,180,134,-0.0015583431241108908,-0.0006704731579703734,-0.0008878699661405174
H3_dispersion,2010-2017,96,15,-0.005075502559434941,-0.0010729039171813509,-0.00400259864225359
H3_dispersion,2018-2025,96,44,0.0016377725240020937,-5.482967099938622e-05,0.0016926021950014799
H3_dispersion,without_2022,180,49,-0.0030246363654206324,-0.0006981111602434012,-0.0023265252051772314
H4_joint,2010-2017,96,12,-0.008347375531685445,-0.000748443444083193,-0.007598932087602252
H4_joint,2018-2025,96,36,-0.001899112668447059,0.0022929817371369694,-0.0041920944055840285
H4_joint,without_2022,180,39,-0.007752859837861672,0.0004446935445326856,-0.008197553382394357
