hypothesis,removed_year,true_months,difference,favorite_mean
H1_recovery,2010,0,,-0.00046736597177598604
H1_recovery,2011,5,0.00377726761053478,-0.00037718915716502036
H1_recovery,2012,5,0.0036636501271663895,-0.00026357167379663046
H1_recovery,2013,5,0.004364103163534556,-0.0009640247101647966
H1_recovery,2014,5,0.003890042252107008,-0.0004899637987372487
H1_recovery,2015,5,0.004196946987081927,-0.0007968685337121676
H1_recovery,2016,5,0.0036440214842562027,-0.00024394303088644368
H1_recovery,2017,5,0.0038213996941518324,-0.0004213212407820732
H1_recovery,2018,5,0.0038901036223611346,-0.0004900251689913754
H1_recovery,2019,5,0.003932966552999869,-0.0005328880996301099
H1_recovery,2020,5,0.004287446666391664,-0.0008873682130219056
H1_recovery,2021,5,0.00374606850773913,-0.0003459900543693704
H1_recovery,2022,5,0.004866707802880304,-0.001466629349510545
H1_recovery,2023,5,0.0038776355305520788,-0.0004775570771823195
H1_recovery,2024,5,0.003819184505411379,-0.0004191060520416201
H1_recovery,2025,5,0.004242395846917544,-0.0008423173935477855
H2_agreement,2010,135,-0.0016769449474139005,-0.0008866022086294612
H2_agreement,2011,135,-0.003508843140543281,-0.0011494758420082078
H2_agreement,2012,136,-0.0030207135802327845,-0.0009002002676544669
H2_agreement,2013,131,-0.0023863257540698056,-0.0014924105220078393
H2_agreement,2014,134,-0.002203125029034918,-0.000944927910265422
H2_agreement,2015,133,-0.0013765367165812538,-0.0010397157045116637
H2_agreement,2016,135,-0.0005018923152955231,-0.0002681932907032077
H2_agreement,2017,134,-0.0026619818359138172,-0.000995455496233609
H2_agreement,2018,134,-0.0014727802353149723,-0.0007583439062840591
H2_agreement,2019,134,-0.001670609513213385,-0.0008505725709790896
H2_agreement,2020,133,-0.0019643564634979995,-0.0012811877710910593
H2_agreement,2021,136,-0.0010455273028189755,-0.0004975059365101441
H2_agreement,2022,134,-0.0008878699661405174,-0.0015583431241108908
H2_agreement,2023,135,-0.00142610232842293,-0.0007263705612171609
H2_agreement,2024,134,-0.002209512189950651,-0.0008776707087675815
H2_agreement,2025,132,-0.0017999484250715671,-0.001204459311152494
H3_dispersion,2010,54,0.000638765514568555,-2.023011157799755e-05
H3_dispersion,2011,56,0.0012215709276378562,0.0005692615821670244
H3_dispersion,2012,58,0.000529992676988045,0.0001974136441387775
H3_dispersion,2013,59,0.001151118289442455,-6.899232771918636e-05
H3_dispersion,2014,59,0.0004654930043199684,-6.899232771918636e-05
H3_dispersion,2015,55,0.0006692405574923155,-0.00021553628581245048
H3_dispersion,2016,58,0.0002467897846646551,2.4548419948939324e-05
H3_dispersion,2017,58,0.0009713197918924005,0.0003431677207825491
H3_dispersion,2018,59,0.00046558176295197,-6.899232771918636e-05
H3_dispersion,2019,58,0.0005561339865371677,-4.67037711715887e-05
H3_dispersion,2020,49,0.00013097380154011948,-0.000672952650056828
H3_dispersion,2021,47,0.0016580192751723156,0.000983159424167372
H3_dispersion,2022,49,-0.0023265252051772314,-0.0030246363654206324
H3_dispersion,2023,55,0.0022236012209400505,0.0011743225354302732
H3_dispersion,2024,54,0.0009394247665197048,0.0003445797430058227
H3_dispersion,2025,57,-0.00012256009627753495,-0.0008082224635897248
H4_joint,2010,45,-0.0028597549414713748,-0.0026121821778795173
H4_joint,2011,45,-0.003565494487356346,-0.002946385922389647
H4_joint,2012,47,-0.004187174163230766,-0.0032556600797625187
H4_joint,2013,48,-0.0036386983117742988,-0.003511178384256656
H4_joint,2014,48,-0.0042671881564699116,-0.003511178384256656
H4_joint,2015,44,-0.004403379261246769,-0.004007284337013006
H4_joint,2016,47,-0.004501709202181045,-0.0034689831223797657
H4_joint,2017,48,-0.004358191547698364,-0.003511178384256656
H4_joint,2018,48,-0.0042671067943905764,-0.003511178384256656
H4_joint,2019,47,-0.004240518942203707,-0.0035569113582306303
H4_joint,2020,40,-0.0029434932716104092,-0.003057656127985789
H4_joint,2021,39,-0.0028931199302767246,-0.002508209874537829
H4_joint,2022,39,-0.008197553382394357,-0.007752859837861672
H4_joint,2023,44,-0.002514859188549052,-0.002269960810459601
H4_joint,2024,44,-0.0037902073792879186,-0.0031767298356866203
H4_joint,2025,47,-0.004262307303193979,-0.0038738445718267383
