sample,filter,cost_bps,cagr,annualized_volatility,max_drawdown,total_return
2010-2017,F1_avoid_recovery,0,0.10763597619396315,0.1552563174819799,-0.2549792990888595,1.2642966344385291
2010-2017,F2_rank_agreement,0,0.12390051644496003,0.15171688658433594,-0.20583021461312379,1.5441645418751428
2010-2017,F3_joint,0,0.1173599495437585,0.14789026958070484,-0.22644361857278084,1.4281801985356175
2010-2017,MOM,0,0.10944326837339347,0.15835261743634269,-0.2549792990888593,1.2940021102294725
2010-2017,EW9,0,0.13231522554287212,0.14445107985873643,-0.1850101109145651,1.7004943144028526
2018-2025,F1_avoid_recovery,0,0.13029720537666445,0.19570070694932085,-0.3025948799623196,1.6658302865657855
2018-2025,F2_rank_agreement,0,0.10874923724109897,0.19092708537218547,-0.3025948799623196,1.285136601277816
2018-2025,F3_joint,0,0.10765052638132544,0.18868385789569367,-0.3671481039260581,1.2670714201175106
2018-2025,MOM,0,0.1302972053766649,0.19570070694932085,-0.3025948799623197,1.6658302865657921
2018-2025,EW9,0,0.11710414880633557,0.18456889665655518,-0.3671481039260579,1.4266808585272184
2010-2017,F1_avoid_recovery,5,0.10467049755935398,0.15527363788045515,-0.2557566903723396,1.2162835041285667
2010-2017,F2_rank_agreement,5,0.11997176324116698,0.15171917285416528,-0.2071906486506765,1.4739284994643334
2010-2017,F3_joint,5,0.11582794027150056,0.1479076479887757,-0.22799668503694015,1.4016915337309586
2010-2017,MOM,5,0.10638256604803353,0.15835358426572116,-0.25575669037233983,1.2438931729412834
2010-2017,EW9,5,0.13210824668943322,0.14445170212399974,-0.18505713815922242,1.6965504960513949
2018-2025,F1_avoid_recovery,5,0.12750391379963655,0.19570655903086703,-0.3025974443484143,1.6135441898983847
2018-2025,F2_rank_agreement,5,0.10425442585039524,0.19090283950145379,-0.3025974443484145,1.2120198633041017
2018-2025,F3_joint,5,0.10532519478994762,0.18868187186608304,-0.3671545945253796,1.2292495837190955
2018-2025,MOM,5,0.12750391379963655,0.195706559030867,-0.3025974443484144,1.613544189898386
2018-2025,EW9,5,0.11692478997429623,0.18456877385356454,-0.3671545945253796,1.423563514896442
2010-2017,F1_avoid_recovery,10,0.10171287390759387,0.1552984971547351,-0.2565332764828403,1.1692871348715421
2010-2017,F2_rank_agreement,10,0.11605655852757346,0.15173361752833342,-0.20854875092519565,1.4056282556283306
2010-2017,F3_joint,10,0.11429806114404584,0.14793037206802667,-0.22954680776443637,1.375492334577911
2010-2017,MOM,10,0.10333025430750786,0.1583621620204602,-0.25653327648283986,1.1948779420344788
2010-2017,EW9,10,0.13190133771610735,0.14445254942815808,-0.18510416174239497,1.6926130467157123
2018-2025,F1_avoid_recovery,10,0.12471738897001883,0.19571748436235062,-0.3026000095895899,1.5622811178168905
2018-2025,F2_rank_agreement,10,0.09977770282529397,0.19089060478072536,-0.30260000958958977,1.141240538023006
2018-2025,F3_joint,10,0.1030047495166373,0.1886862765274642,-0.3671610858459593,1.192058807951942
2018-2025,MOM,10,0.12471738897001883,0.1957174843623506,-0.30260000958959,1.5622811178168927
2018-2025,EW9,10,0.11674546458853952,0.18456866490894047,-0.36716108584595897,1.4204502565082961
