cagr,annualized_volatility,max_drawdown,filter,cost_bps,total_return,momentum_months,execution_months,mode_switches,half_gross_turnover_sum
0.11891697789851552,0.17661007948138352,-0.3025948799623196,F1_avoid_recovery,0,5.036230545855207,187,192,1,41.2402240276925
0.11629398633226118,0.17240909284123604,-0.3025948799623196,F2_rank_agreement,0,4.813763514312097,143,192,54,60.51365669440928
0.11249132264804862,0.16948749668949303,-0.3671481039260581,F3_joint,0,4.504857930995361,48,192,33,27.792779351385413
0.1198288305286681,0.17797933238281521,-0.3025948799623197,MOM,0,5.115420302895567,192,192,0,41.893417440768694
0.12467876604959405,0.1656980125027746,-0.3671481039260579,EW9,0,5.5532378613229865,0,192,0,2.7470414384526176
0.11603662631078171,0.17662096556007512,-0.3025974443484143,F1_avoid_recovery,5,4.7923548753828475,187,192,1,41.23192487179027
0.11207994892749928,0.1723967073170093,-0.3025974443484145,F2_rank_agreement,5,4.472378981209217,143,192,54,60.497755904753284
0.11056055752673477,0.16949398461145526,-0.3671545945253796,F3_joint,5,4.353969851791415,48,192,33,27.784549915312706
0.11690054164087527,0.17798301816092044,-0.3025974443484144,MOM,5,4.864513964893344,192,192,0,41.8848867858931
0.12448569556131095,0.165698214601393,-0.3671545945253796,EW9,5,5.535261398306063,0,192,0,2.746770504484562
0.11316357926405818,0.17663797549049962,-0.3026000095895899,F1_avoid_recovery,10,4.558323464804455,187,192,1,41.223831642448815
0.10788166062788274,0.17239632128680593,-0.30260000958958977,F2_rank_agreement,10,4.151028740364952,143,192,54,60.481975788696204
0.10863316037699766,0.1695063638201943,-0.3671610858459593,F3_joint,10,4.207218895233831,48,192,33,27.77633171058978
0.1139798156868237,0.17799287810148856,-0.30260000958959,MOM,10,4.623894306787745,192,192,0,41.87656225007106
0.1242926764630572,0.16569852253496758,-0.36716108584595897,EW9,10,5.51733593960063,0,192,0,2.7464998812269
