date,F1_avoid_recovery,F2_rank_agreement,F3_joint,MOM,EW9
2010-01-31,-0.05303425125337213,-0.08413371826141136,-0.08413371826141136,-0.08413371826141136,-0.05303425125337213
2010-02-28,0.030451949219483243,0.03397184611759663,0.03608016786315549,0.03608016786315549,0.030451949219483243
2010-03-31,0.05787969592579145,0.08390164553932311,0.055605037539172564,0.08298010813249435,0.05787969592579145
2010-04-30,0.016483006029656577,0.03868450155861414,0.016483006029656577,0.038684501558613915,0.016483006029656577
2010-05-31,-0.07809000636254193,-0.0843895984603058,-0.07809000636254182,-0.08438959846030636,-0.07809000636254193
2010-06-30,-0.0788334975738546,-0.07747502357747194,-0.0788334975738545,-0.07747502357747205,-0.05089519864223735
2010-07-31,0.08408102734587408,0.07804351515884123,0.07804351515884145,0.08408102734587408,0.07557214717243199
2010-08-31,-0.06243249725944233,-0.037999246519238694,-0.037999246519238916,-0.062432497259442665,-0.037999246519238805
2010-09-30,0.10167661909801984,0.08419950383291308,0.08419950383291286,0.10167661909801917,0.08419950383291308
2010-10-31,0.029757782770269303,0.03300165578537961,0.03770447106469477,0.02975778277026997,0.037704471064694545
2010-11-30,0.012873690078723632,0.01287369007872341,0.0011250431743676792,0.01287369007872341,0.0011250431743679012
2010-12-31,0.05840932861731707,0.05840932861731707,0.06589497520159737,0.058409328617316625,0.06589497520159737
2011-01-31,0.035566610117347075,0.035566610117347075,0.018806346904481464,0.035566610117347075,0.01880634690448124
2011-02-28,0.03178838843189413,0.03178838843189413,0.033741872610851376,0.031788388431894354,0.033741872610851154
2011-03-31,0.018795394094918594,0.018795394094918594,0.005052013262510924,0.018795394094918816,0.005052013262511368
2011-04-30,0.0233719031568127,0.0233719031568127,0.03109753916064162,0.0233719031568127,0.031097539160641174
2011-05-31,-0.02948018973111166,-0.02948018973111166,-0.00800443820761787,-0.02948018973111144,-0.008004438207617648
2011-06-30,-0.009536403955481276,-0.022028888711059236,-0.0034349087185596705,-0.009536403955481387,-0.01338738036199083
2011-07-31,-0.0126083758990011,-0.021709624468885136,-0.012608375899000879,-0.012608375899000768,-0.021709624468884692
2011-08-31,-0.07491536737885751,-0.04849671586127047,-0.04896188658817924,-0.07491536737885718,-0.04849671586127069
2011-09-30,-0.12603790241470136,-0.07682876987333509,-0.12698722306590726,-0.12603790241470147,-0.07682876987333531
2011-10-31,0.11364567937248982,0.11538636654993684,0.10927462000544641,0.1136456793724896,0.11315910747012947
2011-11-30,0.009316601593196028,0.00931660159319625,0.0003447496671866723,0.00931660159319625,0.0003447496671866723
2011-12-31,0.014781575094432009,0.014781575094432453,0.00908756444712755,0.014781575094432231,0.009087564447127106
2012-01-31,0.0022159575539650866,0.03536871579611378,0.042811354892868136,0.0022159575539650866,0.042811354892868136
2012-02-29,0.018063932460703702,0.03357732753674858,0.01818011724535995,0.018063932460703924,0.0335773275367488
2012-03-31,0.029740082370110166,0.025680761597253632,0.020155316140885393,0.029740082370109944,0.025680761597253632
2012-04-30,9.645523797985334e-05,-0.0035203529748736306,-0.0035203529748739637,9.645523797985334e-05,-0.0035203529748741857
2012-05-31,-0.044473809043520385,-0.042804794374041166,-0.05554239057560595,-0.04447380904352061,-0.05554239057560573
2012-06-30,0.02552893679540813,0.025528936795408796,0.041140095600789905,0.025528936795408574,0.041140095600789905
2012-07-31,0.021144781085595366,0.021144781085595366,0.01273352534550698,0.02114478108559581,0.012733525345507646
2012-08-31,-0.013506848292093587,-0.013506848292093476,0.017039988195678646,-0.013506848292093587,0.017039988195678202
2012-09-30,0.022721734816294692,0.030321809212175976,0.025107090440089852,0.022721734816295136,0.02510709044008963
2012-10-31,-0.01982174119812885,-0.019157433816405667,-0.011318013269320581,-0.01982174119812896,-0.011318013269321026
2012-11-30,0.01601568202088499,0.01601568202088499,0.003904017087001277,0.01601568202088477,0.003904017087001499
2012-12-31,0.01593411661645061,0.01593411661645039,0.010381670762503514,0.015934116616449945,0.010381670762503514
2013-01-31,0.06446472269074865,0.06446472269074888,0.05518177952890424,0.06446472269074888,0.05518177952890402
2013-02-28,0.013533275070484407,0.013533275070484407,0.013085806313451576,0.01353327507048463,0.013085806313451798
2013-03-31,0.04818109704257423,0.04818109704257423,0.03826074496313936,0.048181097042574006,0.03826074496313869
2013-04-30,0.027773692603251687,0.027773692603251687,0.0203083070258796,0.027773692603251465,0.0203083070258796
2013-05-31,0.020073288808592604,0.020073288808591938,0.01326818548618447,0.02007328880859216,0.01326818548618447
2013-06-30,-0.003135196760052139,-0.003135196760051917,-0.012871347573582215,-0.003135196760052139,-0.012871347573582215
2013-07-31,0.059271016038712654,0.05927101603871243,0.05206504526921485,0.059271016038712654,0.05206504526921463
2013-08-31,-0.03834285564726625,-0.03834285564726625,-0.028569893337251018,-0.03834285564726658,-0.028569893337250685
2013-09-30,0.03815657086953261,0.03815657086953261,0.032116722379349705,0.03815657086953261,0.032116722379349705
2013-10-31,0.04068305622649837,0.04068305622649815,0.045062930649107935,0.04068305622649837,0.04506293064910771
2013-11-30,0.03710578292054745,0.037105782920547004,0.02258634623807576,0.037105782920547004,0.022586346238075983
2013-12-31,0.024169731265763827,0.024169731265763827,0.024879122222218664,0.02416973126576405,0.02487912222221822
2014-01-31,-0.03116666158715109,-0.03116666158715098,-0.03138859843608688,-0.031166661587150757,-0.0313885984360871
2014-02-28,0.05564148283893955,0.05564148283893999,0.048482379113416574,0.05564148283893977,0.048482379113416574
2014-03-31,-0.01059213392068259,-0.0105921339206827,0.01008158278543192,-0.01059213392068259,0.01008158278543192
2014-04-30,-0.0021944926234952478,0.015165174185956642,0.012183489879522336,-0.002194492623495359,0.012183489879522336
2014-05-31,0.02863647016030013,0.020310058269601416,0.020310058269601194,0.028636470160300576,0.020310058269601194
2014-06-30,0.014040424055293377,0.022392572009476197,0.022392572009476197,0.014040424055293377,0.02239257200947642
2014-07-31,-0.01998005408073633,-0.023779446726542752,-0.023045534596961792,-0.01998005408073633,-0.023045534596962014
2014-08-31,0.034317895255389086,0.03431789525538953,0.04063291542363534,0.034317895255389086,0.040632915423634675
2014-09-30,-0.00965321241425221,-0.00965321241425221,-0.01654623746961692,-0.0096532124142521,-0.01654623746961681
2014-10-31,0.014756481591054582,0.014756481591054804,0.023652975765416695,0.014756481591054804,0.023652975765416695
2014-11-30,0.03288637538062367,0.03288637538062433,0.020784948191644448,0.03288637538062411,0.02078494819164467
2014-12-31,-0.004921861081790935,-0.004921861081790713,0.0009651049967844827,-0.00492186108179038,0.0009651049967842606
2015-01-31,0.0003642732363102752,0.0003642732363102752,-0.023080111235213363,0.00036427323631049724,-0.023080111235213363
2015-02-28,0.005438826818211062,0.005438826818210618,0.04683119545779402,0.00543882681821084,0.04683119545779402
2015-03-31,-0.007057473895818123,-0.023567569558934243,-0.016741090760082566,-0.00705747389581779,-0.0167410907600829
2015-04-30,0.006645968759290577,0.007222710839546176,0.011213136055349127,0.006645968759291021,0.011213136055349349
2015-05-31,0.025558885433062617,0.008661741894294028,0.007278458584633274,0.025558885433062395,0.007278458584633496
2015-06-30,-0.013177769512989101,-0.016062053698239653,-0.024788998064997347,-0.013177769512989324,-0.024788998064997347
2015-07-31,0.03567227371915438,0.03567227371915482,0.03139587126050625,0.03567227371915482,0.014784443366873123
2015-08-31,-0.07093601348673284,-0.07093601348673262,-0.07093601348673284,-0.07093601348673284,-0.05730581124922729
2015-09-30,-0.019705156887290465,-0.019705156887290354,-0.019705156887290798,-0.019705156887290354,-0.026756724752561967
2015-10-31,0.07470140585553575,0.07470140585553575,0.07470140585553642,0.07470140585553597,0.08151769592434155
2015-11-30,-0.0049091098018281265,-0.0049091098018282375,-0.0004067215127898649,-0.0049091098018281265,0.001109110634384347
2015-12-31,-0.01152745920074838,-0.011527459200748824,-0.02000508612038765,-0.011527459200748935,-0.02000508612038787
2016-01-31,-0.05543343180362237,-0.055433431803622146,-0.04458135406985764,-0.055433431803622035,-0.044581354069857304
2016-02-29,-0.0009091412584875114,-0.0009091412584871783,0.008966948828943222,-0.0009091412584871783,0.008966948828943222
2016-03-31,0.07639422105196125,0.07639422105196103,0.06980996757487645,0.07639422105196125,0.06980996757487623
2016-04-30,-0.03140316401271859,-0.03140316401271859,0.014800787739027488,-0.03140316401271903,0.014800787739027488
2016-05-31,0.004646250509384275,0.011215389224705996,0.0019060178952274853,0.004646250509384275,0.010460094659207497
2016-06-30,0.03941893699993648,0.011918555970123146,0.012712457189252957,0.03941893699993626,0.011918555970123146
2016-07-31,0.020552317696896694,0.028764278173436075,0.028764278173436075,0.02055231769689647,0.028764278173435853
2016-08-31,-0.016899366451863962,-0.0219204238237507,-0.0033098120199944736,-0.01689936645186374,-0.0033098120199944736
2016-09-30,0.0016506900267445612,0.0016506900267443392,5.0079719381646015e-05,0.0016506900267445612,5.007971938142397e-05
2016-10-31,-0.024052883271121317,-0.024052883271121428,-0.015788081569065415,-0.02405288327112154,-0.015788081569065193
2016-11-30,0.016149014199198675,0.016149014199198897,0.03958711891640321,0.016149014199198453,0.03958711891640321
2016-12-31,0.038094352114053764,0.012185587189687874,0.019277751377698715,0.038094352114053986,0.019277751377698715
2017-01-31,-0.011620737132028824,-0.007363295781248613,0.01829786470199779,-0.011620737132029269,0.01829786470199779
2017-02-28,0.00952881117118598,0.009528811171186202,0.033840845983050816,0.009528811171186202,0.03384084598305104
2017-03-31,-0.012591442497531968,0.007163414983712757,-0.00140757328179697,-0.012591442497531746,-0.001407573281796859
2017-04-30,0.008238975863137377,0.008028038361055145,0.008028038361055145,0.008238975863137377,0.008028038361055145
2017-05-31,0.015125444511798758,0.010429087103773105,0.010775716304349592,0.015125444511798314,0.010775716304349148
2017-06-30,0.016600820969206342,0.0166008209692059,0.005599423910044976,0.01660082096920612,0.005599423910044976
2017-07-31,0.02197188594969912,0.02197188594969912,0.018523064344032614,0.0219718859496989,0.01852306434403217
2017-08-31,0.005333321373339972,0.005333321373339972,-0.001135728523424917,0.00533332137333975,-0.001135728523424695
2017-09-30,0.0337150543829956,0.0337150543829956,0.02456816299247966,0.033715054382995824,0.02456816299247966
2017-10-31,0.033841502647452115,0.03384150264745234,0.0186436298383994,0.033841502647452115,0.01864362983839918
2017-11-30,0.030109315853546814,0.030109315853547258,0.031049008904702413,0.030109315853546814,0.03104900890470219
2017-12-31,-0.012096579127395923,0.006673895460455492,0.011121610958385153,-0.012096579127396256,0.011121610958385153
2018-01-31,0.051202287563553384,0.051247444539266995,0.0454048410755139,0.05120228756355272,0.045404841075514124
2018-02-28,-0.03197681419311982,-0.03197681419312004,-0.047338164128983284,-0.03197681419311982,-0.04733816412898362
2018-03-31,-0.0321463096803325,-0.03214630968033194,-0.017368499470190035,-0.032146309680332164,-0.017368499470190035
2018-04-30,-0.013235036839966852,-0.013235036839967074,0.00871391587810999,-0.013235036839967185,0.008713915878109768
2018-05-31,0.02954638788271624,0.02954638788271602,0.014825012302014606,0.029546387882716463,0.01482501230201505
2018-06-30,-0.003335043215797917,-0.003335043215797695,0.009288562516493348,-0.003335043215797917,0.009288562516493348
2018-07-31,0.01862213866844087,0.018622138668440646,0.03653340973242725,0.01862213866844087,0.03653340973242747
2018-08-31,0.027080576143146295,0.02708057614314585,0.01654979012507929,0.027080576143146518,0.016549790125079733
2018-09-30,0.009848712002712645,0.0035611688800523122,0.004931802228078874,0.009848712002712201,0.00493180222807843
2018-10-31,-0.0808274548255904,-0.08221697086125201,-0.06310459694409154,-0.08082745482559006,-0.0631045969440911
2018-11-30,0.028623194193809764,0.027438987043242546,0.025298437856575484,0.028623194193809764,0.025298437856575706
2018-12-31,-0.08599903099524542,-0.08870022272425715,-0.08870022272425693,-0.0859990309952453,-0.08870022272425715
2019-01-31,0.06593777961904501,0.06846583748799007,0.07443536737254308,0.06593777961904501,0.07443536737254308
2019-02-28,0.02162063492487265,0.021620634924872872,0.03257258846564226,0.021620634924873094,0.03257258846564248
2019-03-31,0.02308864980468095,0.01767189399455793,0.016846948936464656,0.02308864980468095,0.01684694893646399
2019-04-30,0.012167627703006945,0.018788576287635417,0.03234846315522377,0.012167627703006945,0.03234846315522355
2019-05-31,-0.044604226740137976,-0.0446042267401382,-0.06339010060780836,-0.04460422674013842,-0.06339010060780825
2019-06-30,0.050911528993740074,0.050911528993740074,0.07493467087734129,0.050911528993740074,0.07493467087734151
2019-07-31,0.002653879069689946,0.00384683741240055,0.0071054325323895995,0.002653879069690168,0.0071054325323895995
2019-08-31,0.02042892968508525,0.007907725517709352,-0.0161511185317621,0.020428929685085473,-0.0161511185317621
2019-09-30,0.02551173890550218,0.025511738905501735,0.02623248756418861,0.0255117389055024,0.02623248756418839
2019-10-31,0.009123002258612845,0.009123002258613067,-0.0014677285568708287,0.009123002258613067,0.01048332273831365
2019-11-30,0.013117327472565554,0.01311732747256511,0.02007238948217327,0.01311732747256511,0.028372535463018655
2019-12-31,0.03451367402951866,0.026490526631259614,0.030558468577837505,0.03451367402951866,0.030558468577837727
2020-01-31,-0.008013477357039056,-0.009764738826702923,-0.013119259442265663,-0.00801347735703839,-0.013119259442265552
2020-02-29,-0.084673004391153,-0.08467300439115266,-0.0938775038418902,-0.08467300439115255,-0.09387750384188986
2020-03-31,-0.0803277030923285,-0.0803277030923284,-0.14576933588579244,-0.08032770309232884,-0.14576933588579233
2020-04-30,0.08081749593908305,0.0808174959390835,0.07538933893891797,0.08081749593908327,0.13385442076709242
2020-05-31,0.05103067637728809,0.05103067637728809,0.05103067637728764,0.05103067637728831,0.04362289847862577
2020-06-30,0.015262145852390052,0.015262145852390052,-0.0010745887260118492,0.015262145852390052,0.005902693018790206
2020-07-31,0.05734869457158287,0.04944879391892942,0.05410128747883558,0.057348694571582204,0.04825011933520984
2020-08-31,0.08004651162941645,0.06982465358951151,0.08004651162941623,0.08004651162941645,0.04655882620223517
2020-09-30,-0.03067905236715862,-0.0306790523671584,-0.03067905236715862,-0.03067905236715862,-0.029898972263501356
2020-10-31,-0.037924533228696045,-0.03792453322869638,-0.037924533228696045,-0.037924533228696045,-0.01772270345285043
2020-11-30,0.09794885836413059,0.09794885836413059,0.09794885836413059,0.09794885836413059,0.12304115250383774
2020-12-31,0.033269589238050346,0.03154324939498654,0.03326958923805079,0.03326958923805057,0.03134354058681876
2021-01-31,-0.008346628219640384,-0.01032219472956164,-0.008346628219640606,-0.008346628219640606,-0.010322194729561862
2021-02-28,0.01673299908197734,0.005928713025775911,0.016732999081977118,0.016732999081977562,0.04061513093053071
2021-03-31,0.046343212507261144,0.06344734718706935,0.046343212507261144,0.04634321250726137,0.061123478696514244
2021-04-30,0.03929930598358422,0.03377754849523096,0.039299305983584,0.039299305983584,0.0417301017503342
2021-05-31,0.04410255211048564,0.04410255211048564,0.020397111123627187,0.04410255211048586,0.01709437391287061
2021-06-30,-0.03519752905604889,-0.03519752905604889,0.004330348523256644,-0.03519752905604878,0.004330348523256422
2021-07-31,0.008514654032456992,0.00851465403245677,0.0071770107575135356,0.008514654032457214,0.011890781875950385
2021-08-31,0.011786277911727039,0.015511447516316057,0.011786277911726595,0.01178627791172615,0.020863648059739726
2021-09-30,-0.000980342655708455,-0.032918849999409194,-0.041105472749564886,-0.0009803426557094541,-0.03291884999940886
2021-10-31,0.08192427191003304,0.07327327910687953,0.07018457821794466,0.08192427191003349,0.07327327910687909
2021-11-30,-0.01987299603220616,-0.022390071387448973,-0.019872996032206824,-0.019872996032206713,-0.016367747734809313
2021-12-31,0.03186264074210854,0.031862640742109205,0.03186264074210876,0.031862640742109205,0.05745523839334621
2022-01-31,0.038915478839857354,-0.011985643510745825,0.038915478839857354,0.038915478839857354,-0.02379910091676596
2022-02-28,0.0033831312131293867,-0.007297332400065137,-0.0021517759103446554,0.0033831312131293867,-0.010326968692951799
2022-03-31,0.037059575841046355,0.03705957584104658,0.04944183802582636,0.037059575841046355,0.04944183802582636
2022-04-30,-0.07243653862482002,-0.0724365386248198,-0.07367481147889343,-0.07243653862481969,-0.05860041117617365
2022-05-31,0.06858002005351782,0.06858002005351804,0.06858002005351826,0.06858002005351826,0.016827419815110156
2022-06-30,-0.07724959040946022,-0.07724959040946,-0.07880557380066244,-0.07724959040946022,-0.08727028928555924
2022-07-31,0.061095576123830986,0.06109557612383121,0.05433924438187532,0.061095576123830986,0.08482815482687278
2022-08-31,0.004493893355239864,0.004493893355239864,0.004493893355239864,0.004493893355239642,-0.02589655227778276
2022-09-30,-0.09666003313303517,-0.0915857454535981,-0.0966600331330355,-0.09666003313303517,-0.08806014050902577
2022-10-31,0.11890756158590698,0.09837772342902418,0.11890756158590743,0.11890756158590676,0.0983777234290244
2022-11-30,0.048129898021489925,0.042783951439991474,0.04812989802148948,0.048129898021489925,0.05933531478133913
2022-12-31,-0.02093421624752545,-0.02093421624752545,-0.02093421624752534,-0.020934216247525006,-0.04607548723236454
2023-01-31,-0.00022576968420928711,-0.00022576968420862098,-0.00022576968420862098,-0.000225769684208732,0.0466117892703275
2023-02-28,-0.05831458215372498,-0.04156376947639673,-0.05831458215372487,-0.058314582153725425,-0.031050144723168915
2023-03-31,0.02426100388921615,0.017316387597378524,0.024261003889215704,0.024261003889215704,0.017316387597378524
2023-04-30,0.014804250305021416,0.013223243194056655,0.022086716239487103,0.014804250305021416,0.0132232431940571
2023-05-31,-0.015055099001367922,-0.01520763430223493,-0.032359188682135276,-0.015055099001367811,-0.03235918868213539
2023-06-30,0.070692722887298,0.07069272288729778,0.06957581806910818,0.070692722887298,0.06957581806910818
2023-07-31,0.023793271350169842,0.023793271350169842,0.03280267632910605,0.023793271350170064,0.03280267632910583
2023-08-31,-0.025504869879722114,-0.025504869879722003,-0.022614047121957692,-0.025504869879722003,-0.02261404712195758
2023-09-30,-0.05738013409177434,-0.05738013409177434,-0.04090782536455195,-0.05738013409177434,-0.04090782536455195
2023-10-31,-0.027597811421761764,-0.027597811421761875,-0.0345271800860284,-0.027597811421762097,-0.025485681763404933
2023-11-30,0.10292777524445551,0.07286062217632372,0.07286062217632394,0.10292777524445573,0.0731917925243859
2023-12-31,0.057849022428094754,0.05434169647257581,0.04012782391340575,0.0578490224280952,0.04012782391340597
2024-01-31,-0.008625120977827971,-0.008625120977827971,0.006393427695364329,-0.008625120977828082,-0.0030896297196343347
2024-02-29,0.06577084986201887,0.06577084986201864,0.06577084986201864,0.06577084986201887,0.044316068337770353
2024-03-31,0.017162284728301946,0.01716228472830217,0.01716228472830217,0.01716228472830217,0.04366599808722249
2024-04-30,-0.04950510701357902,-0.04950510701357891,-0.04950510701357891,-0.04950510701357891,-0.03102407682293573
2024-05-31,0.03774212295856638,0.027550867557895042,0.02755086755789482,0.037742122958566604,0.032002763314899596
2024-06-30,-0.0018320209987544578,0.0014861614906780396,0.0014861614906778176,-0.0018320209987546798,0.0014861614906780396
2024-07-31,0.011148522792661097,0.03203558776953086,0.03203558776953108,0.011148522792661097,0.03203558776953108
2024-08-31,0.023796190496681913,0.040161538330128144,0.02693512158101874,0.02379619049668169,0.02693512158101874
2024-09-30,0.01869885801973692,0.018698858019737363,0.020819741679599657,0.01869885801973714,0.020819741679599657
2024-10-31,-0.003512742983541761,-0.00351274298354165,-0.014904566892140148,-0.003512742983541206,-0.01490456689214037
2024-11-30,0.07431449372185939,0.07431449372185917,0.05936992366161942,0.07431449372185939,0.05936992366161964
2024-12-31,-0.07151099305083208,-0.07151099305083208,-0.05814269193428512,-0.07151099305083208,-0.05814269193428545
2025-01-31,0.04805561843749451,0.048055618437494285,0.03577711253479321,0.048055618437494285,0.03577711253479321
2025-02-28,-0.012815647959018017,-0.012815647959018128,0.0028790796597299995,-0.012815647959017906,0.0028790796597297774
2025-03-31,-0.04093669943417588,-0.040936699434176105,-0.028748332933680953,-0.04093669943417588,-0.028748332933680842
2025-04-30,-0.007273359067675678,-0.021916811967571115,-0.022494022119656787,-0.007273359067675678,-0.022494022119656565
2025-05-31,0.055719559915014205,0.05071869438035059,0.03894036684887925,0.05571955991501443,0.03894036684887947
2025-06-30,0.017867591491292467,0.017867591491293133,0.02928260214920897,0.017867591491293133,0.02928260214920897
2025-07-31,0.026175548960042372,0.02617554896004215,0.02852800822141699,0.02617554896004215,0.012980459287477597
2025-08-31,0.03430533207572961,0.03430533207572939,0.023067068290156367,0.03430533207572917,0.02386864873217953
2025-09-30,0.043609191003287195,0.04360919100328697,0.015490831013855066,0.04360919100328697,0.015490831013855288
2025-10-31,0.01466330504152591,0.014663305041525687,0.0021229007165861624,0.014663305041525687,0.0021229007165861624
2025-11-30,-0.014596071836151414,-0.014596071836151525,0.018750649217897264,-0.014596071836151636,0.018750649217897708
2025-12-31,-0.0016294258712910015,-0.0016294258712911125,3.473109155516241e-05,-0.0016294258712908904,3.473109155471832e-05
