filter,cost_bps,benchmark,months,mean_monthly_difference,annualized_arithmetic_difference,hac_p,hac_se,annualized_tracking_error,holm6_p,block6_annualized_low,block6_annualized_high,block12_annualized_low,block12_annualized_high
F1_avoid_recovery,0,EW9,192,-0.0003806240948715789,-0.004567489138458947,0.7129347727577295,0.0010345366151061524,0.06305061718579513,1.0,,,,
F1_avoid_recovery,0,MOM,192,-9.558764583361805e-05,-0.0011470517500034166,0.49890526343707314,0.00014135725131129355,0.011873449871638145,1.0,,,,
F2_rank_agreement,0,EW9,192,-0.0006339321585851725,-0.007607185903022069,0.46261027539109373,0.0008630147043340578,0.05485336221732893,1.0,,,,
F2_rank_agreement,0,MOM,192,-0.0003488957095472116,-0.004186748514566539,0.6529682490753621,0.0007759402667068807,0.032142324547204684,1.0,,,,
F3_joint,0,EW9,192,-0.0008741818180740447,-0.010490181816888537,0.20581379800038802,0.0006909651513248969,0.041599279867305494,1.0,,,,
F3_joint,0,MOM,192,-0.0005891453690360839,-0.007069744428433007,0.5244181051023501,0.0009255290467103251,0.050024994483376606,1.0,,,,
F1_avoid_recovery,5,EW9,192,-0.0005827186909552369,-0.006992624291462843,0.5753821880094175,0.0010403042195071114,0.06304463936695519,1.0,-0.03210563199498126,0.018414354883089304,-0.031528216337239706,0.017982852455859212
F1_avoid_recovery,5,MOM,192,-9.177554712583014e-05,-0.0011013065655099616,0.5078368521684341,0.0001385898606994331,0.011762389160064843,1.0,-0.005997501658421254,0.002414616988882937,-0.005182689702348712,0.0019446880606600603
F2_rank_agreement,5,EW9,192,-0.0009380688910326963,-0.011256826692392356,0.2809498377862553,0.0008700419925796399,0.05475780713617269,1.0,-0.03277462839778452,0.009931069911637981,-0.03237082263417037,0.00863451722446909
F2_rank_agreement,5,MOM,192,-0.00044712574720328957,-0.005365508966439475,0.5675437278498733,0.00078213589956979,0.032219543816548034,1.0,-0.02248524279244902,0.012519392530677922,-0.02358943066055607,0.013597012005832186
F3_joint,5,EW9,192,-0.0010057342296517096,-0.012068810755820517,0.14879947684850822,0.0006965955905860419,0.04169875402067788,0.8927968610910493,-0.02818278699198082,0.004648354576779456,-0.028070769330692386,0.0050751437823256945
F3_joint,5,MOM,192,-0.0005147910858223029,-0.006177493029867635,0.5827456333826426,0.0009370424212907952,0.050168059079138065,1.0,-0.02787969258469409,0.014649748796523324,-0.028577684723138437,0.015137340336399564
F1_avoid_recovery,10,EW9,192,-0.0007847317572763224,-0.009416781087315869,0.453245944172171,0.0010462887174217375,0.063047525215518,1.0,,,,
F1_avoid_recovery,10,MOM,192,-8.796636078080174e-05,-0.0010555963293696208,0.5174474456539722,0.00013590048856792187,0.011654274700107095,1.0,,,,
F2_rank_agreement,10,EW9,192,-0.0012420419463735084,-0.0149045033564821,0.15690948931701226,0.0008774317439715539,0.05467967480020996,0.7845474465850613,,,,
F2_rank_agreement,10,MOM,192,-0.0005452765498779877,-0.006543318598535852,0.48932766964977015,0.0007886801471303472,0.032321725871684824,1.0,,,,
F3_joint,10,EW9,192,-0.0011372034334792176,-0.013646441201750611,0.10589923932746098,0.000703322026121861,0.041816181633549304,0.6353954359647659,,,,
F3_joint,10,MOM,192,-0.00044043803698369695,-0.005285256443804363,0.6427245669960735,0.000949439304609462,0.05033493639779816,1.0,,,,
