date,MOM12_1_0bps,EW9_0bps,MOM12_1_5bps,EW9_5bps,MOM12_1_10bps,EW9_10bps,SPY_0bps
2000-01-31,-0.03904103984121632,-0.031741442705898515,-0.03952127920161552,-0.03222533004087824,-0.04000103880241379,-0.03270873397192675,-0.040395737738983084
2000-02-29,-0.021265132823242494,-0.06291805351535462,-0.021602541747996806,-0.06293750299374079,-0.02193983824058643,-0.06295695463342055,-0.015225944714534867
2000-03-31,0.11489012470698223,0.11245057941548708,0.11451843271674833,0.11242274150847886,0.11414661678787086,0.11239491287768133,0.09691444236568847
2000-04-30,-0.030761556968658565,-0.00297349205948072,-0.03078222049524748,-0.002995478328525203,-0.03080289091197619,-0.003017462154922268,-0.03512089884758496
2000-05-31,0.0021167016470948763,-0.0009989937089189826,0.0017692593453022543,-0.001015308529482284,0.0014221641387164308,-0.0010316215374891469,-0.01572229464662056
2000-06-30,0.012594360084955625,-0.018202551694069036,0.012223945464566288,-0.01822817412821298,0.011853900888752156,-0.01825379371573621,0.01968160549167841
2000-07-31,-0.033089790964650145,-0.0003519028450068573,-0.03341335950359858,-0.00037118996680518546,-0.03373682022230706,-0.00039047494582822306,-0.01570198910533982
2000-08-31,0.08245725580388918,0.05099642845712071,0.08244349419528763,0.050982791295083096,0.08242972799795267,0.05096915564811777,0.06534059225717592
2000-09-30,-0.05575999464678183,-0.014382678301366525,-0.056090614715341935,-0.014406492280455985,-0.05642112461393589,-0.014430303613842232,-0.05486218059828629
2000-10-31,-0.03264514385121431,0.017302453889389557,-0.03301321433000204,0.01726579394433947,-0.03338116215951281,0.017229138072164973,-0.004677645284330345
2000-11-30,-0.038439711121443176,-0.05025925550024102,-0.03876028464665693,-0.050278090436287615,-0.039080965065343864,-0.05029692327979596,-0.07465332294245086
2000-12-31,0.05685112571081263,0.04146732962318822,0.05684051519625455,0.04144337928642461,0.056829908217356895,0.04141942628821704,-0.005226239090821427
2001-01-31,-0.03860076511090027,0.023581553931215415,-0.03893759909053118,0.023551475593411864,-0.03927432082958249,0.02352139391319885,0.04445993320090147
2001-02-28,-0.013790442041826223,-0.04898865771802807,-0.013805876324706978,-0.04902531974126234,-0.013821305464541078,-0.0490619695478941,-0.09538822128491153
2001-03-31,-0.03804882785446961,-0.05389275827358031,-0.038062076990686866,-0.05391806169976032,-0.03807533054475676,-0.05394336793774468,-0.05603700972233183
2001-04-30,0.034770623664682754,0.07956294561176191,0.03475643278014373,0.07954187012106861,0.0347422371637327,0.07952079228839293,0.08544014839317327
2001-05-31,0.021911566162623908,0.017682729043956957,0.021908879789371172,0.01766262302437549,0.02190619431127705,0.017642514770543682,-0.005605776952829933
2001-06-30,-0.028988077038635485,-0.032456641542467746,-0.029319376442660805,-0.03246641046983567,-0.02965056545035072,-0.03247618265459773,-0.023829046661191122
2001-07-31,-0.007012134499558731,-0.0055574961721363,-0.007021764714924661,-0.005570579478352711,-0.007031391721288638,-0.005583661331029832,-0.010195714409867551
2001-08-31,-0.03514547489561637,-0.04854178312900459,-0.035149189519282587,-0.048549268979485194,-0.03515290290515383,-0.04855675233551349,-0.0593329821883154
2001-09-30,-0.08780896928472737,-0.09594285645398759,-0.08811308364735981,-0.0959595748617057,-0.08841729941524767,-0.09597629884408487,-0.0816306064025788
2001-10-31,0.024823745393311558,0.020576809390613127,0.024454333447527565,0.020547481041904625,0.024085290544646254,0.020518162466054646,0.013022344136530473
2001-11-30,0.1013827679216095,0.07404775617083392,0.10137070040185714,0.07402730777909494,0.1013586288582573,0.07400685711506072,0.07797743714202499
2001-12-31,-0.0016227374827202379,0.016323851954742397,-0.0016365140242020626,0.016301480628852172,-0.0016502951593954096,0.01627910681698297,0.0056390797956915595
2002-01-31,0.01227862524632295,-0.01280666870026903,0.011937014000529267,-0.012816337751678342,0.011595516587206589,-0.012826010027178869,-0.009799410299126454
2002-02-28,0.02546238563169223,0.0036738194781007483,0.02512050785685238,0.0036621529271210207,0.02477851608475512,0.003650485079713217,-0.017935650920776758
2002-03-31,0.0383460138426468,0.04432585567715863,0.03799308457061068,0.04431065243856902,0.0376402729024643,0.04429544751054304,0.03327074917932071
2002-04-30,-0.03722076029331034,-0.04757456610363986,-0.03755257329562911,-0.047584769217601464,-0.03788405481642765,-0.047594971198009706,-0.05815556556154067
2002-05-31,0.011246585191822644,-0.0018637803845240608,0.011240166257000306,-0.001879137209370385,0.011233745181819632,-0.0018944957407205365,-0.005933890686926291
2002-06-30,-0.05715442317340402,-0.06491887505036387,-0.05717019174478133,-0.06492746975504593,-0.05718595506171931,-0.06493606159578158,-0.07380749909022344
2002-07-31,-0.09236732186594998,-0.09120129493649332,-0.09237926010154707,-0.09121574663436038,-0.09239119435905807,-0.09123019993815029,-0.07881932853741447
2002-08-31,0.018180798099771023,0.010562695641775699,0.017827598298460146,0.010541671038503342,0.01747475134410359,0.010520644098904297,0.006800807792550101
2002-09-30,-0.09353183099981477,-0.10483095260184916,-0.09354015661605719,-0.10483955460726357,-0.09354847945801914,-0.10484815374629819,-0.10485219091331088
2002-10-31,0.06075048736914712,0.06664308600010971,0.06073897825650154,0.06663015881159451,0.06072747297894954,0.06661723018656596,0.08228363598702271
2002-11-30,0.06561898948195433,0.05430153722619857,0.06561238504188394,0.05427925923295218,0.06560577839960002,0.054256988663229144,0.06168139348989876
2002-12-31,-0.06489031693217084,-0.03958492107796452,-0.06521214725870428,-0.0396008637396158,-0.06553365607641926,-0.03961680463005668,-0.05656962300224877
2003-01-31,-0.018507907148232694,-0.02924207487766106,-0.018835125715610856,-0.029258930672955707,-0.01916245339221545,-0.029275788341324716,-0.024594601931071214
2003-02-28,-0.008417319584404392,-0.01667236387214477,-0.008755273515559714,-0.016679108394435094,-0.009093114832942062,-0.016685853666200012,-0.013479601480006709
2003-03-31,0.01579495113001328,0.011438375994156313,0.015444429318357766,0.011431025087378588,0.015094257678341716,0.01142367499727781,0.002140339804872049
2003-04-30,0.04094273136331861,0.07475806334793966,0.040591182642946144,0.07475024512348627,0.04023975106643274,0.07474242950424004,0.08461151035457215
2003-05-31,0.05229183805368787,0.05816956604109613,0.05227558705335755,0.05815371767667954,0.05225934146822153,0.05813786402771326,0.05483603963907924
2003-06-30,0.020163675573356077,0.012372131356892968,0.01946937484531941,0.012360479381106293,0.018775767724404258,0.01234882869983922,0.010651836246817536
2003-07-31,0.01431829230755266,0.00953211165035417,0.013975081242273424,0.009524161760064986,0.013631984542560982,0.009516212752998854,0.01802725165815633
2003-08-31,0.02936354480901393,0.02396256197479274,0.028677416800476196,0.023945781805210675,0.027991517425062895,0.02392899977095908,0.020625337607189875
2003-09-30,-0.03172372864794082,-0.010307395777441553,-0.03204654120715145,-0.010316891657387472,-0.03236946140642838,-0.010326388592549196,-0.010905785986239591
2003-10-31,0.08654497657327886,0.05077929764242506,0.08653778240689092,0.050769403602108465,0.08653059063775936,0.050759510661008145,0.053526636512832626
2003-11-30,0.01393134950372743,0.011887924729417465,0.013593316048316817,0.01187359526430165,0.013255169877516293,0.011859264206846687,0.010920940813903712
2003-12-31,0.05706205591971547,0.06146292328337011,0.05635170938089784,0.0614540318380985,0.05564207247898323,0.06144514138065493,0.05031329691895192
2004-01-31,-0.003854903892209882,0.011769092225629718,-0.004523913036824423,0.011758019245140527,-0.0051922538406348195,0.011746947494845728,0.01977036069463356
2004-02-29,0.016274466182888858,0.02326172192558129,0.01626023914512098,0.02325245003133425,0.016246007363425186,0.02324317504542517,0.013570033746431953
2004-03-31,-0.02019776566746101,-0.013171272739538442,-0.02053833799617688,-0.013183098552795647,-0.020878796838611158,-0.013194920425428691,-0.01324543684090096
2004-04-30,-0.04423342056158053,-0.01335221656603347,-0.044555810290828224,-0.013358705729376918,-0.0448778779524146,-0.013365195613818548,-0.01892146345336121
2004-05-31,0.016132558919061735,0.0130416292851534,0.015792664323646344,0.013024603901254261,0.015452882988675753,0.013007580408854524,0.017123423746900235
2004-06-30,0.055434456193956816,0.025192694191025433,0.055074270802903724,0.025186874335883624,0.05471420543364025,0.02518105512732083,0.01850138477341856
2004-07-31,-0.006804421659102999,-0.025414573159965093,-0.006807332432023583,-0.025424182632783898,-0.006810244175525448,-0.02543379103800214,-0.03221864938244123
2004-08-31,0.0006236612512295903,0.006972448261136854,0.00061661448373318,0.00696136687444171,0.0006095700643762303,0.0069502842563444744,0.0024363084463356888
2004-09-30,0.0440279774260115,0.018723492729254332,0.043676667378192535,0.01871590556524616,0.043325708289462694,0.018708317558125742,0.010036496067808098
2004-10-31,0.003142016605211184,0.014370667659095337,0.0028033636415480956,0.014358187802060884,0.0024648235245905425,0.014345706558221316,0.012885182918578542
2004-11-30,0.06281133042293696,0.047277567331406534,0.06245408602913516,0.0472660866276422,0.06209719852283935,0.04725460974950413,0.04451727071731315
2004-12-31,0.004520718776971577,0.026638480606252513,0.004174965216362736,0.02663134080686791,0.003829557063905753,0.026624203386623746,0.030121013234068572
2005-01-31,0.009578437284286645,-0.015655923288764084,0.009566792330362617,-0.015664427973295814,0.009555143493494178,-0.015672933602898342,-0.022420838791517128
2005-02-28,0.08739240760956357,0.03301628147766178,0.08702988305293369,0.03300051666339754,0.08666723761449191,0.03298475710231985,0.02090380191476604
2005-03-31,-0.003977677141404068,-0.013511274598001721,-0.004326383907103826,-0.013525962525934077,-0.004674974475947669,-0.013540642298436989,-0.018292641674737764
2005-04-30,-0.03338821738884146,-0.0223227195010961,-0.03371047502598501,-0.02233220358078225,-0.03403284011815877,-0.022341684500161718,-0.018735432933851603
2005-05-31,0.006627885032003844,0.027619479984350104,0.006606969411777408,0.02760141551781592,0.006586060761101242,0.027583353058221904,0.03222457004465351
2005-06-30,0.03643325558059285,0.005821935201594686,0.03642783620676626,0.005812832791608713,0.036422418638795584,0.005803733414748491,0.0015153432281702628
2005-07-31,0.042654626574398335,0.04132239446295327,0.04230701709729412,0.04130743252569258,0.041959291711727964,0.04129247557408222,0.038261135559638726
2005-08-31,0.020429213286520476,-0.008331960593877086,0.020078958801452274,-0.008340110941740142,0.019728821028974997,-0.008348260384109074,-0.009374620023362756
2005-09-30,0.03688247979928505,0.013539400921951827,0.03653679469183402,0.013525374560459102,0.03619099431759176,0.013511355987063212,0.008025827076304726
2005-10-31,-0.05905138398542864,-0.02373659625654123,-0.059057935445554266,-0.023743443462925673,-0.0590644890902281,-0.023750289908594513,-0.02365089182162572
2005-11-30,0.008898289335950382,0.035570603306506854,0.00854678443309509,0.035554976753973344,0.008195630683988764,0.035539344990852095,0.043952260227118956
2005-12-31,0.020481182377784846,0.006323805841560226,0.020477478055435094,0.006313373909903275,0.020473774967447733,0.006302943137221906,-0.0019136690865884098
2006-01-31,0.057335570623314513,0.032541084894124106,0.056980687851875045,0.03253201348808088,0.056625923335274164,0.03252294107399223,0.024014274521899637
2006-02-28,-0.025787095849485686,-0.002515750793493865,-0.026116514882432607,-0.002523597351717144,-0.026445824145624575,-0.002531441295291703,0.0057253618907793236
2006-03-31,-0.0022858926141363645,0.012417470292318544,-0.0026321565175342343,0.012409237897932357,-0.002978305038091822,0.012401000927451777,0.016504147665580948
2006-04-30,0.036557552246692326,0.01617007805037618,0.036544277487503996,0.016159695690745934,0.03653099830192086,0.016149312177391684,0.012631826487732534
2006-05-31,-0.05171030936327825,-0.022855317073652737,-0.052342397142406294,-0.02286565936835594,-0.05297427429581625,-0.022876002812330598,-0.030121191582207496
2006-06-30,0.010505473376343222,0.006675493637500862,0.010168144461811579,0.006665355191028954,0.009830927952782842,0.00665521561793736,0.0026086316455855574
2006-07-31,-0.017650589354949897,0.0023553782952319136,-0.017979806709441104,0.0023476184201911554,-0.01830891436138138,0.0023398594072621126,0.00447803263005464
2006-08-31,-0.002841982060681314,0.02113166045650572,-0.0028614291412293325,0.02111109193535765,-0.002880869741577863,0.021090521128564355,0.021822526303749257
2006-09-30,0.003157418727250283,0.01622103170727396,0.002806491369938824,0.016209471827704602,0.002455680949434269,0.016197910663561688,0.027001002150824016
2006-10-31,0.032180978220564205,0.036982777573335346,0.031836860541544,0.03696841756077163,0.03149262811838316,0.036954059143587514,0.031517791716202614
2006-11-30,0.024078951753029987,0.02434090700598679,0.023734584720464635,0.02433260460174913,0.023390332438660844,0.024324301274919913,0.01988473682778169
2006-12-31,-0.00919518350098536,0.0090747723188771,-0.009855609974239177,0.009064854602781613,-0.010515816378691478,0.009054942393468712,0.013371091373036492
2007-01-31,0.009685632786119891,0.01776475382845355,0.009668499073597348,0.017755255976017237,0.00965135964793351,0.01774575495657471,0.015040409952910894
2007-02-28,-0.0005946868166893937,-0.008680020887047779,-0.001269899710323763,-0.008686231928424437,-0.0019444380656036264,-0.008692442279762624,-0.01961725582085405
2007-03-31,0.007334329412616913,0.01710172782674113,0.00697934203400008,0.017091456529196414,0.006624709288129749,0.017081190934759904,0.011589244406438048
2007-04-30,0.017959674910856815,0.04151566240978566,0.017619735513496604,0.041505425080260894,0.017279909391510362,0.04149519116204248,0.04429559382195625
2007-05-31,0.02818005677380797,0.03652707811661515,0.027833594994805422,0.03651952164055383,0.027487248664579855,0.0365119643247902,0.03391925765322523
2007-06-30,-0.027470819421176018,-0.01680991904696172,-0.02780738819810813,-0.016820764914979414,-0.028143844822832387,-0.016831609578034756,-0.014620288755391897
2007-07-31,-0.02372195386509235,-0.03165716390129347,-0.024050040058906097,-0.03166507173587163,-0.024378016927096846,-0.03167297869189878,-0.03131032367467168
2007-08-31,0.00918144451407188,0.013189604960943235,0.008840516218870498,0.013177823540023947,0.008499701528565495,0.013166040809912127,0.012833309291998551
2007-09-30,0.06628905749773728,0.0411384430292443,0.06592782836397526,0.041133252787897145,0.06556696009847851,0.04112806196979202,0.03871421377975781
2007-10-31,0.017990679680545796,0.020685062489794293,0.017985764391251102,0.02067579671245423,0.017980847462980343,0.02066653402267793,0.013566173921533586
2007-11-30,-0.04044541533912738,-0.031579926934475755,-0.04045081913554227,-0.03159330346858735,-0.040456224733823265,-0.03160668148914547,-0.03873254331059861
2007-12-31,0.036287520490712044,-0.0037847579305071433,0.03594079723254762,-0.0037998757651545034,0.03559418951029136,-0.0038149919202289384,-0.0112607534477005
2008-01-31,-0.08357791822307936,-0.0573591550201088,-0.08389064266623791,-0.05737339880795822,-0.08420326290265157,-0.057387641013340374,-0.06046074802334822
2008-02-29,0.02489082531243647,-0.01957938370383061,0.02487258035106854,-0.0195971190798504,0.024854329306019274,-0.019614852485491663,-0.025842650958026625
2008-03-31,-0.0002583245028304759,-0.0034689687476758824,-0.0005916272784590726,-0.0034901394248630924,-0.0009250411920587176,-0.00351130775001407,-0.008942530609782229
2008-04-30,0.05337151721453126,0.044089937070260765,0.053008309567543765,0.04407773125560066,0.05264546476535803,0.04406552137097863,0.047662799934353295
2008-05-31,0.044542002131849445,0.024877740454301467,0.044529782669592066,0.02486808038505095,0.044517567279131365,0.024858419242340224,0.015116166740986703
2008-06-30,-0.02797953530638242,-0.07084315350207071,-0.027992650246960404,-0.0708602138560448,-0.028005769560643157,-0.07087727610582428,-0.08357589427543011
2008-07-31,-0.05508587425244482,-0.014663170371366996,-0.05510509017464271,-0.014688621930683987,-0.055124299693668055,-0.014714070662364076,-0.008985659862484674
2008-08-31,0.0010343760850810568,0.014471612044138826,0.0006633574114927043,0.014444195792036707,0.00029246236958480054,0.014416776493345829,0.015453543637908629
2008-09-30,-0.11342664619501808,-0.0989792231598351,-0.11373081211157998,-0.09899236075642459,-0.1140348766732876,-0.09900549981290985,-0.0941734269131016
2008-10-31,-0.15123228276874157,-0.16856688702833345,-0.15152200511966962,-0.1685835505717257,-0.15181163092866168,-0.16860020856245395,-0.1651865989829947
2008-11-30,-0.02715481037598233,-0.0676978681400573,-0.02749973008224249,-0.06772041317914557,-0.027844534853579406,-0.06774295571350808,-0.0696070674069087
2008-12-31,0.007938663660507883,0.013730864461549253,0.0079296277057741,0.013698589721158339,0.007920594762021338,0.013666318566451174,0.009796741146805621
2009-01-31,-0.020425514471952066,-0.07943828584473622,-0.02076440768692145,-0.07945446737185458,-0.021103187975128224,-0.07947064710122598,-0.0821142595667923
2009-02-28,-0.10963614000587307,-0.11210610721925018,-0.10965078448524135,-0.1121362648360873,-0.10966543384773042,-0.11216642580414282,-0.10744902944683987
2009-03-31,0.04097445315998849,0.0912919734865898,0.04095521659112755,0.09126538254183214,0.04093598643231933,0.09123879455129491,0.08331045719675667
2009-04-30,0.017546094006733348,0.1082781594484219,0.017538012290642557,0.10824925501554428,0.017529933267559805,0.1082203473707064,0.09934630519631082
2009-05-31,0.052105310360665014,0.05874870209418148,0.051746806466794526,0.058722173022599966,0.051388422034401415,0.05869564689836593,0.058453544993506856
2009-06-30,0.0031504629468666057,-0.003129225793038093,0.0028160237193466386,-0.0031437805622640536,0.002481472974911858,-0.0031583304815170354,-0.0006555140024138151
2009-07-31,0.07356654319343803,0.07781361998205183,0.0735553587376685,0.07779293845725421,0.07354417055250373,0.07777225923014819,0.07460625346774385
2009-08-31,0.020933787448475183,0.03494775576485809,0.020582308590775034,0.03493308713637022,0.02023118086080511,0.0349184168778538,0.03693981600708618
2009-09-30,0.028579585793472972,0.036630958007845216,0.02857476981255025,0.03662193383830892,0.028569952225765638,0.03661290866597522,0.03545675639355883
2009-10-31,-0.014790381706068056,-0.0225375761147405,-0.015124479466481655,-0.022543184209401823,-0.015458465898084417,-0.022548794174051423,-0.01922494444763212
2009-11-30,0.07505989563123938,0.06308304697899292,0.07470094021502649,0.06307248686682154,0.07434210441074796,0.06306193027351514,0.06160698304671275
2009-12-31,0.04158988713079759,0.023002095142326873,0.04157934778796024,0.02299059412765203,0.04156881195706674,0.022979094390725985,0.01910108179045822
2010-01-31,-0.0669076514175756,-0.036224230260040846,-0.06691195488070767,-0.03623112200629863,-0.06691625690983016,-0.03623801451839126,-0.03634239970542563
2010-02-28,0.03680011777314984,0.030477493060914407,0.036439962920624236,0.030464721849789544,0.036080167863155266,0.030451949219483465,0.031194298281693733
2010-03-31,0.08442811942360517,0.05789723370995414,0.0837037519561381,0.05788846433073913,0.08298010813249435,0.057879695925791674,0.06087962031097516
2010-04-30,0.038693314333731355,0.016504898602080154,0.03868890721189722,0.016493951707775123,0.03868450155861436,0.016483006029656577,0.015470277002783916
2010-05-31,-0.08437369059345767,-0.07806476612868052,-0.08438164320100539,-0.07807738414190746,-0.08438959846030625,-0.07809000636254193,-0.07945493788052893
2010-06-30,-0.07685334672651412,-0.05086773151099344,-0.07716423694976426,-0.05088146431359741,-0.0774750235774716,-0.05089519864223735,-0.05174062962219861
2010-07-31,0.08481750618363892,0.07559606285478071,0.08444920540174738,0.07558410434931884,0.08408102734587408,0.07557214717243199,0.06830044776853872
2010-08-31,-0.062420614366582194,-0.0379777889550299,-0.062426556803088507,-0.03798851952496707,-0.062432497259442665,-0.037999246519238805,-0.04498018752645505
2010-09-30,0.10241352427527106,0.08422227891677125,0.10204501028811341,0.08421089200751863,0.1016766190980194,0.0841995038329133,0.08955450196006631
2010-10-31,0.030444975151164178,0.037723439699072214,0.03010143623629502,0.03771395696286661,0.02975778277026997,0.03770447106469477,0.03820184433259244
2010-11-30,0.013549615130494574,0.001141951791636897,0.01321170894108592,0.001133497013344531,0.012873690078723188,0.0011250431743674572,-6.661338147750939e-16
2010-12-31,0.059117342609241064,0.06592263055094705,0.058763276621945026,0.06590880210811068,0.05840932861731707,0.06589497520159737,0.06685252516776985
2011-01-31,0.03626557141642062,0.018828076952961403,0.03591603252981512,0.018817211325142358,0.035566610117347075,0.01880634690448124,0.023300014371130162
2011-02-28,0.032507296858264256,0.03376217689928418,0.03214778274602681,0.033752024191091134,0.03178838843189413,0.0337418726108516,0.034737112196211894
2011-03-31,0.019495859182095954,0.005069887121310179,0.019145451609750008,0.00506094969544213,0.018795394094918594,0.005052013262511368,0.00012055164796453965
2011-04-30,0.024058188987222673,0.031111795686097343,0.023714988891061717,0.03110466702737691,0.02337190315681248,0.031097539160641174,0.02896113685597035
2011-05-31,-0.0288186595964659,-0.007985031649713759,-0.029149479782113463,-0.007994735467706793,-0.029480189731111883,-0.008004438207617981,-0.011214328332283308
2011-06-30,-0.009533426719540716,-0.013362603312339405,-0.009534915089366436,-0.013374992525378437,-0.009536403955481276,-0.013387380361990942,-0.016869542226564338
2011-07-31,-0.011938059130530254,-0.021696896810734945,-0.012273273365187909,-0.021703260993336304,-0.0126083758990011,-0.02170962446888458,-0.020004743271380132
2011-08-31,-0.07489583926432253,-0.048473523072100066,-0.07490560494866172,-0.04848511882240514,-0.07491536737885718,-0.04849671586127102,-0.05497528555682496
2011-09-30,-0.12602169887056158,-0.07679230063180109,-0.126029799292111,-0.07681053829116524,-0.12603790241470159,-0.07682876987333542,-0.06942107631144545
2011-10-31,0.11440912498747524,0.11321646976595856,0.11402733857011604,0.11318779021152969,0.11364567937248982,0.1131591074701297,0.10914742693759338
2011-11-30,0.010709856777719073,0.0003859566383983548,0.01001288104573117,0.0003653542974939583,0.009316601593196028,0.0003447496671864503,-0.00406419638361144
2011-12-31,0.015464156163470966,0.009100324079965194,0.015122695068964465,0.009093944618000283,0.014781575094432009,0.009087564447127328,0.010448655311760646
2012-01-31,0.002888281544845439,0.04282354315481318,0.002552063531742199,0.0428174486852968,0.0022159575539648646,0.042811354892867914,0.046374330782323225
2012-02-29,0.01808173977393257,0.03360941733859346,0.018072834633622747,0.03359337332910384,0.018063932460703702,0.0335773275367488,0.043405309684624305
2012-03-31,0.029750417692354647,0.025703170509002726,0.02974524917009913,0.025691965430692854,0.0297400823701095,0.02568076159725341,0.03216350235995602
2012-04-30,0.0007744531047149117,-0.003496552662471064,0.0004353976809399196,-0.003508452157515718,9.645523797985334e-05,-0.0035203529748738527,-0.006675416404331336
2012-05-31,-0.04382511595327532,-0.0555318389573618,-0.04414962459062444,-0.055537114473367066,-0.044473809043520496,-0.05554239057560606,-0.06005545104516463
2012-06-30,0.02624110872468255,0.041179331935917496,0.025884844806040253,0.04115971049920386,0.025528936795408796,0.04114009560079013,0.040580876848612446
2012-07-31,0.02182963453211162,0.012743935149807761,0.02148715074724361,0.012738729380318281,0.021144781085595366,0.012733525345507424,0.011829574796741404
2012-08-31,-0.012848527870533144,0.01705257744401134,-0.01317763638132341,0.017046282470162932,-0.013506848292093476,0.017039988195678424,0.025052553794352228
2012-09-30,0.024086728790023715,0.025125046919862504,0.02340411807261633,0.025116067183852175,0.022721734816295136,0.02510709044008963,0.025351050438293443
2012-10-31,-0.01916280515117552,-0.011305206464571227,-0.019492328076839094,-0.011311609511181708,-0.019821741198129073,-0.01131801326932047,-0.01819796240435667
2012-11-30,0.016719886603702383,0.003919724398129709,0.0163677256383572,0.003911871178904125,0.01601568202088499,0.003904017087001499,0.005659369833464822
2012-12-31,0.016615354418988204,0.010395246173854122,0.016274678757362437,0.01038845884529449,0.015934116616450167,0.010381670762503514,0.008934328523188428
2013-01-31,0.06449037415626657,0.05520395496456887,0.0644775462862417,0.05519286539909163,0.0644647226907491,0.05518177952890446,0.05119062513314332
2013-02-28,0.013542268832620552,0.013099635305973578,0.013537771202197124,0.013092721193872281,0.013533275070484851,0.013085806313451576,0.012758984114092264
2013-03-31,0.04818602655724935,0.03827315358102945,0.048183562210773134,0.03826694961678734,0.04818109704257445,0.03826074496313914,0.03797088254657788
2013-04-30,0.028463640378385335,0.020321529621920797,0.028118609004751605,0.020314917956626655,0.027773692603251243,0.0203083070258796,0.019212198454385376
2013-05-31,0.02075989759057384,0.01328553299350288,0.020416535991718776,0.013276860685710323,0.020073288808591716,0.01326818548618447,0.023610011422088073
2013-06-30,-0.002469954982781686,-0.012839752533473692,-0.002802520425360999,-0.012855545664108625,-0.003135196760051917,-0.012871347573582548,-0.013344602640762981
2013-07-31,0.05928130986202418,0.05207724236450639,0.059276162092692264,0.05207114483345454,0.05927101603871221,0.05206504526921485,0.05167708637545387
2013-08-31,-0.03833844696106026,-0.02856248817375351,-0.038340651671492476,-0.028566190138302305,-0.03834285564726647,-0.028569893337250907,-0.029992561304787224
2013-09-30,0.03816758231573969,0.03213372680908755,0.03816207751040945,0.03212522601149059,0.03815657086953261,0.03211672237934993,0.03164623506387043
2013-10-31,0.04069308497721491,0.04507449934909147,0.040688069766266155,0.04506871467776463,0.04068305622649837,0.04506293064910749,0.04630708871022837
2013-11-30,0.037797878871778545,0.02259318072274019,0.037451888580439796,0.02258976329057183,0.037105782920547226,0.022586346238075983,0.029637705464341524
2013-12-31,0.024176174178565546,0.024895977597563013,0.024172952185345098,0.024887550378121626,0.024169731265763605,0.02487912222221844,0.02592581172464503
2014-01-31,-0.031155655438802166,-0.031376538494112816,-0.03116115759564486,-0.031382568800079724,-0.0311666615871512,-0.03138859843608699,-0.035247832247327526
2014-02-28,0.05567266943875704,0.048512188031189174,0.05565707354039828,0.048497281088640376,0.05564148283893977,0.048482379113416796,0.04551592231826618
2014-03-31,-0.01058565519384036,0.010094385355608804,-0.010588894017277362,0.010087983714913262,-0.01059213392068259,0.010081582785432142,0.00829552207009221
2014-04-30,-0.0021830635156881995,0.012195764691059985,-0.0021887790218584335,0.012189628308362455,-0.002194492623495359,0.01218348987952167,0.006951517592542089
2014-05-31,0.029322914251164622,0.020333336816091396,0.028979724374567306,0.020321695603291223,0.02863647016029991,0.02031005826960164,0.02320644590112142
2014-06-30,0.014046265114348033,0.022403800629801074,0.01404334409814667,0.022398186631562345,0.014040424055294043,0.02239257200947642,0.020644756705541445
2014-07-31,-0.019970546510190146,-0.023034035962137156,-0.019975301087628905,-0.02303978432116982,-0.019980054080736886,-0.023045534596962014,-0.013437657596139019
2014-08-31,0.03569836625339429,0.04064704518923201,0.035008015734312004,0.04063998148411052,0.034317895255389086,0.0406329154236349,0.03946340014833427
2014-09-30,-0.008992320330444725,-0.016538318735629942,-0.009322711288827445,-0.016542278322575932,-0.009653212414252432,-0.016546237469617142,-0.013796117628790072
2014-10-31,0.014766492986037605,0.02367292093302953,0.014761486454402561,0.02366294890328602,0.014756481591054582,0.023652975765416917,0.023550777201827522
2014-11-30,0.03291226067345576,0.02080961126970582,0.032899320184507364,0.020797280415798758,0.03288637538062411,0.02078494819164467,0.02747187704701992
2014-12-31,-0.004257811606369621,0.0009861351917621608,-0.004589780997399373,0.0009756206784781174,-0.004921861081790713,0.0009651049967842606,-0.0025365587996344363
2015-01-31,0.000385799198533876,-0.02306750226238452,0.0003750344238906411,-0.023073807099028953,0.00036427323631049724,-0.023080111235213474,-0.029629099053928187
2015-02-28,0.006109790332937903,0.04684928462354421,0.0057743644985208675,0.04684023953822014,0.005438826818211062,0.04683119545779424,0.05620452730682812
2015-03-31,-0.007002287968574494,-0.01670736028815678,-0.007029876332602214,-0.016724222712778514,-0.007057473895818123,-0.0167410907600829,-0.015705548416452553
2015-04-30,0.007992135718426274,0.011229304187580169,0.007318715865305636,0.011221221469033482,0.006645968759290799,0.011213136055349349,0.009833904549260586
2015-05-31,0.025570616183827388,0.007297219356553475,0.02556474983104562,0.00728783740745631,0.02555888543306306,0.007278458584633274,0.012856125028566145
2015-06-30,-0.01316499566055418,-0.024774063964742576,-0.013171383651082391,-0.024781529770154465,-0.013177769512989546,-0.02478899806499746,-0.02031199191641797
2015-07-31,0.03569347317405325,0.014807340729927176,0.03568287521351965,0.01479589141239801,0.03567227371915482,0.014784443366873123,0.0225892285445779
2015-08-31,-0.070313592068318,-0.057271080354504456,-0.07062485463733337,-0.05728844290714208,-0.07093601348673284,-0.05730581124922696,-0.06095027068797765
2015-09-30,-0.01969556305415976,-0.0267455806835587,-0.019700359171105797,-0.0267511524084858,-0.019705156887290576,-0.02675672475256219,-0.02551578447133307
2015-10-31,0.07472412734891853,0.08154267352805267,0.0747127684960005,0.08153018542005808,0.07470140585553553,0.08151769592434177,0.08505981916712657
2015-11-30,-0.00489893892522375,0.0011327650349786111,-0.004904023515811762,0.001120937177651049,-0.0049091098018281265,0.001109110634384347,0.003655103393894077
2015-12-31,-0.010865688506325966,-0.019995852617566534,-0.011196628991905766,-0.02000046911247666,-0.011527459200748713,-0.02000508612038776,-0.017282573483057173
2016-01-31,-0.05542001432484178,-0.04455388010349148,-0.05542672418216865,-0.044567619375790124,-0.05543343180362226,-0.044581354069857415,-0.04978661101011139
2016-02-29,-0.00024241395869317728,0.009004092220535664,-0.000575722038720361,0.008985519493035499,-0.0009091412584874003,0.008966948828943,-0.0008261019750764875
2016-03-31,0.07711800593956153,0.06983494797051293,0.07675605319040502,0.06982245430415857,0.07639422105196081,0.06980996757487645,0.0672658951756624
2016-04-30,-0.030749818937776285,0.014813410231063084,-0.031076545911597808,0.014807099335689466,-0.031403164012718476,0.01480078773902771,0.003941272553317665
2016-05-31,0.0053166851109920366,0.010491665857694343,0.004981523689051359,0.010475879381521835,0.004646250509384275,0.010460094659207053,0.017011391320004066
2016-06-30,0.03942891269744875,0.011931606786755866,0.03942392568013897,0.011925081740981724,0.03941893699993648,0.011918555970122924,0.0034760386200898274
2016-07-31,0.021233366957955635,0.028788694522886793,0.020892899090992456,0.02877648431380475,0.020552317696896694,0.028764278173436075,0.036471416747427376
2016-08-31,-0.016212086658541014,-0.003281882277307857,-0.016555898289283832,-0.003295844820784488,-0.01689936645186385,-0.0033098120199945846,0.0011973785539964865
2016-09-30,0.002347413320436642,7.65678135963288e-05,0.001998993622991163,6.332450231050224e-05,0.0016506900267445612,5.0079719381646015e-05,5.782707655388464e-05
2016-10-31,-0.022750317883428406,-0.01577395092239753,-0.02340170910630257,-0.015781017423089017,-0.024052883271121317,-0.015788081569065526,-0.01733695937701074
2016-11-30,0.016831283047260337,0.039607447596808676,0.016490091776966365,0.03959728269195173,0.016149014199198453,0.03958711891640343,0.03683872372945274
2016-12-31,0.03884737501642621,0.019334621788834383,0.0384706754035955,0.019306188163087823,0.038094352114053764,0.019277751377698715,0.02027159158976044
2017-01-31,-0.009641999869030249,0.018313093750421894,-0.010631862937626968,0.018305479649262324,-0.011620737132029157,0.01829786470199779,0.017894508484489036
2017-02-28,0.010225702306714046,0.03386210046645122,0.009877198674366205,0.03385147381518605,0.009528811171186202,0.03384084598305104,0.03929183789281088
2017-03-31,-0.01256254157287584,-0.0013889648448306424,-0.01257699444321303,-0.0013982675123522803,-0.01259144249753208,-0.001407573281797192,0.0012496404729673838
2017-04-30,0.009598715851240724,0.008045005511429837,0.008918506092074452,0.008036522407578461,0.008238975863137377,0.008028038361055367,0.009926278755805429
2017-05-31,0.01513600050378372,0.010789136063913851,0.015130723387603684,0.010782426556923408,0.015125444511798314,0.010775716304349592,0.014112835979445348
2017-06-30,0.016617096173750845,0.005616965265242246,0.016608959927971734,0.005608195074930711,0.01660082096920612,0.005599423910044976,0.00637517071314031
2017-07-31,0.022007360576258073,0.01855380205929902,0.02198962030725249,0.018538434055538344,0.021971885949699566,0.01852306434403239,0.020554078814655208
2017-08-31,0.0053576214031549885,-0.0011211717374746133,0.005345469363582378,-0.001128451343312964,0.005333321373339972,-0.001135728523424695,0.0029177722427360386
2017-09-30,0.03373080173945375,0.02458778057786959,0.03372292937372312,0.02457797233013781,0.0337150543829956,0.024568162992479436,0.020149295816114243
2017-10-31,0.03386014417135308,0.018672798474945518,0.03385082496312197,0.018658213346477437,0.03384150264745234,0.018643629838399622,0.023564159150457398
2017-11-30,0.030132884286524275,0.031068860144391364,0.030121098106326905,0.03105893507600066,0.030109315853547036,0.03104900890470197,0.030566051074111478
2017-12-31,-0.010768806253603103,0.01113558334544651,-0.011433024467829234,0.011128597540059237,-0.012096579127396034,0.011121610958385153,0.012127826614485748
2018-01-31,0.051903790591623755,0.04542952826253921,0.051553097545918636,0.045417185354819756,0.05120228756355316,0.04540484107551368,0.0563592143659728
2018-02-28,-0.03068482462247335,-0.04731363306617853,-0.03133092705565277,-0.047325897916124626,-0.03197681419311971,-0.04733816412898295,-0.03636065152858203
2018-03-31,-0.031492941888981774,-0.017347589651452222,-0.031819680222899716,-0.017358045141616874,-0.0321463096803325,-0.017368499470189813,-0.027410375932548137
2018-04-30,-0.012572430385931477,0.008733270921856606,-0.012903788820952555,0.008723591787332063,-0.013235036839967407,0.008713915878109768,0.005168256025037454
2018-05-31,0.029564509822157747,0.014851075534246139,0.029555450362850122,0.014838043194192352,0.02954638788271624,0.01482501230201505,0.024308944737690075
2018-06-30,-0.0026452261940023147,0.00931225153237758,-0.0029901921800724596,0.009300407682500289,-0.003335043215797917,0.009288562516493126,0.005751083748707808
2018-07-31,0.019301899855406646,0.03656090413056945,0.018962075918131926,0.03654715616780768,0.018622138668440424,0.03653340973242769,0.037046389585907225
2018-08-31,0.027083767243677004,0.016567135744696815,0.027082171959381007,0.016558462453092337,0.027080576143146295,0.016549790125079067,0.03192011297328956
2018-09-30,0.009883005042231607,0.004950707662431109,0.009865861380701446,0.0049412544201332675,0.009848712002711979,0.00493180222807843,0.005945153757609178
2018-10-31,-0.0802002019598056,-0.06308742170341364,-0.08051398512754704,-0.06309601075478388,-0.08082745482559017,-0.0631045969440911,-0.06910422214444623
2018-11-30,0.02863112949329305,0.025339387373353617,0.02862716118238695,0.025318909203073448,0.02862319419381021,0.025298437856575928,0.01854924956231585
2018-12-31,-0.08597705470094086,-0.08868570003236154,-0.08598804467914589,-0.08869296097487855,-0.0859990309952452,-0.08870022272425693,-0.0880482122683548
2019-01-31,0.06665214509324979,0.07445188976866723,0.06629490283561146,0.07444362811167538,0.06593777961904479,0.07443536737254308,0.08006554271048771
2019-02-28,0.02162959795049013,0.03258946903960269,0.021625117184724818,0.032581027346142655,0.021620634924872872,0.032572588465642704,0.03241567420725522
2019-03-31,0.023096396485792425,0.01686181168464862,0.023092523790900987,0.016854379072200665,0.023088649804680728,0.016846948936464434,0.01810035016487821
2019-04-30,0.012183932838354172,0.03236574556355154,0.01217578162966837,0.03235710387934709,0.012167627703007167,0.03234846315522333,0.04085230979851073
2019-05-31,-0.04332909057295786,-0.0633687619667832,-0.043966764900187916,-0.06337943069452268,-0.044604226740137976,-0.06339010060780803,-0.06377098233656975
2019-06-30,0.051612837988731286,0.07496918419870835,0.051262241943393905,0.07495192657937455,0.050911528993740074,0.07493467087734151,0.06958653269619752
2019-07-31,0.003349421104666961,0.0071252977514912885,0.0030014762885686164,0.007115364590159157,0.0026538790696903902,0.0071054325323893774,0.015119464131618576
2019-08-31,0.02110989660512863,-0.01613726170221419,0.020769469901809945,-0.016144191271531327,0.02042892968508525,-0.016151118531761877,-0.016742996277371636
2019-09-30,0.025541774395605676,0.02626079066727849,0.02552675915392877,0.02624663675753469,0.025511738905501957,0.02623248756418861,0.0194573726939149
2019-10-31,0.009127984052528682,0.010491121184954988,0.009125493570790066,0.010487222178269917,0.009123002258613289,0.01048332273831365,0.022104566181296637
2019-11-30,0.013809575641975824,0.02839646659122641,0.0134633938795361,0.02838450169191309,0.01311732747256511,0.028372535463018878,0.036198315164828854
2019-12-31,0.03453136451070482,0.030574786698677858,0.03452251779615079,0.030566627185001805,0.034513674029518215,0.030558468577837505,0.02905553287774576
2020-01-31,-0.006689504687511949,-0.013104695132108768,-0.007351601334946056,-0.013111977691728782,-0.008013477357038723,-0.013119259442265885,-0.0004036616312370622
2020-02-29,-0.08345134673935561,-0.09384230614649836,-0.08406227735309402,-0.0938599059718539,-0.08467300439115244,-0.09387750384188998,-0.0791659033883716
2020-03-31,-0.08032093857245659,-0.14575181238366464,-0.08032432026858838,-0.14576057364793737,-0.08032770309232862,-0.14576933588579244,-0.12487136019010825
2020-04-30,0.08085812316036689,0.13394592845525777,0.0808378061646875,0.13390018223808697,0.08081749593908327,0.13385442076709242,0.12698388656906845
2020-05-31,0.051750996103271385,0.0436691719447142,0.051390776223638746,0.043646033926367345,0.05103067637728809,0.04362289847862577,0.047645018702215935
2020-06-30,0.015959702185618596,0.005922644744928762,0.015610865898996185,0.005912669436104689,0.015262145852390274,0.005902693018790206,0.017734463074893236
2020-07-31,0.05807171554435442,0.04828053412664857,0.057710144816261355,0.04826532588612098,0.057348694571582204,0.04825011933520984,0.058892199892697894
2020-08-31,0.08005667387360815,0.04657638596046443,0.08005159190479971,0.0465676085208826,0.08004651162941645,0.04655882620223539,0.06979692797554304
2020-09-30,-0.030637090260701938,-0.0298587814712431,-0.030658067816505152,-0.029878875750899425,-0.030679052367158732,-0.02989897226350169,-0.03744380566532124
2020-10-31,-0.03790462597006761,-0.017687245370231586,-0.037914577940166616,-0.01770496948543876,-0.037924533228696045,-0.01772270345285043,-0.0249334708936767
2020-11-30,0.09796572760432842,0.12307500287645756,0.09795729439023404,0.12305807863048757,0.09794885836413059,0.12304115250383774,0.1087767797819772
2020-12-31,0.03395912516680499,0.03138909349488528,0.03361441467333348,0.0313663157755637,0.03326958923805057,0.03134354058681921,0.037048335386989484
2021-01-31,-0.00833834822236268,-0.010304359165921428,-0.008342488910886292,-0.010313277443146585,-0.008346628219640606,-0.010322194729561973,-0.010190465598828635
2021-02-28,0.016751177178631504,0.040637002178333326,0.01674208964539825,0.04062606716200046,0.01673299908197734,0.04061513093053093,0.027805486239884436
2021-03-31,0.04636532433187113,0.06119332016314871,0.04635426657722119,0.0611583974898986,0.04634321250726092,0.0611234786965138,0.0453993039013052
2021-04-30,0.039994031517607276,0.041751324230241194,0.03964661086644816,0.041740712400807345,0.03929930598358444,0.0417301017503342,0.05291062767407029
2021-05-31,0.045496082376899505,0.017106677004757653,0.04479920113552183,0.017100526484242318,0.04410255211048586,0.01709437391287061,0.00656599035145522
2021-06-30,-0.035187402742315355,0.004361186639835424,-0.03519246505518203,0.004345766724978661,-0.035197529056049004,0.004330348523256422,0.02242747467090167
2021-07-31,0.008531615408893245,0.011926019160196422,0.008523136134358955,0.011908399539314107,0.008514654032456992,0.011890781875950607,0.024412406703685496
2021-08-31,0.012466133374595012,0.020893162411982358,0.012126148997980035,0.020878407695800405,0.011786277911726595,0.020863648059739726,0.02975986398869046
2021-09-30,-0.0002891183315962831,-0.03290451376619208,-0.0006347880860806399,-0.03291168228100749,-0.000980342655708788,-0.032918849999409194,-0.04660544542555767
2021-10-31,0.08266469337252635,0.07332034436205248,0.08229442094977313,0.07329680781301473,0.08192427191003326,0.07327327910687953,0.07016342413634646
2021-11-30,-0.01921310010015187,-0.016349850065053295,-0.019543103048343058,-0.016358801385028432,-0.019872996032206602,-0.016367747734809424,-0.00803476269315262
2021-12-31,0.03191209063570932,0.057480973867636065,0.031887361568771366,0.057468106845405265,0.031862640742109205,0.057455238393345986,0.04624767556565468
2022-01-31,0.0389223221029491,-0.023786454346997554,0.03891889990122621,-0.02379277728056861,0.03891547883985691,-0.02379910091676596,-0.0527410561094831
2022-02-28,0.003481570862293948,-0.01027401322678101,0.00343234283577476,-0.01030049537208666,0.0033831312131293867,-0.010326968692951799,-0.029517066320027707
2022-03-31,0.03778006867983641,0.04947096085003899,0.037419762229376374,0.049456398629009746,0.03705957584104613,0.04944183802582636,0.03759027115283997
2022-04-30,-0.07181356644892456,-0.058577489314685094,-0.07212510444256892,-0.058588950882112356,-0.07243653862481969,-0.05860041117617376,-0.08776901888027677
2022-05-31,0.06931350583123641,0.016857707832433233,0.06894670182874796,0.016842561300191017,0.06858002005351826,0.016827419815109934,0.0022573109472578956
2022-06-30,-0.0766280961768463,-0.08723082096468815,-0.07693889507570895,-0.08725055841360219,-0.07724959040946011,-0.0872702892855588,-0.08246053520140839
2022-07-31,0.06117704731786522,0.08487952911763386,0.061136318511246346,0.08485384054526879,0.061095576123830764,0.08482815482687278,0.09208732665383068
2022-08-31,0.0045058929088672706,-0.02585981830387163,0.0044998921322572105,-0.025878188351481257,0.004493893355239642,-0.02589655227778287,-0.040801726995220555
2022-09-30,-0.09664177104437877,-0.08803948590627009,-0.09665090056661263,-0.08804981492857844,-0.09666003313303517,-0.08806014050902589,-0.0924459062953189
2022-10-31,0.11894199412898376,0.098405787919291,0.11892477498854492,0.09839175489463203,0.1189075615859072,0.09837772342902418,0.0812754252014265
2022-11-30,0.048199839667016464,0.05937712683060692,0.04816486301675371,0.05935621964459159,0.0481298980214897,0.059335314781339354,0.055591402261263356
2022-12-31,-0.020908144102976367,-0.04605521376079802,-0.02092117800221005,-0.046065348806843764,-0.02093421624752534,-0.046075487232364654,-0.05762809868681962
2023-01-31,-0.0002046218434731406,0.046642926985415833,-0.00021519400122715915,0.04662735899285608,-0.00022576968420884302,0.0466117892703275,0.06288735478705498
2023-02-28,-0.05766956862533168,-0.03100207007714717,-0.05799212913169849,-0.03102610873549061,-0.058314582153725314,-0.031050144723168804,-0.025142669311109533
2023-03-31,0.02427739365698267,0.017331604163430825,0.024269200139140912,0.01732399714866295,0.024261003889215704,0.017316387597378302,0.03707788408147117
2023-04-30,0.016167390063072773,0.013261374153249905,0.015485479569414817,0.013242311851763056,0.014804250305021416,0.013223243194056433,0.015974958278720752
2023-05-31,-0.014376798440462135,-0.03234066307089045,-0.014716118211309581,-0.032349926391084693,-0.015055099001367922,-0.032359188682135276,0.004616091989255944
2023-06-30,0.07142334210100865,0.06962319377954085,0.07105797161936445,0.0695994993461917,0.07069272288729778,0.0695758180691084,0.06479998187585889
2023-07-31,0.024484656902368007,0.03282993026851,0.024138906520407177,0.03281630102802491,0.023793271350170064,0.03280267632910583,0.032733083995172274
2023-08-31,-0.024854556145907702,-0.022598283269351538,-0.025179658810970285,-0.02260616475774535,-0.025504869879722114,-0.022614047121957692,-0.016251998125418
2023-09-30,-0.057378433071937684,-0.040891300138174325,-0.05737928372358425,-0.04089956321037136,-0.05738013409177456,-0.04090782536455184,-0.04743450425593587
2023-10-31,-0.026945009623052907,-0.025467416309814972,-0.02727146491349186,-0.025476548529208,-0.027597811421761764,-0.02548568176340449,-0.02170860654584883
2023-11-30,0.10366390985530094,0.07321664097772285,0.10329578121554972,0.07320421468069482,0.10292777524445551,0.07319179252438568,0.09134383362649401
2023-12-31,0.05785269254716652,0.04015975015253326,0.05785085779352506,0.0401437879198594,0.057849022428094754,0.04012782391340597,0.04565533674974431
2024-01-31,-0.008613117840991169,-0.003076959335022167,-0.008619118408981219,-0.003083294175353579,-0.008625120977828193,-0.0030896297196342237,0.015926351762632462
2024-02-29,0.06580208942444954,0.044342483376562214,0.06578646704037117,0.04432927659095798,0.06577084986201864,0.04431606833777013,0.052187002255376314
2024-03-31,0.017165423955550096,0.04368672736353574,0.017163854603571504,0.043676364453107075,0.01716228472830217,0.04366599808722316,0.03270203007828032
2024-04-30,-0.048854349093445326,-0.030997090920590775,-0.049179890661688264,-0.031010584621330106,-0.0495051070135788,-0.031024076822935953,-0.040319857821747185
2024-05-31,0.038448607540328306,0.0320226625494926,0.038095306385542926,0.03201271016918117,0.03774212295856616,0.032002763314899596,0.05058015404012339
2024-06-30,-0.0011374364588552233,0.0015067997134894373,-0.001484902288160117,0.001496480028831737,-0.0018320209987543468,0.0014861614906780396,0.03527987826463441
2024-07-31,0.01182404246009261,0.03206501787579752,0.011486226342451777,0.03205030200520653,0.011148522792660875,0.03203558776953086,0.012109145625789353
2024-08-31,0.024523494283000602,0.026970543479700293,0.024159781791291968,0.02695283548267624,0.02379619049668147,0.026935121581018517,0.023365762880894314
2024-09-30,0.018717272197447565,0.02084055471727475,0.018708063574333078,0.02083014877660916,0.01869885801973714,0.020819741679599657,0.021004261167285154
2024-10-31,-0.0028237393654195753,-0.014874309722070489,-0.003168298581881168,-0.014889437466581668,-0.00351274298354165,-0.01490456689214048,-0.00892360594912911
2024-11-30,0.07506243043213723,0.05939236707683104,0.07468839975932529,0.05938114474583189,0.07431449372185917,0.05936992366161986,0.05963359572627902
2024-12-31,-0.07149566480513136,-0.05811659342531772,-0.071503327650415,-0.05812964340471971,-0.07151099305083208,-0.05814269193428523,-0.02406012170171845
2025-01-31,0.04806889800499037,0.03580272683397956,0.04806225932805752,0.03578992039593443,0.048055618437494285,0.03577711253479321,0.026856562043195975
2025-02-28,-0.012146100006561134,0.0029015820429703076,-0.012480929769154825,0.0028903302263185715,-0.012815647959018017,0.0028790796597299995,-0.012694924005529185
2025-03-31,-0.04089938464640386,-0.028721310081995632,-0.040918038930205514,-0.028734820757161716,-0.04093669943417633,-0.028748332933681064,-0.05571920548668341
2025-04-30,-0.007251040936907316,-0.022467114926052023,-0.007262201861826134,-0.022480570764746965,-0.007273359067675789,-0.022494022119656565,-0.00867017721253871
2025-05-31,0.055727925272299084,0.03897455591610122,0.05572374329088636,0.03895746423205382,0.05571955991501398,0.03894036684887903,0.06284467765338575
2025-06-30,0.017883997892316872,0.029309813687679043,0.0178757933248328,0.029296207162609944,0.01786759149129291,0.029282602149208525,0.051386356458574145
2025-07-31,0.026870885738771833,0.01299759182221183,0.02652315941433092,0.012989026982793694,0.026175548960041928,0.012980459287477597,0.023031466832427183
2025-08-31,0.03501935510438958,0.02389304692465566,0.03466228409805594,0.02388084715072769,0.03430533207572939,0.02386864873217953,0.020519642635701496
2025-09-30,0.04432665954336401,0.015516897211139913,0.04396786549424392,0.015503864836598824,0.043609191003287195,0.015490831013855066,0.03562036212682562
2025-10-31,0.015344711838541247,0.0021561983771778426,0.015003951665596649,0.0021395504718682012,0.01466330504152591,0.0021229007165866065,0.0238374098634071
2025-11-30,-0.014565757551510128,0.018773350404161837,-0.014580917219599865,0.018762000441653326,-0.014596071836151414,0.018750649217897486,0.0019499627157142374
2025-12-31,-0.00027645072200122023,6.852303150628458e-05,-0.0009532763713961945,5.16280002476055e-05,-0.0016294258712907794,3.4731091554496274e-05,0.0007974972632867061
